<?xml version="1.0" encoding="UTF-8"?>
<bb_fieldsList>
    <bb_field field_name="pcpProviderClinicalID" data_type="BIGINT" field_length="15" field_precision="0" descriptiontext="pcp provider clinical ID" doubleclick_uri="" doubleclick="" uppercaseonly="0" field_xref="" field_name_physical="pcp_prov_clin_id"/>
    <bb_field field_name="pcpReferralExternalID" data_type="VARCHAR" field_length="20" field_precision="0" descriptiontext="pcpReferralExternalID" doubleclick_uri="" doubleclick="" uppercaseonly="0" field_xref="" field_name_physical="pcp_ref_extr_id"/>
    <bb_field field_name="pcpReferralID" data_type="BIGINT" field_length="15" field_precision="0" descriptiontext="Pcp Referral ID, primary key for PCP referrals" doubleclick_uri="" doubleclick="" uppercaseonly="0" field_xref="" field_name_physical="pcp_ref_id"/>
    <bb_field field_name="pcpReferralNoteTxt" data_type="VARCHAR" field_length="4000" field_precision="0" descriptiontext="pcp Referral Note text" doubleclick_uri="" doubleclick="" uppercaseonly="0" field_xref="" field_name_physical="pcp_ref_note_txt"/>
    <bb_field field_name="pcpReferralTypeId" data_type="VARCHAR" field_length="2" field_precision="0" descriptiontext="Pcp Referrral type ID" doubleclick_uri="" doubleclick="" uppercaseonly="0" field_xref="" field_name_physical="pcp_ref_typ_id"/>
    <bb_field field_name="pcpRefAlternateIDType" data_type="VARCHAR" field_length="2" field_precision="0" descriptiontext="PCP Referral Alternate Reference Number Type" doubleclick_uri="" doubleclick="" uppercaseonly="0" field_xref="" field_name_physical="pcp_ref_alt_id_typ_id"/>
    <bb_field field_name="pcpReferralAlternateID" data_type="VARCHAR" field_length="25" field_precision="0" descriptiontext="PCP Referral Alternate ID" doubleclick_uri="" doubleclick="" uppercaseonly="0" field_xref="" field_name_physical="pcp_ref_alt_id"/>
    <bb_field field_name="noReferringProviderReasonType" data_type="VARCHAR" field_length="2" field_precision="0" descriptiontext="No Referring Provider Reason Type ID" doubleclick_uri="" doubleclick="" uppercaseonly="0" field_xref="" field_name_physical="no_ref_prov_rsn_typ_id"/>
    <bb_field field_name="radiationMedNecType" data_type="VARCHAR" field_length="1" field_precision="0" descriptiontext="radiation therapy med nec indicator Sourced from product source systems. Values are: A - Authorization N- Notification  E- Excluded" doubleclick_uri="" doubleclick="" uppercaseonly="0" field_xref="coreMedNecTypID" field_name_physical="rad_trpy_med_necessity_typ_id"/>
    <bb_field field_name="referredFromProviderClinicalID" data_type="BIGINT" field_length="15" field_precision="0" descriptiontext="Refering Provider clinical ID" doubleclick_uri="" doubleclick="" uppercaseonly="0" field_xref="" field_name_physical="ref_prov_clin_id"/>
    <bb_field field_name="referredToProviderClinicalID" data_type="BIGINT" field_length="15" field_precision="0" descriptiontext="Refered To ProviderClinicalID" doubleclick_uri="" doubleclick="" uppercaseonly="0" field_xref="" field_name_physical="ref_to_prov_clin_id"/>
    <bb_field field_name="reqBusinessName" data_type="VARCHAR" field_length="80" field_precision="0" descriptiontext="Business name" doubleclick_uri="" doubleclick="" uppercaseonly="0" field_xref="" field_name_physical="reqBusinessName"/>
    <bb_field field_name="reqFirstName" data_type="VARCHAR" field_length="50" field_precision="0" descriptiontext="First name of individual person name of a provider." doubleclick_uri="" doubleclick="" uppercaseonly="0" field_xref="" field_name_physical="reqFirstName"/>
    <bb_field field_name="reqLastName" data_type="VARCHAR" field_length="80" field_precision="0" descriptiontext="Last name of individual person name of a provider." doubleclick_uri="" doubleclick="" uppercaseonly="0" field_xref="" field_name_physical="reqLastName"/>
    <bb_field field_name="reqMiddleName" data_type="VARCHAR" field_length="40" field_precision="0" descriptiontext="Middle Name" doubleclick_uri="" doubleclick="" uppercaseonly="0" field_xref="" field_name_physical="reqMiddleName"/>
    <bb_field field_name="reqProviderCategory" data_type="VARCHAR" field_length="1" field_precision="0" descriptiontext="Reqesting Provider Category" doubleclick_uri="" doubleclick="" uppercaseonly="0" field_xref="" field_name_physical="reqProviderCategory"/>
    <bb_field field_name="reqTin" data_type="VARCHAR" field_length="10" field_precision="0" descriptiontext="The federal tax identification number (TIN) assigned to the provider by the Internal Revenue Service." doubleclick_uri="" doubleclick="" uppercaseonly="0" field_xref="" field_name_physical="reqTin"/>
    <bb_field field_name="svcBusinessName" data_type="VARCHAR" field_length="80" field_precision="0" descriptiontext="servicing Business Name" doubleclick_uri="" doubleclick="" uppercaseonly="0" field_xref="" field_name_physical="svcBusinessName"/>
    <bb_field field_name="svcFirstName" data_type="VARCHAR" field_length="50" field_precision="0" descriptiontext="servicing first name" doubleclick_uri="" doubleclick="" uppercaseonly="0" field_xref="" field_name_physical="svcFirstName"/>
    <bb_field field_name="svcLastName" data_type="VARCHAR" field_length="80" field_precision="0" descriptiontext="servicing Lst Name" doubleclick_uri="" doubleclick="" uppercaseonly="0" field_xref="" field_name_physical="svcLastName"/>
    <bb_field field_name="svcMiddleName" data_type="VARCHAR" field_length="40" field_precision="0" descriptiontext="servicing Middle Name" doubleclick_uri="" doubleclick="" uppercaseonly="0" field_xref="" field_name_physical="svcMiddleName"/>
    <bb_field field_name="svcProviderCategory" data_type="VARCHAR" field_length="1" field_precision="0" descriptiontext="servicning Prov Category" doubleclick_uri="" doubleclick="" uppercaseonly="0" field_xref="" field_name_physical="svcProviderCategory"/>
    <bb_field field_name="svcTin" data_type="VARCHAR" field_length="10" field_precision="0" descriptiontext="servicing Tin" doubleclick_uri="" doubleclick="" uppercaseonly="0" field_xref="" field_name_physical="svcTin"/>
    <bb_field field_name="vstCount" data_type="SMALLINT" field_length="4" field_precision="0" descriptiontext="VST Count" doubleclick_uri="" doubleclick="" uppercaseonly="0" field_xref="" field_name_physical="vst_cnt"/>
</bb_fieldsList>