<?xml version="1.0" encoding="UTF-8"?>
<bb_indicesList>
    <bb_index index_name="mbr_pgm_alrt_idx1" sort="1" table_name="mbr_pgm_alrt" field_name="alertType" order_by="ASC" unique_indicator="0" function="" num_partitions="0"/>
    <bb_index index_name="mbr_pgm_aud_dtl_idx1" sort="1" table_name="mbr_pgm_aud_dtl" field_name="memberProgramID" order_by="ASC" unique_indicator="0" function="" num_partitions="0"/>
    <bb_index index_name="mbr_pgm_idx1" sort="1" table_name="mbr_pgm" field_name="memberID" order_by="ASC" unique_indicator="0" function="" num_partitions="0"/>
    <bb_index index_name="mbr_pgm_idx1" sort="2" table_name="mbr_pgm" field_name="programType" order_by="ASC" unique_indicator="0" function="" num_partitions="0"/>
    <bb_index index_name="mbr_pgm_idx1" sort="3" table_name="mbr_pgm" field_name="memberProgramStatusType" order_by="ASC" unique_indicator="0" function="" num_partitions="0"/>
    <bb_index index_name="mbr_pgm_idx2" sort="1" table_name="mbr_pgm" field_name="nominationSourceApplType" order_by="ASC" unique_indicator="0" function="" num_partitions="0"/>
    <bb_index index_name="mbr_pgm_idx2" sort="2" table_name="mbr_pgm" field_name="memberProgramStatusType" order_by="ASC" unique_indicator="0" function="" num_partitions="0"/>
    <bb_index index_name="mbr_pgm_idx2" sort="3" table_name="mbr_pgm" field_name="memberProgramStatusReasonType" order_by="ASC" unique_indicator="0" function="" num_partitions="0"/>
    <bb_index index_name="mbr_pgm_idx2" sort="4" table_name="mbr_pgm" field_name="memberProgramPriorityType" order_by="ASC" unique_indicator="0" function="" num_partitions="0"/>
    <bb_index index_name="mbr_pgm_idx2" sort="5" table_name="mbr_pgm" field_name="nominatingDepartmentType" order_by="ASC" unique_indicator="0" function="" num_partitions="0"/>
    <bb_index index_name="mbr_pgm_idx2" sort="6" table_name="mbr_pgm" field_name="createDateTime" order_by="ASC" unique_indicator="0" function="" num_partitions="0"/>
    <bb_index index_name="mbr_pgm_idx3" sort="1" table_name="mbr_pgm" field_name="programType" order_by="ASC" unique_indicator="0" function="" num_partitions="0"/>
    <bb_index index_name="mbr_pgm_inbnd_log_idx1" sort="1" table_name="mbr_pgm_inbnd_log" field_name="individualID" order_by="ASC" unique_indicator="0" function="" num_partitions="0"/>
    <bb_index index_name="mbr_pgm_inbnd_log_idx2" sort="1" table_name="mbr_pgm_inbnd_log" field_name="subscriberID" order_by="ASC" unique_indicator="0" function="" num_partitions="0"/>
    <bb_index index_name="mbr_pgm_inbnd_log_idx3" sort="1" table_name="mbr_pgm_inbnd_log" field_name="memberProgramID" order_by="ASC" unique_indicator="0" function="" num_partitions="0"/>
    <bb_index index_name="mbr_pgm_othr_cov_idx1" sort="1" table_name="mbr_pgm_othr_cov" field_name="memberProgramID" order_by="ASC" unique_indicator="0" function="" num_partitions="0"/>
    <bb_index index_name="mbr_pgm_othr_cov_idx1" sort="2" table_name="mbr_pgm_othr_cov" field_name="inactiveInd" order_by="ASC" unique_indicator="0" function="" num_partitions="0"/>
    <bb_index index_name="mbr_pgm_sub_idx1" sort="1" table_name="mbr_pgm_sub" field_name="memberProgramID" order_by="ASC" unique_indicator="0" function="" num_partitions="0"/>
    <bb_index index_name="mbr_prov_clin_pgm_idx1" sort="1" table_name="mbr_prov_clin_pgm" field_name="memberID" order_by="ASC" unique_indicator="0" function="" num_partitions="0"/>
    <bb_index index_name="mbr_prov_clin_pgm_idx2" sort="1" table_name="mbr_prov_clin_pgm" field_name="providerClinicalID" order_by="ASC" unique_indicator="0" function="" num_partitions="0"/>
    <bb_index index_name="mbr_prov_clin_pgm_idx3" sort="1" table_name="mbr_prov_clin_pgm" field_name="memberProgramID" order_by="ASC" unique_indicator="0" function="" num_partitions="0"/>
</bb_indicesList>