<?xml version="1.0" encoding="UTF-8"?>
<bb_table_fieldsList>
    <bb_table_field table_name="mbr_pgm" field_name="memberProgramID" sort_num="1" primary_key="1" incremented_key="1" hilo_block_size="500" seq_name="" required="0" defaultlist="0" phi="0" fkey_table="" fkey_field=""/>
    <bb_table_field table_name="mbr_pgm" field_name="createDateTime" sort_num="2" primary_key="0" incremented_key="0" hilo_block_size="" seq_name="" required="0" defaultlist="0" phi="0" fkey_table="" fkey_field=""/>
    <bb_table_field table_name="mbr_pgm" field_name="createUserID" sort_num="3" primary_key="0" incremented_key="0" hilo_block_size="" seq_name="" required="0" defaultlist="0" phi="0" fkey_table="" fkey_field=""/>
    <bb_table_field table_name="mbr_pgm" field_name="changeDateTime" sort_num="4" primary_key="0" incremented_key="0" hilo_block_size="" seq_name="" required="0" defaultlist="0" phi="0" fkey_table="" fkey_field=""/>
    <bb_table_field table_name="mbr_pgm" field_name="changeUserID" sort_num="5" primary_key="0" incremented_key="0" hilo_block_size="" seq_name="" required="0" defaultlist="0" phi="0" fkey_table="" fkey_field=""/>
    <bb_table_field table_name="mbr_pgm" field_name="updateVersion" sort_num="6" primary_key="0" incremented_key="0" hilo_block_size="" seq_name="" required="0" defaultlist="0" phi="0" fkey_table="" fkey_field=""/>
    <bb_table_field table_name="mbr_pgm" field_name="memberID" sort_num="7" primary_key="0" incremented_key="0" hilo_block_size="" seq_name="" required="1" defaultlist="0" phi="0" fkey_table="mbr" fkey_field="memberID"/>
    <bb_table_field table_name="mbr_pgm" field_name="programType" sort_num="8" primary_key="0" incremented_key="0" hilo_block_size="" seq_name="" required="1" defaultlist="0" phi="0" fkey_table="" fkey_field=""/>
    <bb_table_field table_name="mbr_pgm" field_name="memberProgramStatusType" sort_num="9" primary_key="0" incremented_key="0" hilo_block_size="" seq_name="" required="0" defaultlist="0" phi="0" fkey_table="" fkey_field=""/>
    <bb_table_field table_name="mbr_pgm" field_name="memberProgramStatusReasonType" sort_num="10" primary_key="0" incremented_key="0" hilo_block_size="" seq_name="" required="0" defaultlist="0" phi="0" fkey_table="" fkey_field=""/>
    <bb_table_field table_name="mbr_pgm" field_name="endDate" sort_num="11" primary_key="0" incremented_key="0" hilo_block_size="" seq_name="" required="0" defaultlist="0" phi="0" fkey_table="" fkey_field=""/>
    <bb_table_field table_name="mbr_pgm" field_name="enrollmentDate" sort_num="12" primary_key="0" incremented_key="0" hilo_block_size="" seq_name="" required="0" defaultlist="0" phi="0" fkey_table="" fkey_field=""/>
    <bb_table_field table_name="mbr_pgm" field_name="nominationDate" sort_num="13" primary_key="0" incremented_key="0" hilo_block_size="" seq_name="" required="0" defaultlist="0" phi="0" fkey_table="" fkey_field=""/>
    <bb_table_field table_name="mbr_pgm" field_name="nominationReasonType" sort_num="14" primary_key="0" incremented_key="0" hilo_block_size="" seq_name="" required="0" defaultlist="0" phi="0" fkey_table="" fkey_field=""/>
    <bb_table_field table_name="mbr_pgm" field_name="nominationSourceApplType" sort_num="15" primary_key="0" incremented_key="0" hilo_block_size="" seq_name="" required="0" defaultlist="0" phi="0" fkey_table="" fkey_field=""/>
    <bb_table_field table_name="mbr_pgm" field_name="levelOfCareType" sort_num="16" primary_key="0" incremented_key="0" hilo_block_size="" seq_name="" required="0" defaultlist="0" phi="0" fkey_table="" fkey_field=""/>
    <bb_table_field table_name="mbr_pgm" field_name="keyWordText" sort_num="17" primary_key="0" incremented_key="0" hilo_block_size="" seq_name="" required="0" defaultlist="0" phi="0" fkey_table="" fkey_field=""/>
    <bb_table_field table_name="mbr_pgm" field_name="copiedMemberProgramID" sort_num="18" primary_key="0" incremented_key="0" hilo_block_size="" seq_name="" required="0" defaultlist="0" phi="0" fkey_table="" fkey_field=""/>
    <bb_table_field table_name="mbr_pgm" field_name="highCostCode" sort_num="19" primary_key="0" incremented_key="0" hilo_block_size="" seq_name="" required="0" defaultlist="0" phi="0" fkey_table="" fkey_field=""/>
    <bb_table_field table_name="mbr_pgm" field_name="programCategoryType" sort_num="20" primary_key="0" incremented_key="0" hilo_block_size="" seq_name="" required="0" defaultlist="0" phi="0" fkey_table="" fkey_field=""/>
    <bb_table_field table_name="mbr_pgm" field_name="careOpportunityCount" sort_num="21" primary_key="0" incremented_key="0" hilo_block_size="" seq_name="" required="0" defaultlist="0" phi="0" fkey_table="" fkey_field=""/>
    <bb_table_field table_name="mbr_pgm" field_name="nominationScenarioRuleID" sort_num="22" primary_key="0" incremented_key="0" hilo_block_size="" seq_name="" required="0" defaultlist="0" phi="0" fkey_table="" fkey_field=""/>
    <bb_table_field table_name="mbr_pgm" field_name="nominationScenarioRuleDesc" sort_num="23" primary_key="0" incremented_key="0" hilo_block_size="" seq_name="" required="0" defaultlist="0" phi="0" fkey_table="" fkey_field=""/>
    <bb_table_field table_name="mbr_pgm" field_name="memberCoverageSeqNum" sort_num="24" primary_key="0" incremented_key="0" hilo_block_size="" seq_name="" required="0" defaultlist="0" phi="0" fkey_table="" fkey_field=""/>
    <bb_table_field table_name="mbr_pgm" field_name="memberProgramCopyScenarioType" sort_num="25" primary_key="0" incremented_key="0" hilo_block_size="" seq_name="" required="0" defaultlist="0" phi="0" fkey_table="" fkey_field=""/>
    <bb_table_field table_name="mbr_pgm" field_name="healthServicePmRiskScore" sort_num="26" primary_key="0" incremented_key="0" hilo_block_size="" seq_name="" required="0" defaultlist="0" phi="0" fkey_table="" fkey_field=""/>
    <bb_table_field table_name="mbr_pgm" field_name="optumAccountCode" sort_num="27" primary_key="0" incremented_key="0" hilo_block_size="" seq_name="" required="0" defaultlist="0" phi="0" fkey_table="" fkey_field=""/>
    <bb_table_field table_name="mbr_pgm" field_name="memberProgramPriorityType" sort_num="28" primary_key="0" incremented_key="0" hilo_block_size="" seq_name="" required="0" defaultlist="0" phi="0" fkey_table="" fkey_field=""/>
    <bb_table_field table_name="mbr_pgm" field_name="severityType" sort_num="29" primary_key="0" incremented_key="0" hilo_block_size="" seq_name="" required="0" defaultlist="0" phi="0" fkey_table="" fkey_field=""/>
    <bb_table_field table_name="mbr_pgm" field_name="preEnrollmentDate" sort_num="30" primary_key="0" incremented_key="0" hilo_block_size="" seq_name="" required="0" defaultlist="0" phi="0" fkey_table="" fkey_field=""/>
    <bb_table_field table_name="mbr_pgm" field_name="nominatingDepartmentType" sort_num="31" primary_key="0" incremented_key="0" hilo_block_size="" seq_name="" required="0" defaultlist="0" phi="0" fkey_table="" fkey_field=""/>
    <bb_table_field table_name="mbr_pgm" field_name="nominationAcceptanceReasonType" sort_num="32" primary_key="0" incremented_key="0" hilo_block_size="" seq_name="" required="0" defaultlist="0" phi="0" fkey_table="" fkey_field=""/>
    <bb_table_field table_name="mbr_pgm" field_name="memberProgramCopyReasonType" sort_num="33" primary_key="0" incremented_key="0" hilo_block_size="" seq_name="" required="0" defaultlist="0" phi="0" fkey_table="" fkey_field=""/>
    <bb_table_field table_name="mbr_pgm" field_name="memberProgramPromoteSourceType" sort_num="34" primary_key="0" incremented_key="0" hilo_block_size="" seq_name="" required="0" defaultlist="0" phi="0" fkey_table="" fkey_field=""/>
    <bb_table_field table_name="mbr_pgm" field_name="promoteDate" sort_num="35" primary_key="0" incremented_key="0" hilo_block_size="" seq_name="" required="0" defaultlist="0" phi="0" fkey_table="" fkey_field=""/>
    <bb_table_field table_name="mbr_pgm" field_name="initialMemberProgramID" sort_num="36" primary_key="0" incremented_key="0" hilo_block_size="" seq_name="" required="0" defaultlist="0" phi="0" fkey_table="" fkey_field=""/>
    <bb_table_field table_name="mbr_pgm" field_name="alternatePolicyNumber" sort_num="37" primary_key="0" incremented_key="0" hilo_block_size="" seq_name="" required="0" defaultlist="0" phi="0" fkey_table="" fkey_field=""/>
    <bb_table_field table_name="mbr_pgm" field_name="alternatePolicyName" sort_num="38" primary_key="0" incremented_key="0" hilo_block_size="" seq_name="" required="0" defaultlist="0" phi="0" fkey_table="" fkey_field=""/>
    <bb_table_field table_name="mbr_pgm" field_name="autoCloseDate" sort_num="39" primary_key="0" incremented_key="0" hilo_block_size="" seq_name="" required="0" defaultlist="0" phi="0" fkey_table="" fkey_field=""/>
    <bb_table_field table_name="mbr_pgm" field_name="autoReviewDeviceReadInd" sort_num="40" primary_key="0" incremented_key="0" hilo_block_size="" seq_name="" required="0" defaultlist="0" phi="0" fkey_table="" fkey_field=""/>
    <bb_table_field table_name="mbr_pgm" field_name="priorityScore" sort_num="41" primary_key="0" incremented_key="0" hilo_block_size="" seq_name="" required="0" defaultlist="0" phi="0" fkey_table="" fkey_field=""/>
    <bb_table_field table_name="mbr_pgm" field_name="priorityScoreConditions" sort_num="42" primary_key="0" incremented_key="0" hilo_block_size="" seq_name="" required="0" defaultlist="0" phi="0" fkey_table="" fkey_field=""/>
    <bb_table_field table_name="mbr_pgm" field_name="healthAssessmentTakenDate" sort_num="43" primary_key="0" incremented_key="0" hilo_block_size="" seq_name="" required="0" defaultlist="0" phi="0" fkey_table="" fkey_field=""/>
    <bb_table_field table_name="mbr_pgm" field_name="enrollmentMethodType" sort_num="44" primary_key="0" incremented_key="0" hilo_block_size="" seq_name="" required="0" defaultlist="0" phi="0" fkey_table="" fkey_field=""/>
    <bb_table_field table_name="mbr_pgm" field_name="facetsAccountID" sort_num="45" primary_key="0" incremented_key="0" hilo_block_size="" seq_name="" required="0" defaultlist="0" phi="0" fkey_table="" fkey_field=""/>
    <bb_table_field table_name="mbr_pgm" field_name="facetsMemberID" sort_num="46" primary_key="0" incremented_key="0" hilo_block_size="" seq_name="" required="0" defaultlist="0" phi="0" fkey_table="" fkey_field=""/>
    <bb_table_field table_name="mbr_pgm" field_name="biometricEventDate" sort_num="47" primary_key="0" incremented_key="0" hilo_block_size="" seq_name="" required="0" defaultlist="0" phi="0" fkey_table="" fkey_field=""/>
    <bb_table_field table_name="mbr_pgm" field_name="rxValueFactorScore" sort_num="48" primary_key="0" incremented_key="0" hilo_block_size="" seq_name="" required="0" defaultlist="0" phi="0" fkey_table="" fkey_field=""/>
    <bb_table_field table_name="mbr_pgm" field_name="memberProgramOutreachType" sort_num="49" primary_key="0" incremented_key="0" hilo_block_size="" seq_name="" required="0" defaultlist="0" phi="0" fkey_table="" fkey_field=""/>
    <bb_table_field table_name="mbr_pgm" field_name="primaryResponsibility" sort_num="50" primary_key="0" incremented_key="0" hilo_block_size="" seq_name="" required="0" defaultlist="0" phi="0" fkey_table="" fkey_field=""/>
    <bb_table_field table_name="mbr_pgm" field_name="populationId" sort_num="51" primary_key="0" incremented_key="0" hilo_block_size="" seq_name="" required="0" defaultlist="0" phi="0" fkey_table="" fkey_field=""/>
    <bb_table_field table_name="mbr_pgm" field_name="rxAdherenceRiskTypeCode" sort_num="52" primary_key="0" incremented_key="0" hilo_block_size="" seq_name="" required="0" defaultlist="0" phi="0" fkey_table="" fkey_field=""/>
    <bb_table_field table_name="mbr_pgm" field_name="rxAdherenceRiskScore" sort_num="53" primary_key="0" incremented_key="0" hilo_block_size="" seq_name="" required="0" defaultlist="0" phi="0" fkey_table="" fkey_field=""/>
    <bb_table_field table_name="mbr_pgm" field_name="pbsPracticeName" sort_num="54" primary_key="0" incremented_key="0" hilo_block_size="" seq_name="" required="0" defaultlist="0" phi="0" fkey_table="" fkey_field=""/>
    <bb_table_field table_name="mbr_pgm" field_name="surgicalProbabilityScore" sort_num="55" primary_key="0" incremented_key="0" hilo_block_size="" seq_name="" required="0" defaultlist="0" phi="0" fkey_table="" fkey_field=""/>
    <bb_table_field table_name="mbr_pgm" field_name="customerID" sort_num="56" primary_key="0" incremented_key="0" hilo_block_size="" seq_name="" required="0" defaultlist="0" phi="0" fkey_table="" fkey_field=""/>
    <bb_table_field table_name="mbr_pgm" field_name="purchaserID" sort_num="57" primary_key="0" incremented_key="0" hilo_block_size="" seq_name="" required="0" defaultlist="0" phi="0" fkey_table="" fkey_field=""/>
    <bb_table_field table_name="mbr_pgm" field_name="memberProgramStatusReasonText" sort_num="58" primary_key="0" incremented_key="0" hilo_block_size="" seq_name="" required="0" defaultlist="0" phi="0" fkey_table="" fkey_field=""/>
    <bb_table_field table_name="mbr_pgm_alrt" field_name="memberProgramID" sort_num="1" primary_key="1" incremented_key="0" hilo_block_size="" seq_name="" required="1" defaultlist="0" phi="0" fkey_table="mbr_pgm" fkey_field="memberProgramID"/>
    <bb_table_field table_name="mbr_pgm_alrt" field_name="createDateTime" sort_num="2" primary_key="0" incremented_key="0" hilo_block_size="" seq_name="" required="0" defaultlist="0" phi="0" fkey_table="" fkey_field=""/>
    <bb_table_field table_name="mbr_pgm_alrt" field_name="createUserID" sort_num="3" primary_key="0" incremented_key="0" hilo_block_size="" seq_name="" required="0" defaultlist="0" phi="0" fkey_table="" fkey_field=""/>
    <bb_table_field table_name="mbr_pgm_alrt" field_name="changeDateTime" sort_num="4" primary_key="0" incremented_key="0" hilo_block_size="" seq_name="" required="0" defaultlist="0" phi="0" fkey_table="" fkey_field=""/>
    <bb_table_field table_name="mbr_pgm_alrt" field_name="changeUserID" sort_num="5" primary_key="0" incremented_key="0" hilo_block_size="" seq_name="" required="0" defaultlist="0" phi="0" fkey_table="" fkey_field=""/>
    <bb_table_field table_name="mbr_pgm_alrt" field_name="updateVersion" sort_num="6" primary_key="0" incremented_key="0" hilo_block_size="" seq_name="" required="0" defaultlist="0" phi="0" fkey_table="" fkey_field=""/>
    <bb_table_field table_name="mbr_pgm_alrt" field_name="triggerAssignmentID" sort_num="7" primary_key="0" incremented_key="0" hilo_block_size="" seq_name="" required="0" defaultlist="0" phi="0" fkey_table="" fkey_field=""/>
    <bb_table_field table_name="mbr_pgm_alrt" field_name="alertType" sort_num="8" primary_key="0" incremented_key="0" hilo_block_size="" seq_name="" required="0" defaultlist="0" phi="0" fkey_table="" fkey_field=""/>
    <bb_table_field table_name="mbr_pgm_alrt" field_name="inactiveInd" sort_num="9" primary_key="0" incremented_key="0" hilo_block_size="" seq_name="" required="0" defaultlist="0" phi="0" fkey_table="" fkey_field=""/>
    <bb_table_field table_name="mbr_pgm_alrt" field_name="alertSeqNum" sort_num="10" primary_key="1" incremented_key="1" hilo_block_size="" seq_name="" required="1" defaultlist="0" phi="0" fkey_table="" fkey_field=""/>
    <bb_table_field table_name="mbr_pgm_alrt" field_name="alertEventDate" sort_num="11" primary_key="0" incremented_key="0" hilo_block_size="" seq_name="" required="0" defaultlist="0" phi="0" fkey_table="" fkey_field=""/>
    <bb_table_field table_name="mbr_pgm_aud_dtl" field_name="auditDetailID" sort_num="1" primary_key="1" incremented_key="1" hilo_block_size="500" seq_name="" required="1" defaultlist="0" phi="0" fkey_table="" fkey_field=""/>
    <bb_table_field table_name="mbr_pgm_aud_dtl" field_name="createDateTime" sort_num="2" primary_key="0" incremented_key="0" hilo_block_size="" seq_name="" required="0" defaultlist="0" phi="0" fkey_table="" fkey_field=""/>
    <bb_table_field table_name="mbr_pgm_aud_dtl" field_name="createUserID" sort_num="3" primary_key="0" incremented_key="0" hilo_block_size="" seq_name="" required="0" defaultlist="0" phi="0" fkey_table="" fkey_field=""/>
    <bb_table_field table_name="mbr_pgm_aud_dtl" field_name="changeDateTime" sort_num="4" primary_key="0" incremented_key="0" hilo_block_size="" seq_name="" required="0" defaultlist="0" phi="0" fkey_table="" fkey_field=""/>
    <bb_table_field table_name="mbr_pgm_aud_dtl" field_name="changeUserID" sort_num="5" primary_key="0" incremented_key="0" hilo_block_size="" seq_name="" required="0" defaultlist="0" phi="0" fkey_table="" fkey_field=""/>
    <bb_table_field table_name="mbr_pgm_aud_dtl" field_name="updateVersion" sort_num="6" primary_key="0" incremented_key="0" hilo_block_size="" seq_name="" required="0" defaultlist="0" phi="0" fkey_table="" fkey_field=""/>
    <bb_table_field table_name="mbr_pgm_aud_dtl" field_name="auditText" sort_num="7" primary_key="0" incremented_key="0" hilo_block_size="" seq_name="" required="0" defaultlist="0" phi="0" fkey_table="" fkey_field=""/>
    <bb_table_field table_name="mbr_pgm_aud_dtl" field_name="memberProgramID" sort_num="8" primary_key="0" incremented_key="0" hilo_block_size="" seq_name="" required="0" defaultlist="0" phi="0" fkey_table="" fkey_field=""/>
    <bb_table_field table_name="mbr_pgm_cov" field_name="memberProgramID" sort_num="1" primary_key="1" incremented_key="0" hilo_block_size="" seq_name="" required="1" defaultlist="0" phi="0" fkey_table="mbr_pgm" fkey_field="memberProgramID"/>
    <bb_table_field table_name="mbr_pgm_cov" field_name="createDateTime" sort_num="2" primary_key="0" incremented_key="0" hilo_block_size="" seq_name="" required="0" defaultlist="0" phi="0" fkey_table="" fkey_field=""/>
    <bb_table_field table_name="mbr_pgm_cov" field_name="createUserID" sort_num="3" primary_key="0" incremented_key="0" hilo_block_size="" seq_name="" required="0" defaultlist="0" phi="0" fkey_table="" fkey_field=""/>
    <bb_table_field table_name="mbr_pgm_cov" field_name="changeDateTime" sort_num="4" primary_key="0" incremented_key="0" hilo_block_size="" seq_name="" required="0" defaultlist="0" phi="0" fkey_table="" fkey_field=""/>
    <bb_table_field table_name="mbr_pgm_cov" field_name="changeUserID" sort_num="5" primary_key="0" incremented_key="0" hilo_block_size="" seq_name="" required="0" defaultlist="0" phi="0" fkey_table="" fkey_field=""/>
    <bb_table_field table_name="mbr_pgm_cov" field_name="updateVersion" sort_num="6" primary_key="0" incremented_key="0" hilo_block_size="" seq_name="" required="0" defaultlist="0" phi="0" fkey_table="" fkey_field=""/>
    <bb_table_field table_name="mbr_pgm_cov" field_name="coverageType" sort_num="7" primary_key="0" incremented_key="0" hilo_block_size="" seq_name="" required="0" defaultlist="0" phi="0" fkey_table="" fkey_field=""/>
    <bb_table_field table_name="mbr_pgm_cov" field_name="coverageEffectiveDate" sort_num="8" primary_key="0" incremented_key="0" hilo_block_size="" seq_name="" required="0" defaultlist="0" phi="0" fkey_table="" fkey_field=""/>
    <bb_table_field table_name="mbr_pgm_cov" field_name="coverageEndDate" sort_num="9" primary_key="0" incremented_key="0" hilo_block_size="" seq_name="" required="0" defaultlist="0" phi="0" fkey_table="" fkey_field=""/>
    <bb_table_field table_name="mbr_pgm_cov" field_name="marketNumber" sort_num="10" primary_key="0" incremented_key="0" hilo_block_size="" seq_name="" required="0" defaultlist="0" phi="0" fkey_table="" fkey_field=""/>
    <bb_table_field table_name="mbr_pgm_cov" field_name="marketType" sort_num="11" primary_key="0" incremented_key="0" hilo_block_size="" seq_name="" required="0" defaultlist="0" phi="0" fkey_table="" fkey_field=""/>
    <bb_table_field table_name="mbr_pgm_cov" field_name="divID" sort_num="12" primary_key="0" incremented_key="0" hilo_block_size="" seq_name="" required="0" defaultlist="0" phi="0" fkey_table="" fkey_field=""/>
    <bb_table_field table_name="mbr_pgm_cov" field_name="productCode" sort_num="13" primary_key="0" incremented_key="0" hilo_block_size="" seq_name="" required="0" defaultlist="0" phi="0" fkey_table="" fkey_field=""/>
    <bb_table_field table_name="mbr_pgm_cov" field_name="productType" sort_num="14" primary_key="0" incremented_key="0" hilo_block_size="" seq_name="" required="0" defaultlist="0" phi="0" fkey_table="" fkey_field=""/>
    <bb_table_field table_name="mbr_pgm_cov" field_name="groupNumber" sort_num="15" primary_key="0" incremented_key="0" hilo_block_size="" seq_name="" required="0" defaultlist="0" phi="0" fkey_table="" fkey_field=""/>
    <bb_table_field table_name="mbr_pgm_cov" field_name="businessSegmentID" sort_num="16" primary_key="0" incremented_key="0" hilo_block_size="" seq_name="" required="0" defaultlist="0" phi="0" fkey_table="" fkey_field=""/>
    <bb_table_field table_name="mbr_pgm_cov" field_name="legalEntityID" sort_num="17" primary_key="0" incremented_key="0" hilo_block_size="" seq_name="" required="0" defaultlist="0" phi="0" fkey_table="" fkey_field=""/>
    <bb_table_field table_name="mbr_pgm_cov" field_name="obligorID" sort_num="18" primary_key="0" incremented_key="0" hilo_block_size="" seq_name="" required="0" defaultlist="0" phi="0" fkey_table="" fkey_field=""/>
    <bb_table_field table_name="mbr_pgm_cov" field_name="sharedArrangementID" sort_num="19" primary_key="0" incremented_key="0" hilo_block_size="" seq_name="" required="0" defaultlist="0" phi="0" fkey_table="" fkey_field=""/>
    <bb_table_field table_name="mbr_pgm_cov" field_name="memberNetworkID" sort_num="20" primary_key="0" incremented_key="0" hilo_block_size="" seq_name="" required="0" defaultlist="0" phi="0" fkey_table="" fkey_field=""/>
    <bb_table_field table_name="mbr_pgm_cov" field_name="panelID" sort_num="21" primary_key="0" incremented_key="0" hilo_block_size="" seq_name="" required="0" defaultlist="0" phi="0" fkey_table="" fkey_field=""/>
    <bb_table_field table_name="mbr_pgm_cov" field_name="policyIssueState" sort_num="22" primary_key="0" incremented_key="0" hilo_block_size="" seq_name="" required="0" defaultlist="0" phi="0" fkey_table="" fkey_field=""/>
    <bb_table_field table_name="mbr_pgm_cov" field_name="coverageSetID" sort_num="23" primary_key="0" incremented_key="0" hilo_block_size="" seq_name="" required="0" defaultlist="0" phi="0" fkey_table="" fkey_field=""/>
    <bb_table_field table_name="mbr_pgm_cov" field_name="coverageSetMMECode" sort_num="24" primary_key="0" incremented_key="0" hilo_block_size="" seq_name="" required="0" defaultlist="0" phi="0" fkey_table="" fkey_field=""/>
    <bb_table_field table_name="mbr_pgm_cov" field_name="coverageSetCMECode" sort_num="25" primary_key="0" incremented_key="0" hilo_block_size="" seq_name="" required="0" defaultlist="0" phi="0" fkey_table="" fkey_field=""/>
    <bb_table_field table_name="mbr_pgm_cov" field_name="coverageSetMedicareCode" sort_num="26" primary_key="0" incremented_key="0" hilo_block_size="" seq_name="" required="0" defaultlist="0" phi="0" fkey_table="" fkey_field=""/>
    <bb_table_field table_name="mbr_pgm_cov" field_name="fundingArrangementID" sort_num="27" primary_key="0" incremented_key="0" hilo_block_size="" seq_name="" required="0" defaultlist="0" phi="0" fkey_table="" fkey_field=""/>
    <bb_table_field table_name="mbr_pgm_cov" field_name="planVariationID" sort_num="28" primary_key="0" incremented_key="0" hilo_block_size="" seq_name="" required="0" defaultlist="0" phi="0" fkey_table="" fkey_field=""/>
    <bb_table_field table_name="mbr_pgm_cov" field_name="reportCode" sort_num="29" primary_key="0" incremented_key="0" hilo_block_size="" seq_name="" required="0" defaultlist="0" phi="0" fkey_table="" fkey_field=""/>
    <bb_table_field table_name="mbr_pgm_cov" field_name="marketNetworkID" sort_num="30" primary_key="0" incremented_key="0" hilo_block_size="" seq_name="" required="0" defaultlist="0" phi="0" fkey_table="" fkey_field=""/>
    <bb_table_field table_name="mbr_pgm_cov" field_name="marketNetworkInd" sort_num="31" primary_key="0" incremented_key="0" hilo_block_size="" seq_name="" required="0" defaultlist="0" phi="0" fkey_table="" fkey_field=""/>
    <bb_table_field table_name="mbr_pgm_cov" field_name="claimPlatformID" sort_num="32" primary_key="0" incremented_key="0" hilo_block_size="" seq_name="" required="0" defaultlist="0" phi="0" fkey_table="" fkey_field=""/>
    <bb_table_field table_name="mbr_pgm_cov" field_name="cdhPlanType" sort_num="33" primary_key="0" incremented_key="0" hilo_block_size="" seq_name="" required="0" defaultlist="0" phi="0" fkey_table="" fkey_field=""/>
    <bb_table_field table_name="mbr_pgm_cov" field_name="policyName" sort_num="34" primary_key="0" incremented_key="0" hilo_block_size="" seq_name="" required="0" defaultlist="0" phi="0" fkey_table="" fkey_field=""/>
    <bb_table_field table_name="mbr_pgm_cov" field_name="marketSegmentCode" sort_num="35" primary_key="0" incremented_key="0" hilo_block_size="" seq_name="" required="0" defaultlist="0" phi="0" fkey_table="" fkey_field=""/>
    <bb_table_field table_name="mbr_pgm_cov" field_name="claimOfficeID" sort_num="36" primary_key="0" incremented_key="0" hilo_block_size="" seq_name="" required="0" defaultlist="0" phi="0" fkey_table="" fkey_field=""/>
    <bb_table_field table_name="mbr_pgm_cov" field_name="claimOfficeName" sort_num="37" primary_key="0" incremented_key="0" hilo_block_size="" seq_name="" required="0" defaultlist="0" phi="0" fkey_table="" fkey_field=""/>
    <bb_table_field table_name="mbr_pgm_cov" field_name="claimOfficeAddress1" sort_num="38" primary_key="0" incremented_key="0" hilo_block_size="" seq_name="" required="0" defaultlist="0" phi="0" fkey_table="" fkey_field=""/>
    <bb_table_field table_name="mbr_pgm_cov" field_name="claimOfficeAddress2" sort_num="39" primary_key="0" incremented_key="0" hilo_block_size="" seq_name="" required="0" defaultlist="0" phi="0" fkey_table="" fkey_field=""/>
    <bb_table_field table_name="mbr_pgm_cov" field_name="claimOfficeCity" sort_num="40" primary_key="0" incremented_key="0" hilo_block_size="" seq_name="" required="0" defaultlist="0" phi="0" fkey_table="" fkey_field=""/>
    <bb_table_field table_name="mbr_pgm_cov" field_name="claimOfficeState" sort_num="41" primary_key="0" incremented_key="0" hilo_block_size="" seq_name="" required="0" defaultlist="0" phi="0" fkey_table="" fkey_field=""/>
    <bb_table_field table_name="mbr_pgm_cov" field_name="claimOfficeZip" sort_num="42" primary_key="0" incremented_key="0" hilo_block_size="" seq_name="" required="0" defaultlist="0" phi="0" fkey_table="" fkey_field=""/>
    <bb_table_field table_name="mbr_pgm_cov" field_name="claimOfficeZipSuffix" sort_num="43" primary_key="0" incremented_key="0" hilo_block_size="" seq_name="" required="0" defaultlist="0" phi="0" fkey_table="" fkey_field=""/>
    <bb_table_field table_name="mbr_pgm_cov" field_name="claimOfficePhone" sort_num="44" primary_key="0" incremented_key="0" hilo_block_size="" seq_name="" required="0" defaultlist="0" phi="0" fkey_table="" fkey_field=""/>
    <bb_table_field table_name="mbr_pgm_cov" field_name="medNecessityApplInd" sort_num="45" primary_key="0" incremented_key="0" hilo_block_size="" seq_name="" required="0" defaultlist="0" phi="0" fkey_table="" fkey_field=""/>
    <bb_table_field table_name="mbr_pgm_cov" field_name="productYearText" sort_num="46" primary_key="0" incremented_key="0" hilo_block_size="" seq_name="" required="0" defaultlist="0" phi="0" fkey_table="" fkey_field=""/>
    <bb_table_field table_name="mbr_pgm_cov" field_name="healthServiceProductLineCode" sort_num="47" primary_key="0" incremented_key="0" hilo_block_size="" seq_name="" required="0" defaultlist="0" phi="0" fkey_table="" fkey_field=""/>
    <bb_table_field table_name="mbr_pgm_cov" field_name="healthServiceProductCode" sort_num="48" primary_key="0" incremented_key="0" hilo_block_size="" seq_name="" required="0" defaultlist="0" phi="0" fkey_table="" fkey_field=""/>
    <bb_table_field table_name="mbr_pgm_cov" field_name="alternatePolicyNumber" sort_num="49" primary_key="0" incremented_key="0" hilo_block_size="" seq_name="" required="0" defaultlist="0" phi="0" fkey_table="" fkey_field=""/>
    <bb_table_field table_name="mbr_pgm_cov" field_name="productClassifierType" sort_num="50" primary_key="0" incremented_key="0" hilo_block_size="" seq_name="" required="0" defaultlist="0" phi="0" fkey_table="" fkey_field=""/>
    <bb_table_field table_name="mbr_pgm_cov" field_name="productBrandName" sort_num="51" primary_key="0" incremented_key="0" hilo_block_size="" seq_name="" required="0" defaultlist="0" phi="0" fkey_table="" fkey_field=""/>
    <bb_table_field table_name="mbr_pgm_cov" field_name="policyNumber" sort_num="52" primary_key="0" incremented_key="0" hilo_block_size="" seq_name="" required="0" defaultlist="0" phi="0" fkey_table="" fkey_field=""/>
    <bb_table_field table_name="mbr_pgm_cov" field_name="claimOfficeCustomerSrvcPhone" sort_num="53" primary_key="0" incremented_key="0" hilo_block_size="" seq_name="" required="0" defaultlist="0" phi="0" fkey_table="" fkey_field=""/>
    <bb_table_field table_name="mbr_pgm_cov" field_name="productCategoryType" sort_num="54" primary_key="0" incremented_key="0" hilo_block_size="" seq_name="" required="0" defaultlist="0" phi="0" fkey_table="" fkey_field=""/>
    <bb_table_field table_name="mbr_pgm_cov" field_name="recordSourceType" sort_num="55" primary_key="0" incremented_key="0" hilo_block_size="" seq_name="" required="0" defaultlist="0" phi="0" fkey_table="" fkey_field=""/>
    <bb_table_field table_name="mbr_pgm_cov" field_name="memberCoverageSeqNum" sort_num="56" primary_key="1" incremented_key="1" hilo_block_size="" seq_name="" required="1" defaultlist="0" phi="0" fkey_table="" fkey_field=""/>
    <bb_table_field table_name="mbr_pgm_cov" field_name="masterGroupNumber" sort_num="57" primary_key="0" incremented_key="0" hilo_block_size="" seq_name="" required="0" defaultlist="0" phi="0" fkey_table="" fkey_field=""/>
    <bb_table_field table_name="mbr_pgm_cov" field_name="marketPackageNumber" sort_num="58" primary_key="0" incremented_key="0" hilo_block_size="" seq_name="" required="0" defaultlist="0" phi="0" fkey_table="" fkey_field=""/>
    <bb_table_field table_name="mbr_pgm_cov" field_name="marketPackageName" sort_num="59" primary_key="0" incremented_key="0" hilo_block_size="" seq_name="" required="0" defaultlist="0" phi="0" fkey_table="" fkey_field=""/>
    <bb_table_field table_name="mbr_pgm_cov" field_name="hcfaStatusTypeCode" sort_num="60" primary_key="0" incremented_key="0" hilo_block_size="" seq_name="" required="0" defaultlist="0" phi="0" fkey_table="" fkey_field=""/>
    <bb_table_field table_name="mbr_pgm_cov" field_name="hcfaPlanID" sort_num="61" primary_key="0" incremented_key="0" hilo_block_size="" seq_name="" required="0" defaultlist="0" phi="0" fkey_table="" fkey_field=""/>
    <bb_table_field table_name="mbr_pgm_cov" field_name="groupBenefitNumber" sort_num="62" primary_key="0" incremented_key="0" hilo_block_size="" seq_name="" required="0" defaultlist="0" phi="0" fkey_table="" fkey_field=""/>
    <bb_table_field table_name="mbr_pgm_cov" field_name="financialProductNumber" sort_num="63" primary_key="0" incremented_key="0" hilo_block_size="" seq_name="" required="0" defaultlist="0" phi="0" fkey_table="" fkey_field=""/>
    <bb_table_field table_name="mbr_pgm_cov" field_name="financialProductDescription" sort_num="64" primary_key="0" incremented_key="0" hilo_block_size="" seq_name="" required="0" defaultlist="0" phi="0" fkey_table="" fkey_field=""/>
    <bb_table_field table_name="mbr_pgm_cov" field_name="riskTypeCode" sort_num="65" primary_key="0" incremented_key="0" hilo_block_size="" seq_name="" required="0" defaultlist="0" phi="0" fkey_table="" fkey_field=""/>
    <bb_table_field table_name="mbr_pgm_cov" field_name="subscriberPackageBenefitPlanID" sort_num="66" primary_key="0" incremented_key="0" hilo_block_size="" seq_name="" required="0" defaultlist="0" phi="0" fkey_table="" fkey_field=""/>
    <bb_table_field table_name="mbr_pgm_cov" field_name="erisaTypID" sort_num="67" primary_key="0" incremented_key="0" hilo_block_size="" seq_name="" required="0" defaultlist="0" phi="0" fkey_table="" fkey_field=""/>
    <bb_table_field table_name="mbr_pgm_cov" field_name="coreMedNecTypID" sort_num="68" primary_key="0" incremented_key="0" hilo_block_size="" seq_name="" required="0" defaultlist="0" phi="0" fkey_table="" fkey_field=""/>
    <bb_table_field table_name="mbr_pgm_cov" field_name="policyEffectiveDate" sort_num="69" primary_key="0" incremented_key="0" hilo_block_size="" seq_name="" required="0" defaultlist="0" phi="0" fkey_table="" fkey_field=""/>
    <bb_table_field table_name="mbr_pgm_cov" field_name="policyEndDate" sort_num="70" primary_key="0" incremented_key="0" hilo_block_size="" seq_name="" required="0" defaultlist="0" phi="0" fkey_table="" fkey_field=""/>
    <bb_table_field table_name="mbr_pgm_cov" field_name="indvContrInd" sort_num="71" primary_key="0" incremented_key="0" hilo_block_size="" seq_name="" required="0" defaultlist="0" phi="0" fkey_table="" fkey_field=""/>
    <bb_table_field table_name="mbr_pgm_cov" field_name="businessSegmentName" sort_num="72" primary_key="0" incremented_key="0" hilo_block_size="" seq_name="" required="0" defaultlist="0" phi="0" fkey_table="" fkey_field=""/>
    <bb_table_field table_name="mbr_pgm_cov" field_name="cmsSnpInd" sort_num="73" primary_key="0" incremented_key="0" hilo_block_size="" seq_name="" required="0" defaultlist="0" phi="0" fkey_table="" fkey_field=""/>
    <bb_table_field table_name="mbr_pgm_cov" field_name="cmsSnpTypeName" sort_num="74" primary_key="0" incremented_key="0" hilo_block_size="" seq_name="" required="0" defaultlist="0" phi="0" fkey_table="" fkey_field=""/>
    <bb_table_field table_name="mbr_pgm_cov" field_name="cmsStateShortName" sort_num="75" primary_key="0" incremented_key="0" hilo_block_size="" seq_name="" required="0" defaultlist="0" phi="0" fkey_table="" fkey_field=""/>
    <bb_table_field table_name="mbr_pgm_cov" field_name="cmsProductTypeName" sort_num="76" primary_key="0" incremented_key="0" hilo_block_size="" seq_name="" required="0" defaultlist="0" phi="0" fkey_table="" fkey_field=""/>
    <bb_table_field table_name="mbr_pgm_cov" field_name="lineOfBusinessType" sort_num="77" primary_key="0" incremented_key="0" hilo_block_size="" seq_name="" required="0" defaultlist="0" phi="0" fkey_table="" fkey_field=""/>
    <bb_table_field table_name="mbr_pgm_cov" field_name="niceCompanyCodeType" sort_num="78" primary_key="0" incremented_key="0" hilo_block_size="" seq_name="" required="0" defaultlist="0" phi="0" fkey_table="" fkey_field=""/>
    <bb_table_field table_name="mbr_pgm_cov" field_name="niceCoveragePlanCode" sort_num="79" primary_key="0" incremented_key="0" hilo_block_size="" seq_name="" required="0" defaultlist="0" phi="0" fkey_table="" fkey_field=""/>
    <bb_table_field table_name="mbr_pgm_cov" field_name="niceCoveragePlanDescription" sort_num="80" primary_key="0" incremented_key="0" hilo_block_size="" seq_name="" required="0" defaultlist="0" phi="0" fkey_table="" fkey_field=""/>
    <bb_table_field table_name="mbr_pgm_cov" field_name="niceCompanyRegionType" sort_num="81" primary_key="0" incremented_key="0" hilo_block_size="" seq_name="" required="0" defaultlist="0" phi="0" fkey_table="" fkey_field=""/>
    <bb_table_field table_name="mbr_pgm_cov" field_name="niceBenefitNetworkInfoType" sort_num="82" primary_key="0" incremented_key="0" hilo_block_size="" seq_name="" required="0" defaultlist="0" phi="0" fkey_table="" fkey_field=""/>
    <bb_table_field table_name="mbr_pgm_cov" field_name="radiologyMedNecType" sort_num="83" primary_key="0" incremented_key="0" hilo_block_size="" seq_name="" required="0" defaultlist="0" phi="0" fkey_table="" fkey_field=""/>
    <bb_table_field table_name="mbr_pgm_cov" field_name="cardiologyMedNecType" sort_num="84" primary_key="0" incremented_key="0" hilo_block_size="" seq_name="" required="0" defaultlist="0" phi="0" fkey_table="" fkey_field=""/>
    <bb_table_field table_name="mbr_pgm_cov" field_name="contractLabVendorType" sort_num="85" primary_key="0" incremented_key="0" hilo_block_size="" seq_name="" required="0" defaultlist="0" phi="0" fkey_table="" fkey_field=""/>
    <bb_table_field table_name="mbr_pgm_cov" field_name="legacyBenefitPlanID" sort_num="86" primary_key="0" incremented_key="0" hilo_block_size="" seq_name="" required="0" defaultlist="0" phi="0" fkey_table="" fkey_field=""/>
    <bb_table_field table_name="mbr_pgm_cov" field_name="gracePeriodThroughDate" sort_num="87" primary_key="0" incremented_key="0" hilo_block_size="" seq_name="" required="0" defaultlist="0" phi="0" fkey_table="" fkey_field=""/>
    <bb_table_field table_name="mbr_pgm_cov" field_name="paidThroughDate" sort_num="88" primary_key="0" incremented_key="0" hilo_block_size="" seq_name="" required="0" defaultlist="0" phi="0" fkey_table="" fkey_field=""/>
    <bb_table_field table_name="mbr_pgm_cov" field_name="emergentWrapBeneficiaryTypeID" sort_num="89" primary_key="0" incremented_key="0" hilo_block_size="" seq_name="" required="0" defaultlist="0" phi="0" fkey_table="" fkey_field=""/>
    <bb_table_field table_name="mbr_pgm_cov" field_name="cosmosUmDelegationTypeID" sort_num="90" primary_key="0" incremented_key="0" hilo_block_size="" seq_name="" required="0" defaultlist="0" phi="0" fkey_table="" fkey_field=""/>
    <bb_table_field table_name="mbr_pgm_cov" field_name="oncologyMedNecType" sort_num="91" primary_key="0" incremented_key="0" hilo_block_size="" seq_name="" required="0" defaultlist="0" phi="0" fkey_table="" fkey_field=""/>
    <bb_table_field table_name="mbr_pgm_cov" field_name="legacyBenPlanDesc" sort_num="92" primary_key="0" incremented_key="0" hilo_block_size="" seq_name="" required="0" defaultlist="0" phi="0" fkey_table="" fkey_field=""/>
    <bb_table_field table_name="mbr_pgm_cov" field_name="carrierName" sort_num="93" primary_key="0" incremented_key="0" hilo_block_size="" seq_name="" required="0" defaultlist="0" phi="0" fkey_table="" fkey_field=""/>
    <bb_table_field table_name="mbr_pgm_cov" field_name="productTypeDescription" sort_num="94" primary_key="0" incremented_key="0" hilo_block_size="" seq_name="" required="0" defaultlist="0" phi="0" fkey_table="" fkey_field=""/>
    <bb_table_field table_name="mbr_pgm_cov" field_name="providerNetworkDescription" sort_num="95" primary_key="0" incremented_key="0" hilo_block_size="" seq_name="" required="0" defaultlist="0" phi="0" fkey_table="" fkey_field=""/>
    <bb_table_field table_name="mbr_pgm_cov" field_name="delegatedEntityName" sort_num="96" primary_key="0" incremented_key="0" hilo_block_size="" seq_name="" required="0" defaultlist="0" phi="0" fkey_table="" fkey_field=""/>
    <bb_table_field table_name="mbr_pgm_cov" field_name="planVariationDesc" sort_num="97" primary_key="0" incremented_key="0" hilo_block_size="" seq_name="" required="0" defaultlist="0" phi="0" fkey_table="" fkey_field=""/>
    <bb_table_field table_name="mbr_pgm_cov" field_name="reciprocityNumber" sort_num="98" primary_key="0" incremented_key="0" hilo_block_size="" seq_name="" required="0" defaultlist="0" phi="0" fkey_table="" fkey_field=""/>
    <bb_table_field table_name="mbr_pgm_cov" field_name="planFeatureCode" sort_num="99" primary_key="0" incremented_key="0" hilo_block_size="" seq_name="" required="0" defaultlist="0" phi="0" fkey_table="" fkey_field=""/>
    <bb_table_field table_name="mbr_pgm_cov" field_name="planFeatureDescription" sort_num="100" primary_key="0" incremented_key="0" hilo_block_size="" seq_name="" required="0" defaultlist="0" phi="0" fkey_table="" fkey_field=""/>
    <bb_table_field table_name="mbr_pgm_inbnd_log" field_name="memberProgramInboundLogID" sort_num="1" primary_key="1" incremented_key="1" hilo_block_size="500" seq_name="" required="1" defaultlist="0" phi="0" fkey_table="" fkey_field=""/>
    <bb_table_field table_name="mbr_pgm_inbnd_log" field_name="createDateTime" sort_num="2" primary_key="0" incremented_key="0" hilo_block_size="" seq_name="" required="0" defaultlist="0" phi="0" fkey_table="" fkey_field=""/>
    <bb_table_field table_name="mbr_pgm_inbnd_log" field_name="createUserID" sort_num="3" primary_key="0" incremented_key="0" hilo_block_size="" seq_name="" required="0" defaultlist="0" phi="0" fkey_table="" fkey_field=""/>
    <bb_table_field table_name="mbr_pgm_inbnd_log" field_name="changeDateTime" sort_num="4" primary_key="0" incremented_key="0" hilo_block_size="" seq_name="" required="0" defaultlist="0" phi="0" fkey_table="" fkey_field=""/>
    <bb_table_field table_name="mbr_pgm_inbnd_log" field_name="changeUserID" sort_num="5" primary_key="0" incremented_key="0" hilo_block_size="" seq_name="" required="0" defaultlist="0" phi="0" fkey_table="" fkey_field=""/>
    <bb_table_field table_name="mbr_pgm_inbnd_log" field_name="updateVersion" sort_num="6" primary_key="0" incremented_key="0" hilo_block_size="" seq_name="" required="0" defaultlist="0" phi="0" fkey_table="" fkey_field=""/>
    <bb_table_field table_name="mbr_pgm_inbnd_log" field_name="recordProcessingStatusType" sort_num="7" primary_key="0" incremented_key="0" hilo_block_size="" seq_name="" required="0" defaultlist="0" phi="0" fkey_table="" fkey_field=""/>
    <bb_table_field table_name="mbr_pgm_inbnd_log" field_name="entityType" sort_num="8" primary_key="0" incremented_key="0" hilo_block_size="" seq_name="" required="0" defaultlist="0" phi="0" fkey_table="" fkey_field=""/>
    <bb_table_field table_name="mbr_pgm_inbnd_log" field_name="entityKeyID" sort_num="9" primary_key="0" incremented_key="0" hilo_block_size="" seq_name="" required="0" defaultlist="0" phi="0" fkey_table="" fkey_field=""/>
    <bb_table_field table_name="mbr_pgm_inbnd_log" field_name="receivedDateTime" sort_num="10" primary_key="0" incremented_key="0" hilo_block_size="" seq_name="" required="0" defaultlist="0" phi="0" fkey_table="" fkey_field=""/>
    <bb_table_field table_name="mbr_pgm_inbnd_log" field_name="inprocessDateTime" sort_num="11" primary_key="0" incremented_key="0" hilo_block_size="" seq_name="" required="0" defaultlist="0" phi="0" fkey_table="" fkey_field=""/>
    <bb_table_field table_name="mbr_pgm_inbnd_log" field_name="completeDateTime" sort_num="12" primary_key="0" incremented_key="0" hilo_block_size="" seq_name="" required="0" defaultlist="0" phi="0" fkey_table="" fkey_field=""/>
    <bb_table_field table_name="mbr_pgm_inbnd_log" field_name="errorDateTime" sort_num="13" primary_key="0" incremented_key="0" hilo_block_size="" seq_name="" required="0" defaultlist="0" phi="0" fkey_table="" fkey_field=""/>
    <bb_table_field table_name="mbr_pgm_inbnd_log" field_name="errorReasonType" sort_num="14" primary_key="0" incremented_key="0" hilo_block_size="" seq_name="" required="0" defaultlist="0" phi="0" fkey_table="" fkey_field=""/>
    <bb_table_field table_name="mbr_pgm_inbnd_log" field_name="errorText" sort_num="15" primary_key="0" incremented_key="0" hilo_block_size="" seq_name="" required="0" defaultlist="0" phi="0" fkey_table="" fkey_field=""/>
    <bb_table_field table_name="mbr_pgm_inbnd_log" field_name="memberProgramID" sort_num="16" primary_key="0" incremented_key="0" hilo_block_size="" seq_name="" required="0" defaultlist="0" phi="0" fkey_table="" fkey_field=""/>
    <bb_table_field table_name="mbr_pgm_inbnd_log" field_name="sourceApplicationFileName" sort_num="17" primary_key="0" incremented_key="0" hilo_block_size="" seq_name="" required="0" defaultlist="0" phi="0" fkey_table="" fkey_field=""/>
    <bb_table_field table_name="mbr_pgm_inbnd_log" field_name="sourceApplicationType" sort_num="18" primary_key="0" incremented_key="0" hilo_block_size="" seq_name="" required="0" defaultlist="0" phi="0" fkey_table="" fkey_field=""/>
    <bb_table_field table_name="mbr_pgm_inbnd_log" field_name="sourceApplicationFileDateTime" sort_num="19" primary_key="0" incremented_key="0" hilo_block_size="" seq_name="" required="0" defaultlist="0" phi="0" fkey_table="" fkey_field=""/>
    <bb_table_field table_name="mbr_pgm_inbnd_log" field_name="individualID" sort_num="20" primary_key="0" incremented_key="0" hilo_block_size="" seq_name="" required="0" defaultlist="0" phi="0" fkey_table="" fkey_field=""/>
    <bb_table_field table_name="mbr_pgm_inbnd_log" field_name="subscriberID" sort_num="21" primary_key="0" incremented_key="0" hilo_block_size="" seq_name="" required="0" defaultlist="0" phi="0" fkey_table="" fkey_field=""/>
    <bb_table_field table_name="mbr_pgm_inbnd_log" field_name="messageTypeId" sort_num="22" primary_key="0" incremented_key="0" hilo_block_size="" seq_name="" required="0" defaultlist="0" phi="0" fkey_table="" fkey_field=""/>
    <bb_table_field table_name="mbr_pgm_inbnd_log" field_name="birthDate" sort_num="23" primary_key="0" incremented_key="0" hilo_block_size="" seq_name="" required="0" defaultlist="0" phi="0" fkey_table="" fkey_field=""/>
    <bb_table_field table_name="mbr_pgm_inbnd_log" field_name="firstName" sort_num="24" primary_key="0" incremented_key="0" hilo_block_size="" seq_name="" required="0" defaultlist="0" phi="0" fkey_table="" fkey_field=""/>
    <bb_table_field table_name="mbr_pgm_inbnd_log" field_name="lastName" sort_num="25" primary_key="0" incremented_key="0" hilo_block_size="" seq_name="" required="0" defaultlist="0" phi="0" fkey_table="" fkey_field=""/>
    <bb_table_field table_name="mbr_pgm_inbnd_log" field_name="programType" sort_num="26" primary_key="0" incremented_key="0" hilo_block_size="" seq_name="" required="0" defaultlist="0" phi="0" fkey_table="" fkey_field=""/>
    <bb_table_field table_name="mbr_pgm_inbnd_log" field_name="healthAssessmentTakenDate" sort_num="27" primary_key="0" incremented_key="0" hilo_block_size="" seq_name="" required="0" defaultlist="0" phi="0" fkey_table="" fkey_field=""/>
    <bb_table_field table_name="mbr_pgm_inbnd_log" field_name="programCategoryType" sort_num="28" primary_key="0" incremented_key="0" hilo_block_size="" seq_name="" required="0" defaultlist="0" phi="0" fkey_table="" fkey_field=""/>
    <bb_table_field table_name="mbr_pgm_inbnd_log" field_name="optumAccountCode" sort_num="29" primary_key="0" incremented_key="0" hilo_block_size="" seq_name="" required="0" defaultlist="0" phi="0" fkey_table="" fkey_field=""/>
    <bb_table_field table_name="mbr_pgm_inbnd_log" field_name="nominatingDepartmentType" sort_num="30" primary_key="0" incremented_key="0" hilo_block_size="" seq_name="" required="0" defaultlist="0" phi="0" fkey_table="" fkey_field=""/>
    <bb_table_field table_name="mbr_pgm_inbnd_log" field_name="policyName" sort_num="31" primary_key="0" incremented_key="0" hilo_block_size="" seq_name="" required="0" defaultlist="0" phi="0" fkey_table="" fkey_field=""/>
    <bb_table_field table_name="mbr_pgm_inbnd_log" field_name="policyNumber" sort_num="32" primary_key="0" incremented_key="0" hilo_block_size="" seq_name="" required="0" defaultlist="0" phi="0" fkey_table="" fkey_field=""/>
    <bb_table_field table_name="mbr_pgm_inbnd_log" field_name="address1" sort_num="33" primary_key="0" incremented_key="0" hilo_block_size="" seq_name="" required="0" defaultlist="0" phi="0" fkey_table="" fkey_field=""/>
    <bb_table_field table_name="mbr_pgm_inbnd_log" field_name="address2" sort_num="34" primary_key="0" incremented_key="0" hilo_block_size="" seq_name="" required="0" defaultlist="0" phi="0" fkey_table="" fkey_field=""/>
    <bb_table_field table_name="mbr_pgm_inbnd_log" field_name="city" sort_num="35" primary_key="0" incremented_key="0" hilo_block_size="" seq_name="" required="0" defaultlist="0" phi="0" fkey_table="" fkey_field=""/>
    <bb_table_field table_name="mbr_pgm_inbnd_log" field_name="state" sort_num="36" primary_key="0" incremented_key="0" hilo_block_size="" seq_name="" required="0" defaultlist="0" phi="0" fkey_table="" fkey_field=""/>
    <bb_table_field table_name="mbr_pgm_inbnd_log" field_name="phone" sort_num="37" primary_key="0" incremented_key="0" hilo_block_size="" seq_name="" required="0" defaultlist="0" phi="0" fkey_table="" fkey_field=""/>
    <bb_table_field table_name="mbr_pgm_inbnd_log" field_name="etlJobId" sort_num="38" primary_key="0" incremented_key="0" hilo_block_size="" seq_name="" required="0" defaultlist="0" phi="0" fkey_table="" fkey_field=""/>
    <bb_table_field table_name="mbr_pgm_inbnd_log" field_name="ediID" sort_num="39" primary_key="0" incremented_key="0" hilo_block_size="" seq_name="" required="0" defaultlist="0" phi="0" fkey_table="" fkey_field=""/>
    <bb_table_field table_name="mbr_pgm_inbnd_log" field_name="cdidFileIdentifier" sort_num="40" primary_key="0" incremented_key="0" hilo_block_size="" seq_name="" required="0" defaultlist="0" phi="0" fkey_table="" fkey_field=""/>
    <bb_table_field table_name="mbr_pgm_inbnd_log" field_name="workQueueName" sort_num="41" primary_key="0" incremented_key="0" hilo_block_size="" seq_name="" required="0" defaultlist="0" phi="0" fkey_table="" fkey_field=""/>
    <bb_table_field table_name="mbr_pgm_inbnd_log" field_name="pbsPracticeName" sort_num="42" primary_key="0" incremented_key="0" hilo_block_size="" seq_name="" required="0" defaultlist="0" phi="0" fkey_table="" fkey_field=""/>
    <bb_table_field table_name="mbr_pgm_inbnd_log" field_name="nominationReasonType" sort_num="43" primary_key="0" incremented_key="0" hilo_block_size="" seq_name="" required="0" defaultlist="0" phi="0" fkey_table="" fkey_field=""/>
    <bb_table_field table_name="mbr_pgm_inbnd_log" field_name="rstScore" sort_num="44" primary_key="0" incremented_key="0" hilo_block_size="" seq_name="" required="0" defaultlist="0" phi="0" fkey_table="" fkey_field=""/>
    <bb_table_field table_name="mbr_pgm_inbnd_log" field_name="rpmScore" sort_num="45" primary_key="0" incremented_key="0" hilo_block_size="" seq_name="" required="0" defaultlist="0" phi="0" fkey_table="" fkey_field=""/>
    <bb_table_field table_name="mbr_pgm_inbnd_log" field_name="hscID" sort_num="46" primary_key="0" incremented_key="0" hilo_block_size="" seq_name="" required="0" defaultlist="0" phi="0" fkey_table="" fkey_field=""/>
    <bb_table_field table_name="mbr_pgm_othr_cov" field_name="memberProgramID" sort_num="1" primary_key="1" incremented_key="0" hilo_block_size="" seq_name="" required="1" defaultlist="0" phi="0" fkey_table="mbr_pgm" fkey_field="memberProgramID"/>
    <bb_table_field table_name="mbr_pgm_othr_cov" field_name="memberOtherCoverageSeqNum" sort_num="2" primary_key="1" incremented_key="1" hilo_block_size="" seq_name="" required="1" defaultlist="0" phi="0" fkey_table="" fkey_field=""/>
    <bb_table_field table_name="mbr_pgm_othr_cov" field_name="createDateTime" sort_num="3" primary_key="0" incremented_key="0" hilo_block_size="" seq_name="" required="0" defaultlist="0" phi="0" fkey_table="" fkey_field=""/>
    <bb_table_field table_name="mbr_pgm_othr_cov" field_name="createUserID" sort_num="4" primary_key="0" incremented_key="0" hilo_block_size="" seq_name="" required="0" defaultlist="0" phi="0" fkey_table="" fkey_field=""/>
    <bb_table_field table_name="mbr_pgm_othr_cov" field_name="changeDateTime" sort_num="5" primary_key="0" incremented_key="0" hilo_block_size="" seq_name="" required="0" defaultlist="0" phi="0" fkey_table="" fkey_field=""/>
    <bb_table_field table_name="mbr_pgm_othr_cov" field_name="changeUserID" sort_num="6" primary_key="0" incremented_key="0" hilo_block_size="" seq_name="" required="0" defaultlist="0" phi="0" fkey_table="" fkey_field=""/>
    <bb_table_field table_name="mbr_pgm_othr_cov" field_name="updateVersion" sort_num="7" primary_key="0" incremented_key="0" hilo_block_size="" seq_name="" required="0" defaultlist="0" phi="0" fkey_table="" fkey_field=""/>
    <bb_table_field table_name="mbr_pgm_othr_cov" field_name="otherCoverageCompanyName" sort_num="8" primary_key="0" incremented_key="0" hilo_block_size="" seq_name="" required="0" defaultlist="0" phi="0" fkey_table="" fkey_field=""/>
    <bb_table_field table_name="mbr_pgm_othr_cov" field_name="otherCoveragePolicyNum" sort_num="9" primary_key="0" incremented_key="0" hilo_block_size="" seq_name="" required="0" defaultlist="0" phi="0" fkey_table="" fkey_field=""/>
    <bb_table_field table_name="mbr_pgm_othr_cov" field_name="otherCoverageStartDate" sort_num="10" primary_key="0" incremented_key="0" hilo_block_size="" seq_name="" required="0" defaultlist="0" phi="0" fkey_table="" fkey_field=""/>
    <bb_table_field table_name="mbr_pgm_othr_cov" field_name="otherCoverageEndDate" sort_num="11" primary_key="0" incremented_key="0" hilo_block_size="" seq_name="" required="0" defaultlist="0" phi="0" fkey_table="" fkey_field=""/>
    <bb_table_field table_name="mbr_pgm_othr_cov" field_name="otherCoverageReasonType" sort_num="12" primary_key="0" incremented_key="0" hilo_block_size="" seq_name="" required="0" defaultlist="0" phi="0" fkey_table="" fkey_field=""/>
    <bb_table_field table_name="mbr_pgm_othr_cov" field_name="inactiveInd" sort_num="13" primary_key="0" incremented_key="0" hilo_block_size="" seq_name="" required="0" defaultlist="0" phi="0" fkey_table="" fkey_field=""/>
    <bb_table_field table_name="mbr_pgm_othr_cov" field_name="recordSourceType" sort_num="14" primary_key="0" incremented_key="0" hilo_block_size="" seq_name="" required="0" defaultlist="0" phi="0" fkey_table="" fkey_field=""/>
    <bb_table_field table_name="mbr_pgm_othr_cov" field_name="coverageOrderType" sort_num="15" primary_key="0" incremented_key="0" hilo_block_size="" seq_name="" required="0" defaultlist="0" phi="0" fkey_table="" fkey_field=""/>
    <bb_table_field table_name="mbr_pgm_prob" field_name="memberProgramID" sort_num="1" primary_key="1" incremented_key="0" hilo_block_size="" seq_name="" required="1" defaultlist="0" phi="0" fkey_table="mbr_pgm" fkey_field="memberProgramID"/>
    <bb_table_field table_name="mbr_pgm_prob" field_name="memberID" sort_num="2" primary_key="1" incremented_key="0" hilo_block_size="" seq_name="" required="1" defaultlist="0" phi="0" fkey_table="mbr_prob" fkey_field="memberID"/>
    <bb_table_field table_name="mbr_pgm_prob" field_name="problemSequenceNumber" sort_num="3" primary_key="1" incremented_key="0" hilo_block_size="" seq_name="" required="1" defaultlist="0" phi="0" fkey_table="" fkey_field=""/>
    <bb_table_field table_name="mbr_pgm_prob" field_name="createDateTime" sort_num="4" primary_key="0" incremented_key="0" hilo_block_size="" seq_name="" required="0" defaultlist="0" phi="0" fkey_table="" fkey_field=""/>
    <bb_table_field table_name="mbr_pgm_prob" field_name="createUserID" sort_num="5" primary_key="0" incremented_key="0" hilo_block_size="" seq_name="" required="0" defaultlist="0" phi="0" fkey_table="" fkey_field=""/>
    <bb_table_field table_name="mbr_pgm_prob" field_name="changeDateTime" sort_num="6" primary_key="0" incremented_key="0" hilo_block_size="" seq_name="" required="0" defaultlist="0" phi="0" fkey_table="" fkey_field=""/>
    <bb_table_field table_name="mbr_pgm_prob" field_name="changeUserID" sort_num="7" primary_key="0" incremented_key="0" hilo_block_size="" seq_name="" required="0" defaultlist="0" phi="0" fkey_table="" fkey_field=""/>
    <bb_table_field table_name="mbr_pgm_prob" field_name="updateVersion" sort_num="8" primary_key="0" incremented_key="0" hilo_block_size="" seq_name="" required="0" defaultlist="0" phi="0" fkey_table="" fkey_field=""/>
    <bb_table_field table_name="mbr_pgm_prob" field_name="startDate" sort_num="9" primary_key="0" incremented_key="0" hilo_block_size="" seq_name="" required="0" defaultlist="0" phi="0" fkey_table="" fkey_field=""/>
    <bb_table_field table_name="mbr_pgm_prob" field_name="endDate" sort_num="10" primary_key="0" incremented_key="0" hilo_block_size="" seq_name="" required="0" defaultlist="0" phi="0" fkey_table="" fkey_field=""/>
    <bb_table_field table_name="mbr_pgm_sub" field_name="memberProgramID" sort_num="1" primary_key="1" incremented_key="0" hilo_block_size="" seq_name="" required="1" defaultlist="0" phi="0" fkey_table="mbr_pgm" fkey_field="memberProgramID"/>
    <bb_table_field table_name="mbr_pgm_sub" field_name="subProgramTypeId" sort_num="2" primary_key="1" incremented_key="0" hilo_block_size="" seq_name="" required="1" defaultlist="0" phi="0" fkey_table="" fkey_field=""/>
    <bb_table_field table_name="mbr_pgm_sub" field_name="createDateTime" sort_num="3" primary_key="0" incremented_key="0" hilo_block_size="" seq_name="" required="0" defaultlist="0" phi="0" fkey_table="" fkey_field=""/>
    <bb_table_field table_name="mbr_pgm_sub" field_name="createUserID" sort_num="4" primary_key="0" incremented_key="0" hilo_block_size="" seq_name="" required="0" defaultlist="0" phi="0" fkey_table="" fkey_field=""/>
    <bb_table_field table_name="mbr_pgm_sub" field_name="changeDateTime" sort_num="5" primary_key="0" incremented_key="0" hilo_block_size="" seq_name="" required="0" defaultlist="0" phi="0" fkey_table="" fkey_field=""/>
    <bb_table_field table_name="mbr_pgm_sub" field_name="changeUserID" sort_num="6" primary_key="0" incremented_key="0" hilo_block_size="" seq_name="" required="0" defaultlist="0" phi="0" fkey_table="" fkey_field=""/>
    <bb_table_field table_name="mbr_pgm_sub" field_name="updateVersion" sort_num="7" primary_key="0" incremented_key="0" hilo_block_size="" seq_name="" required="0" defaultlist="0" phi="0" fkey_table="" fkey_field=""/>
    <bb_table_field table_name="memberProgramView" field_name="memberID" sort_num="1" primary_key="1" incremented_key="0" hilo_block_size="" seq_name="" required="0" defaultlist="0" phi="0" fkey_table="" fkey_field=""/>
    <bb_table_field table_name="memberProgramView" field_name="memberProgramID" sort_num="2" primary_key="1" incremented_key="0" hilo_block_size="" seq_name="" required="0" defaultlist="0" phi="0" fkey_table="" fkey_field=""/>
    <bb_table_field table_name="memberProgramView" field_name="programCategoryType" sort_num="3" primary_key="0" incremented_key="0" hilo_block_size="" seq_name="" required="0" defaultlist="0" phi="0" fkey_table="" fkey_field=""/>
    <bb_table_field table_name="memberProgramView" field_name="programType" sort_num="4" primary_key="0" incremented_key="0" hilo_block_size="" seq_name="" required="0" defaultlist="0" phi="0" fkey_table="" fkey_field=""/>
    <bb_table_field table_name="memberProgramView" field_name="nominatingDepartmentType" sort_num="5" primary_key="0" incremented_key="0" hilo_block_size="" seq_name="" required="0" defaultlist="0" phi="0" fkey_table="" fkey_field=""/>
    <bb_table_field table_name="memberProgramView" field_name="nominationReasonType" sort_num="6" primary_key="0" incremented_key="0" hilo_block_size="" seq_name="" required="0" defaultlist="0" phi="0" fkey_table="" fkey_field=""/>
    <bb_table_field table_name="memberProgramView" field_name="nominationAcceptanceReasonType" sort_num="7" primary_key="0" incremented_key="0" hilo_block_size="" seq_name="" required="0" defaultlist="0" phi="0" fkey_table="" fkey_field=""/>
    <bb_table_field table_name="memberProgramView" field_name="nominationSourceApplType" sort_num="8" primary_key="0" incremented_key="0" hilo_block_size="" seq_name="" required="0" defaultlist="0" phi="0" fkey_table="" fkey_field=""/>
    <bb_table_field table_name="memberProgramView" field_name="nominationDate" sort_num="9" primary_key="0" incremented_key="0" hilo_block_size="" seq_name="" required="0" defaultlist="0" phi="0" fkey_table="" fkey_field=""/>
    <bb_table_field table_name="memberProgramView" field_name="memberProgramStatusType" sort_num="10" primary_key="0" incremented_key="0" hilo_block_size="" seq_name="" required="0" defaultlist="0" phi="0" fkey_table="" fkey_field=""/>
    <bb_table_field table_name="memberProgramView" field_name="memberProgramStatusReasonType" sort_num="11" primary_key="0" incremented_key="0" hilo_block_size="" seq_name="" required="0" defaultlist="0" phi="0" fkey_table="" fkey_field=""/>
    <bb_table_field table_name="memberProgramView" field_name="programCategoryTypeRefDesc" sort_num="12" primary_key="0" incremented_key="0" hilo_block_size="" seq_name="" required="0" defaultlist="0" phi="0" fkey_table="" fkey_field=""/>
    <bb_table_field table_name="memberProgramView" field_name="programTypeRefDesc" sort_num="13" primary_key="0" incremented_key="0" hilo_block_size="" seq_name="" required="0" defaultlist="0" phi="0" fkey_table="" fkey_field=""/>
    <bb_table_field table_name="memberProgramView" field_name="nominatingDepartmentTypeRefDesc" sort_num="14" primary_key="0" incremented_key="0" hilo_block_size="" seq_name="" required="0" defaultlist="0" phi="0" fkey_table="" fkey_field=""/>
    <bb_table_field table_name="memberProgramView" field_name="nominationReasonTypeRefDesc" sort_num="15" primary_key="0" incremented_key="0" hilo_block_size="" seq_name="" required="0" defaultlist="0" phi="0" fkey_table="" fkey_field=""/>
    <bb_table_field table_name="memberProgramView" field_name="nomAcceptanceReasonTypeRefDesc" sort_num="16" primary_key="0" incremented_key="0" hilo_block_size="" seq_name="" required="0" defaultlist="0" phi="0" fkey_table="" fkey_field=""/>
    <bb_table_field table_name="memberProgramView" field_name="memberProgramStatusTypeRefDesc" sort_num="17" primary_key="0" incremented_key="0" hilo_block_size="" seq_name="" required="0" defaultlist="0" phi="0" fkey_table="" fkey_field=""/>
    <bb_table_field table_name="memberProgramView" field_name="nominationSourceApplDesc" sort_num="18" primary_key="0" incremented_key="0" hilo_block_size="" seq_name="" required="0" defaultlist="0" phi="0" fkey_table="" fkey_field=""/>
    <bb_table_field table_name="memberProgramView" field_name="memberPgmStatusReasonTypeRefDesc" sort_num="19" primary_key="0" incremented_key="0" hilo_block_size="" seq_name="" required="0" defaultlist="0" phi="0" fkey_table="" fkey_field=""/>
    <bb_table_field table_name="memberProgramView" field_name="endDate" sort_num="20" primary_key="0" incremented_key="0" hilo_block_size="" seq_name="" required="0" defaultlist="0" phi="0" fkey_table="" fkey_field=""/>
    <bb_table_field table_name="memberProgramView" field_name="createUserID" sort_num="21" primary_key="0" incremented_key="0" hilo_block_size="" seq_name="" required="0" defaultlist="0" phi="0" fkey_table="" fkey_field=""/>
    <bb_table_field table_name="memberProgramView" field_name="createDateTime" sort_num="22" primary_key="0" incremented_key="0" hilo_block_size="" seq_name="" required="0" defaultlist="0" phi="0" fkey_table="" fkey_field=""/>
    <bb_table_field table_name="memberProgramView" field_name="changeUserID" sort_num="23" primary_key="0" incremented_key="0" hilo_block_size="" seq_name="" required="0" defaultlist="0" phi="0" fkey_table="" fkey_field=""/>
    <bb_table_field table_name="memberProgramView" field_name="enrollmentDate" sort_num="24" primary_key="0" incremented_key="0" hilo_block_size="" seq_name="" required="0" defaultlist="0" phi="0" fkey_table="" fkey_field=""/>
    <bb_table_field table_name="memberProgramView" field_name="changeDateTime" sort_num="25" primary_key="0" incremented_key="0" hilo_block_size="" seq_name="" required="0" defaultlist="0" phi="0" fkey_table="" fkey_field=""/>
    <bb_table_field table_name="memberProgramView" field_name="startDate" sort_num="26" primary_key="0" incremented_key="0" hilo_block_size="" seq_name="" required="0" defaultlist="0" phi="0" fkey_table="" fkey_field=""/>
    <bb_table_field table_name="memberProgramView" field_name="inactiveInd" sort_num="27" primary_key="0" incremented_key="0" hilo_block_size="" seq_name="" required="0" defaultlist="0" phi="0" fkey_table="" fkey_field=""/>
    <bb_table_field table_name="memberProgramView" field_name="memberFullName" sort_num="28" primary_key="0" incremented_key="0" hilo_block_size="" seq_name="" required="0" defaultlist="0" phi="0" fkey_table="" fkey_field=""/>
    <bb_table_field table_name="memberProgramView" field_name="memberIDType" sort_num="29" primary_key="0" incremented_key="0" hilo_block_size="" seq_name="" required="0" defaultlist="0" phi="0" fkey_table="" fkey_field=""/>
    <bb_table_field table_name="memberProgramView" field_name="memberIDText" sort_num="30" primary_key="0" incremented_key="0" hilo_block_size="" seq_name="" required="0" defaultlist="0" phi="0" fkey_table="" fkey_field=""/>
    <bb_table_field table_name="memberProgramView" field_name="birthDate" sort_num="31" primary_key="0" incremented_key="0" hilo_block_size="" seq_name="" required="0" defaultlist="0" phi="0" fkey_table="" fkey_field=""/>
    <bb_table_field table_name="memberProgramView" field_name="deathDate" sort_num="32" primary_key="0" incremented_key="0" hilo_block_size="" seq_name="" required="0" defaultlist="0" phi="0" fkey_table="" fkey_field=""/>
    <bb_table_field table_name="memberProgramView" field_name="attachmentInd" sort_num="33" primary_key="0" incremented_key="0" hilo_block_size="" seq_name="" required="0" defaultlist="0" phi="0" fkey_table="" fkey_field=""/>
    <bb_table_field table_name="mbr_prov_clin_pgm" field_name="memberProviderClinicalID" sort_num="1" primary_key="1" incremented_key="0" hilo_block_size="" seq_name="" required="1" defaultlist="0" phi="0" fkey_table="mbr_prov_clin" fkey_field="memberProviderClinicalID"/>
    <bb_table_field table_name="mbr_prov_clin_pgm" field_name="memberProgramID" sort_num="2" primary_key="1" incremented_key="0" hilo_block_size="" seq_name="" required="1" defaultlist="0" phi="0" fkey_table="mbr_pgm" fkey_field="memberProgramID"/>
    <bb_table_field table_name="mbr_prov_clin_pgm" field_name="memberID" sort_num="3" primary_key="0" incremented_key="0" hilo_block_size="" seq_name="" required="0" defaultlist="0" phi="0" fkey_table="" fkey_field=""/>
    <bb_table_field table_name="mbr_prov_clin_pgm" field_name="providerClinicalID" sort_num="4" primary_key="0" incremented_key="0" hilo_block_size="" seq_name="" required="0" defaultlist="0" phi="0" fkey_table="" fkey_field=""/>
    <bb_table_field table_name="mbr_prov_clin_pgm" field_name="createDateTime" sort_num="5" primary_key="0" incremented_key="0" hilo_block_size="" seq_name="" required="0" defaultlist="0" phi="0" fkey_table="" fkey_field=""/>
    <bb_table_field table_name="mbr_prov_clin_pgm" field_name="createUserID" sort_num="6" primary_key="0" incremented_key="0" hilo_block_size="" seq_name="" required="0" defaultlist="0" phi="0" fkey_table="" fkey_field=""/>
    <bb_table_field table_name="mbr_prov_clin_pgm" field_name="changeDateTime" sort_num="7" primary_key="0" incremented_key="0" hilo_block_size="" seq_name="" required="0" defaultlist="0" phi="0" fkey_table="" fkey_field=""/>
    <bb_table_field table_name="mbr_prov_clin_pgm" field_name="changeUserID" sort_num="8" primary_key="0" incremented_key="0" hilo_block_size="" seq_name="" required="0" defaultlist="0" phi="0" fkey_table="" fkey_field=""/>
    <bb_table_field table_name="mbr_prov_clin_pgm" field_name="updateVersion" sort_num="9" primary_key="0" incremented_key="0" hilo_block_size="" seq_name="" required="0" defaultlist="0" phi="0" fkey_table="" fkey_field=""/>
    <bb_table_field table_name="mbr_prov_clin_pgm" field_name="startDate" sort_num="10" primary_key="0" incremented_key="0" hilo_block_size="" seq_name="" required="0" defaultlist="0" phi="0" fkey_table="" fkey_field=""/>
    <bb_table_field table_name="mbr_prov_clin_pgm" field_name="endDate" sort_num="11" primary_key="0" incremented_key="0" hilo_block_size="" seq_name="" required="0" defaultlist="0" phi="0" fkey_table="" fkey_field=""/>
    <bb_table_field table_name="mbr_prov_clin_pgm" field_name="mbrPgmProvRoleTypId" sort_num="12" primary_key="0" incremented_key="0" hilo_block_size="" seq_name="" required="0" defaultlist="0" phi="0" fkey_table="" fkey_field=""/>
</bb_table_fieldsList>