<?xml version="1.0" encoding="UTF-8"?>
<bb_tablesList>
    <bb_table table_name="mbr_pgm" descriptiontext="Instance of member being nominated to or enrolled into a Program." voclass="com.optum.app.common.memberprogram.data.MemberProgramVO" daoclass="" daoclassimpl="" auditnotestable="mbr_pgm_aud_dtl" view_indicator="0" distinct_indicator="0" virtual_indicator="0" under_construction="0" secured="0" logHistory="0" num_pk_index_partitions="0" pk_partitioned_index_name="" db_category="" translatable="0"/>
    <bb_table table_name="mbr_pgm_alrt" descriptiontext="warning/tag on Member Program based on certain business criteria" voclass="com.optum.app.common.memberprogram.data.MemberProgramAlertVO" daoclass="" daoclassimpl="" auditnotestable="mbr_pgm_aud_dtl" view_indicator="0" distinct_indicator="0" virtual_indicator="0" under_construction="0" secured="0" logHistory="0" num_pk_index_partitions="0" pk_partitioned_index_name="" db_category="" translatable="0"/>
    <bb_table table_name="mbr_pgm_aud_dtl" descriptiontext="System audit trial of MEMBER record changes including who, and when changed what data field and before/after values." voclass="com.optum.app.common.memberprogram.data.MemberProgramAuditDetailVO" daoclass="" daoclassimpl="" auditnotestable="" view_indicator="0" distinct_indicator="0" virtual_indicator="0" under_construction="0" secured="0" logHistory="0" num_pk_index_partitions="0" pk_partitioned_index_name="" db_category="" translatable="0"/>
    <bb_table table_name="mbr_pgm_cov" descriptiontext="Member eligibility/Coverage that are in effective during the time of the Member Program" voclass="com.optum.app.common.memberprogram.data.MemberProgramCoverageVO" daoclass="" daoclassimpl="" auditnotestable="mbr_pgm_aud_dtl" view_indicator="0" distinct_indicator="0" virtual_indicator="0" under_construction="0" secured="0" logHistory="0" num_pk_index_partitions="0" pk_partitioned_index_name="" db_category="" translatable="0"/>
    <bb_table table_name="mbr_pgm_inbnd_log" descriptiontext="Batch inbound file records to create or update member program (normination) from internal applications or external third parties." voclass="com.optum.app.common.memberprogram.data.MemberProgramInboundLogVO" daoclass="" daoclassimpl="" auditnotestable="" view_indicator="0" distinct_indicator="0" virtual_indicator="0" under_construction="0" secured="0" logHistory="0" num_pk_index_partitions="0" pk_partitioned_index_name="" db_category="" translatable="0"/>
    <bb_table table_name="mbr_pgm_othr_cov" descriptiontext="A record of other coverage (insurance or benefit plan) for a Member that is in effect at the time of the HSC. Types of other coverage that can exist: workers comp, auto accident/policy, other medical plan benefit coverage, etc." voclass="com.optum.app.common.memberprogram.data.MemberProgramOtherCoverageVO" daoclass="" daoclassimpl="" auditnotestable="mbr_pgm_aud_dtl" view_indicator="0" distinct_indicator="0" virtual_indicator="0" under_construction="0" secured="0" logHistory="0" num_pk_index_partitions="0" pk_partitioned_index_name="" db_category="" translatable="0"/>
    <bb_table table_name="mbr_pgm_prob" descriptiontext="Member problems managed by member program" voclass="com.optum.app.common.memberprogram.data.MemberProgramProblemVO" daoclass="" daoclassimpl="" auditnotestable="" view_indicator="0" distinct_indicator="0" virtual_indicator="0" under_construction="0" secured="0" logHistory="0" num_pk_index_partitions="0" pk_partitioned_index_name="" db_category="" translatable="0"/>
    <bb_table table_name="mbr_pgm_sub" descriptiontext="Member Sub Program" voclass="com.optum.app.common.memberprogram.data.MemberProgramSubVO" daoclass="" daoclassimpl="" auditnotestable="" view_indicator="0" distinct_indicator="0" virtual_indicator="0" under_construction="0" secured="0" logHistory="0" num_pk_index_partitions="0" pk_partitioned_index_name="" db_category="" translatable="0"/>
    <bb_table table_name="memberProgramView" descriptiontext="Member Programs List" voclass="com.optum.app.common.memberprogram.data.MemberProgramViewVO" daoclass="" daoclassimpl="" auditnotestable="" view_indicator="0" distinct_indicator="0" virtual_indicator="1" under_construction="0" secured="0" logHistory="0" num_pk_index_partitions="0" pk_partitioned_index_name="" db_category="" translatable="0"/>
    <bb_table table_name="mbr_prov_clin_pgm" descriptiontext="This for member program associated provider information" voclass="com.optum.app.common.memberprogram.data.MemberProviderClinicalProgramVO" daoclass="" daoclassimpl="" auditnotestable="mbr_pgm_aud_dtl" view_indicator="0" distinct_indicator="0" virtual_indicator="0" under_construction="0" secured="0" logHistory="0" num_pk_index_partitions="0" pk_partitioned_index_name="" db_category="" translatable="0"/>
</bb_tablesList>