{
    "payerName": "Blue Cross Blue Shield",
    "payerAbbreviation": "BCBCSC",
    "logoURL": "images/optum_logo_v2.svg",
    "logoAltText": "Blue Cross Blue Shield Medical Benefits Management",
    "internalOpsLogoAltText": "Blue Cross Blue Shield Medical Benefits Management",
    "operationsPhone": "1-877-440-0089",
    "servicingProviderHelpPhone": "1-855-895-1682",
    "commercialInsuranceMembersPhone": "Optum",
    "dashboardMessage": "",
    "contactUsText": "We welcome your feedback about our website. If you have any technical problems or comments, please access our<a href=\"\">User Guide</a>, or find our contact information below:<br/><br/><h3><strong>Cancer Guidance Program</strong></h3>&nbsp;&nbsp;<strong class=\"bold\">Hours: &nbsp;</strong>Monday - Friday, 7:00am - 7:00pm CT<br>&nbsp;&nbsp;<strong class=\"bold\">Phone: &nbsp;</strong>1-877-440-0089<br>&nbsp;&nbsp;<strong class=\"bold\">Email: &nbsp;</strong><a href = \"mailto: cancerauthorizationprogram@optum.com\">cancerauthorizationprogram@optum.com</a><br/><h3 class=\"noPadding\"><strong>Specialty Guidance Program</strong></h3>&nbsp;&nbsp;<strong class\"bold\">Hours: &nbsp;</strong>Monday - Friday, 7:00am - 7:00pm CT<br>&nbsp;&nbsp;<strong class=\"bold\">Phone: &nbsp;</strong>1-877-440-0089<br>&nbsp;&nbsp;<strong class=\"bold\">Email: &nbsp;</strong><a href = \"mailto: specialtyguidanceprogram@optum.com\">specialtyguidanceprogram@optum.com</a>",
    "userGuideLink": "/userGuide/CGP and SGP User Guides External Client_120919.pdf",
    "historyTab": "Converted Authorizations",
    "memberSearchText": "BCBSSC",
    "cancerTherapyFaqLink": "",
    "pathwaysProgramRaw": "",
    "priorAuthorizationProgramPage": "",
    "memberSearchNoRecordFound": ["No members found","No eligible members were found with the search criteria provided. Please try your search again."],
    "networkManagementRepQuery": "<p style=\"margin: 5px\">If you have questions, please contact your Network Management representative.</p>",
    "MSESupplierTooltip": "The selected drug is on the Medication Sourcing Expansion list. Administering the drug at an Outpatient Place of Service may limit the Servicing Provider/Specialty Pharmacies that can<br>be utilized to obtain the medication. Once your authorization is approved, please forward the prescription to the<br>selected specialty pharmacy.<br><br>If you have questions, please contact your Network Management representative.",
    "regimen": {
        "offPathwayRegimenWarningPopupText": "",
        "offPathwayRegimenWarningPopupTextSkipCustom": "The regimen you have selected is not part of the Cancer Therapy Pathway Program and may impact your pathway adherence. You can monitor your pathways adherence on the provider dashboard, which can be accessed via Home > Dashboards > Provider Dashboard. In order to proceed, please provide the following information:",
        "mixedRegimenMessage": "<p>The regimen you selected includes a pharmacy benefit drug(s). The Member does not have active pharmacy benefits with OptumRx and the pharmacy drug(s) cannot be authorized through this tool. The authorization we are providing applies only to the medical benefit drug(s) within the regimen.</p> <br> <p>Please contact the member's pharmacy benefit manager for authorization of the pharmacy benefit drugs.</p>",
        "oralNoRXMessage": "<p>The regimen you selected includes pharmacy benefit drug(s) only. The Member does not have active pharmacy benefits with OptumRx and the drug(s) <strong>cannot be authorized through this tool.</strong> Please contact the member&rsquo;s pharmacy benefit manager for authorization of the pharmacy benefit drug(s).</p> <p>Your authorization request is already saved as draft.</p> <p>If you no longer wish to proceed with this request, please cancel the authorization.</p>"
    },
    "customRegimen": {
        "maxNumberOfDrugs": "25",
        "chemoTrialCancerCheck": "0",
        "mixedRegimenMessage": "<p>The regimen you selected includes a pharmacy benefit drug(s). The Member does not have active pharmacy benefits with OptumRx and the pharmacy drug(s) cannot be authorized through this tool. The authorization we are providing applies only to the medical benefit drug(s) within the regimen.</p> <br> <p>Please contact the member's pharmacy benefit manager for authorization of the pharmacy benefit drugs.</p>",
        "oralNoRXMessage": "<p>The regimen you selected includes pharmacy benefit drug(s) only. The Member does not have active pharmacy benefits with OptumRx and the drug(s) <strong>cannot be authorized through this tool.</strong> Please contact the member&rsquo;s pharmacy benefit manager for authorization of the pharmacy benefit drug(s).</p> <p>Your authorization request is already saved as draft.</p> <p>If you no longer wish to proceed with this request, please cancel the authorization.</p>"
    },
    "nationalAvgWidgetSubHeader": "",
    "nationalAvgWidgetHeader": "",
    "providerSearchHelperText": "",
    "coverPagePhoneNumber": "844-284-8068"
}
