{
    "logoURL": "images/optum_logo_v2.svg",
    "logoAltText": "Optum Medical Benefits Management",
    "internalOpsLogoAltText": "Optum Medical Benefits Management",
    "operationsPhone": "1-877-454-8365",
    "servicingProviderHelpPhone": "1-877-454-8365",
    "commercialInsuranceMembersPhone": "1-877-454-8365",
    "dashboardMessage": "This tool is only for outpatient injectable chemotherapy, therapeutic radiopharmaceuticals, and specific supportive care drugs. This tool is not used for cancer drugs that are requested and/or administered as part of Home Health or Inpatient care. Oral Chemo agents covered under Medicare Part D need to be approved through the member’s pharmacy benefit manager (PBM). Please contact the number on the member's insurance card for more information.",
    "contactUsText": "<p>We welcome your feedback about our website. If you have any technical problems, please access our <a href=\"\">User Guide</a>. For clinical operations support, please use the contact information below:</p><br/></div><div class=\"contact\"><h3><strong>Cancer Guidance Program</strong></h3><p><strong>Hours: </strong> Monday - Friday, 7:00am - 7:00pm CT</p><p><strong>Phone: </strong>1-877-454-8365</p><p><strong>Email:</strong><a href=\"mailto:cancerauthorizationprogram@optum.com\">cancerauthorizationprogram@optum.com</a></p>",
    "userGuideLink": "/userGuide/OptumCare User Guide placeholder.pdf",
    "historyTab": "History",
    "memberSearchText": "OptumCare",
    "cancerTherapyFaqLink": "OptumCare Cancer Therapy Pathways Program",
    "pathwaysProgramRaw": "<div style=\"width: 100%;\"><p>Cancer treatment pathway regimens are identified on the basis of clinical benefit (efficacy) and side-effect profile (toxicity). Among regimens with comparable efficacy and toxicity, additional consideration is given to the frequency of hospitalizations during treatment, duration of therapy, drug costs, and total cost of care.</p><br><p>Pathways will be available for most common cancer types and will include options for defined biomarker subsets and lines of therapy. However, given the complexity of cancer, pathways are not expected for every medical condition.</p><br><p>Pathways are not a substitute for the experience and judgment of a physician or other health care professional. Clinicians must use independent medical judgment in the context of individual clinical circumstances to determine any patient's care or treatment. Care decisions are between the physician and the patient. We do not make decisions about the kind of care that should or should not be received.</p><br><p>The selection of a pathway regimen is not required to receive a prior authorization for therapy. Optum Care's criteria for cancer therapy coverage determinations will not change as a result of this program.</p><br><p>Learn more about cancer treatment pathways at <a href=\"https://marketingcloud.optum.com/content/rxcaresolutions/cgp/en.html\" target=\"_blank\">OptumCare Cancer Guidance Program page.</a></p></div>",
    "priorAuthorizationProgramPage": "https://marketingcloud.optum.com/content/rxcaresolutions/cgp/en.html",
    "networkManagementRepQuery": "<p style=\"margin: 5px\">If you have questions, please contact your Network Management representative.</p>",
    "MSESupplierTooltip": "The selected drug is on the Medication Sourcing Expansion list. Administering the drug at an Outpatient Place of Service may limit the Servicing Provider/Specialty Pharmacies that can<br>be utilized to obtain the medication. Once your authorization is approved, please forward the prescription to the<br>selected specialty pharmacy.<br><br>If you have questions, please contact your Network Management representative.",
    "regimen": {
        "offPathwayRegimenWarningPopupText": "<p>The regimen you have selected is not part of the Cancer Therapy Pathway Program. Would you like to continue using this option?</p><br/><p>If you are asked for a Regimen Justification, enter \"NCCN recommended\" in the box provided prior to clicking submit.</p>",
        "offPathwayRegimenWarningPopupTextSkipCustom": "The regimen you have selected is not part of the Cancer Therapy Pathway Program. In order to proceed, please provide the following information:",
        "mixedRegimenMessage": "<p>The regimen you selected includes a pharmacy benefit drug(s). The pharmacy drug(s) cannot be authorized through this tool. The authorization we are providing applies only to the medical benefit drug(s) within the regimen.</p>  <br>  <p>Please contact the member&rsquo;s pharmacy benefit manager for authorization of the pharmacy benefit drugs.</p>",
        "oralNoRXMessage": "<p>The regimen you selected includes pharmacy benefit drug(s) only. The pharmacy drug(s) <strong>cannot be authorized through this tool.</strong> Please contact the member's pharmacy benefit manager for authorization of the pharmacy benefit drug(s).</p> <br> <p>Your authorization request is already saved as draft.</p> <p>If you no longer wish to proceed with this request, please cancel the authorization.</p>"
    },
    "customRegimen": {
        "maxNumberOfDrugs": "15",
        "chemoTrialCancerCheck": "1",
        "mixedRegimenMessage": "<p>The regimen you selected includes a pharmacy benefit drug(s). The pharmacy drug(s) cannot be authorized through this tool. The authorization we are providing applies only to the medical benefit drug(s) within the regimen.</p>  <br>  <p>Please contact the member&rsquo;s pharmacy benefit manager for authorization of the pharmacy benefit drugs.</p>",
        "oralNoRXMessage": "<p>The regimen you selected includes pharmacy benefit drug(s) only. The pharmacy drug(s) <strong>cannot be authorized through this tool.</strong> Please contact the member's pharmacy benefit manager for authorization of the pharmacy benefit drug(s).</p> <br> <p>Your authorization request is already saved as draft.</p> <p>If you no longer wish to proceed with this request, please cancel the authorization.</p>"
    },
    "nationalAvgWidgetSubHeader": "Compare against all OptumCare providers in MBMNow",
    "nationalAvgWidgetHeader": "All OptumCare Providers",
    "providerSearchHelperText": "<span class='cux-icon-info_filled' style='margin-right: 4px; font-size: 16px;'></span><span><strong>It may be necessary to click \"Next\" in the table navigation tool to view additional results even if there is a small number of results displayed.</strong></span>",
    "clinicalTrialMessage": "<p>A Clinical Trial authorization cannot be submitted through this application for this member. For Medicare members, please contact the Optum Care Prior Authorization team at 1-877-370-2845 for additional questions.</p>",
    "coverPagePhoneNumber": "855-844-4408"
}
