{
    "payerName": "United Healthcare",
    "payerAbbreviation": "UHC",
    "logoURL": "images/1.svg",
    "logoAltText": "United HealthCare Medical Benefits Management",
    "internalOpsLogoAltText": "Optum Medical Benefits Management",
    "operationsPhone": "1-888-397-8129",
    "servicingProviderHelpPhone": "1-888-397-8129",
    "commercialInsuranceMembersPhone": "1-866-936-6002",
    "dashboardMessage": "This tool is for outpatient injectable chemotherapy, specialty pharmacy, therapeutic radiopharmaceuticals, supportive care drugs, radiation oncology, and physical health therapies. You can view the drugs or procedures that require prior authorization at <a href=\"https://www.uhcprovider.com/\">UHCProvider.com</a>.<br/> This tool is not used for cancer drugs that are requested and/or administered as part of Home Health or Inpatient care.<br/> Oral chemotherapy agents may need to be approved through the member's PBM. Please contact the number on the member's insurance card for more information.",
    "contactUsText": "<p>We welcome your feedback about our website. If you have any technical problems or comments, please access our <a href=\"\">User Guide,</a> or find our contact information below:</p><br /></div> <div class=\"contact\"> <h3><strong>Cancer Guidance Program</strong></h3> <p><strong>Hours: </strong>Monday - Friday, 7:00am - 7:00pm CT</p> <p><strong>Phone: </strong>1-888-397-8129</p> <p><strong>Email:</strong><a href=\"mailto:cancerauthorizationprogram@optum.com\">cancerauthorizationprogram@optum.com</a></p> </div> <div class=\"contact\"> <h3 class=\"noPadding\"><strong>Specialty Guidance Program</strong></h3> <p><strong>Hours: </strong>Monday - Friday, 7:00am - 7:00pm CT</p> <p><strong>Phone: </strong>1-888-397-8129</p> <p><strong>Email:</strong><a href=\"mailto:specialtyguidanceprogram@optum.com\">specialtyguidanceprogram@optum.com</a></p> </div> <div class=\"contact\"> <h3 class=\"noPadding\"><strong>Physical Health Program</strong></h3> <p><strong>Hours: </strong>Monday - Friday, 7:00am - 7:00pm CT</p> <p><strong>Phone: </strong>1-866-416-6594</p> </div>",
    "userGuideLink": "/userGuide/CGP_SGP_RadOnc_User_Guide_9_8_21.pdf",
    "historyTab": "History",
    "memberSearchText": "We currently only require authorizations for specific Commercial, Medicaid, Medicare, and dual eligible (i.e., member has Medicaid + Medicare) members. For dual eligible members, search under the member's Medicare ID to determine eligibility. For any other questions about member eligibility and authorization requirements, please contact the number on the back of the member's insurance card.",
    "cancerTherapyFaqLink": "UHC Cancer Therapy Pathways Program",
    "pathwaysProgramRaw": "<div style=\"width: 88%;\"><p>Your practice may be eligible to earn rewards through the Cancer Therapy Pathways program. Pathway adherence must be at least 75%, over a 6 month period of time, and there is a minimum number of authorization requests required to be eligible for rewards.</p><br><br><p>Additional criteria may apply. For more information about the program, eligibility criteria, and program terms and conditions, visit <span id=\"pathwaysProgramURL\"><a class=\"textDec\" href=\"https://www.uhcprovider.com/en/prior-auth-advance-notification/oncology-prior-auth/cancer-therapy-pathways-program.html\" target=\"_blank\" class=\"hover-underline\">UHCProvider.com</a></span></p><br><br><p><strong>PROVIDE NOTICE TO YOUR PATIENTS </strong></p><p>We recommend you communicate to your patient(s) if you are participating in this reward<span id=\"ie-program-line-break-print\"> program.</span></p><p id=\"ie-program-line-break-no-print\"> program.</p></div>",
    "priorAuthorizationProgramPage": "https://www.uhcprovider.com/en/prior-auth-advance-notification/oncology-prior-auth.html",
    "memberSearchNoRecordFound": ["No members found","No eligible members were found with the search criteria provided. Please try your search again.<br><br> For any questions, please contact us at <span style=\"font-weight: 700;\">{{'operationsPhone' | whiteLabelFilter}}</span>"],
    "networkManagementRepQuery": "<p style=\"margin: 5px\">If you have questions, please contact your Network Management representative listed at <a style=\"margin: 5px\" href=\"https://www.uhcprovider.com\" target=\"_blank\">www.uhcprovider.com</a> > Menu > Contact Us > Find a Network Contact > Select State.</p>",
    "MSESupplierTooltip": "The selected drug is on the Medication Sourcing Expansion list. Administering the drug at an Outpatient Place of Service may limit the Servicing Provider/Specialty Pharmacies that can<br>be utilized to obtain the medication. Once your authorization is approved, please forward the prescription to the<br>selected specialty pharmacy.<br><br>If you have questions, please contact your Network Management representative listed at <a href=\"https://www.uhcprovider.com/\" target=\"_blank\">www.uhcprovider.com</a> > Menu > Contact Us > Find a Network Contact > Select State.",
    "requestConfirmationPage": {
        "finalConfirmationPanel": {
            "noGuaranteeDescription" : "This is not a guarantee of payment as it remains subject to benefit limits, exclusions, and eligibility.",
            "autoApprovedTherapyDescription" : "If you need to add a new procedure covered under the medical benefit, you will need to submit a new authorization request.",
            "deniedDescription": "Your request for treatment does not meet clinical criteria. Please refer to the letter that you received detailing this determination.",
            "pendingDescription": "Your request may require review by our clinical team. Also, if additional information is needed to make a determination, we will reach out to you via the contact information provided below. Please see below for details regarding your request.",
            "mskCompletedDescription": "Your request does not require prior authorization and will not be part of a UM review. Your request will appear as \"Completed\" on the Dashboard and will be used as part of a data collection process. Please see below for details regarding your request.",
            "deniedNextStepsDescription": "Your authorization request has been denied. Specific details on this denial, including next steps and\nappeal rights will be posted in a downloadable letter. You can access this by clicking on the PDF link in your completed authorization on the Home Page.",
            "additionalInfoDescription": " *Please allow up to 24 hours for letter to be posted.",
            "authApprovedRequestNumberDescription": "Your authorization request number is",
            "authNotApprovedRequestNumberDescription": "Your request number is"
        }
    },
    "regimen": {
        "offPathwayRegimenWarningPopupText": "<p>The regimen you have selected is not part of the UHC Cancer Therapy Pathway Program. Would you like to continue using this option?</p><br/><p>If you are asked for a Regimen Justification, enter \"NCCN recommended\" in the box provided prior to clicking submit.</p>",
        "offPathwayRegimenWarningPopupTextSkipCustom": "The regimen you have selected is not part of the Cancer Therapy Pathway Program and may impact your pathway adherence. You can monitor your pathways adherence on the provider dashboard, which can be accessed via Home > Dashboards > Provider Dashboard. In order to proceed, please provide the following information:",
        "mixedRegimenMessage": "<p>The regimen you selected includes a pharmacy benefit drug(s). The pharmacy drug(s) cannot be authorized through this tool. The authorization we are providing applies only to the medical benefit drug(s) within the regimen.</p>  <br>  <p>Please contact the member&rsquo;s pharmacy benefit manager for authorization of the pharmacy benefit drugs.</p>",
        "oralNoRXMessage": "<p>The regimen you selected includes pharmacy benefit drug(s) only. The pharmacy drug(s) <strong>cannot be authorized through this tool.</strong> Please contact the member's pharmacy benefit manager for authorization of the pharmacy benefit drug(s).</p> <br> <p>Your authorization request is already saved as draft.</p> <p>If you no longer wish to proceed with this request, please cancel the authorization.</p>"
    },
    "customRegimen": {
        "maxNumberOfDrugs": "15",
        "chemoTrialCancerCheck": "1",
        "mixedRegimenMessage": "<p>The regimen you selected includes a pharmacy benefit drug(s). The pharmacy drug(s) cannot be authorized through this tool. The authorization we are providing applies only to the medical benefit drug(s) within the regimen.</p>  <br>  <p>Please contact the member&rsquo;s pharmacy benefit manager for authorization of the pharmacy benefit drugs.</p>",
        "oralNoRXMessage": "<p>The regimen you selected includes pharmacy benefit drug(s) only. The pharmacy drug(s) <strong>cannot be authorized through this tool.</strong> Please contact the member's pharmacy benefit manager for authorization of the pharmacy benefit drug(s).</p> <br> <p>Your authorization request is already saved as draft.</p> <p>If you no longer wish to proceed with this request, please cancel the authorization.</p>"
    },
    "nationalAvgWidgetSubHeader": "TIN-level Pathways Adherence for Commercial Members is captured on a monthly basis and is compared against the average Commercial Pathways Adherence for UHC Providers as well as the target of 75%.",
    "nationalAvgWidgetHeader": "All UHC Providers",
    "providerSearchHelperText": "",
    "clinicalTrialMessage": "<p>A Clinical Trial authorization cannot be submitted through this application for this member. For Medicare & Medicaid members: Please contact the number on the back of the member's insurance card for additional questions. For commercial insurance members: Please contact {{'commercialInsuranceMembersPhone' | whiteLabelFilter}} for additional questions.</p>",
    "coverPagePhoneNumber": "844-284-8068",
    "ph": {
        "operationsPhone": "1-866-416-6594",
        "servicingProviderHelpPhone": "1-866-416-6594"
    },
    "SGPPopupYesRadioMessage": "Yes, I want to cancel this request and generate a reference number<p style=\"color: #ff0000;\">(this action cannot be undone once confirmed)</p>",
    "SGPPopupNoRadioMessage": "No, I want to continue to generate an organizational determination",
    "MSESupplierWarningMessage": "Per Medication Sourcing requirements, the selected provider/facility must source the medication from an approved specialty pharmacy. Please select an approved specialty pharmacy to source from which, if all applicable clinical requirements are met, may result in an auto approval. Alternatively, you may select a different provider/facility to determine if sourcing requirements apply.",
    "NonPathwayPopupMessage": "You have chosen to view off-pathway regimens. Selection of an off-pathway regimen may require additional review by our clinicians. Additionally, off-pathway regimens and custom regimen requests do not count towards pathway adherence."

}
