<?xml version="1.0" encoding="UTF-8"?>
<bb_table_fieldsList>
    <bb_table_field table_name="providercontactrelview" field_name="providerClinicalID" sort_num="1" primary_key="0" incremented_key="0" hilo_block_size="" seq_name="" required="0" defaultlist="0" phi="0" fkey_table="" fkey_field=""/>
    <bb_table_field table_name="providercontactrelview" field_name="contactID" sort_num="2" primary_key="0" incremented_key="0" hilo_block_size="" seq_name="" required="0" defaultlist="0" phi="0" fkey_table="" fkey_field=""/>
    <bb_table_field table_name="providercontactrelview" field_name="firstName" sort_num="3" primary_key="0" incremented_key="0" hilo_block_size="" seq_name="" required="0" defaultlist="0" phi="0" fkey_table="" fkey_field=""/>
    <bb_table_field table_name="providercontactrelview" field_name="lastName" sort_num="4" primary_key="0" incremented_key="0" hilo_block_size="" seq_name="" required="0" defaultlist="0" phi="0" fkey_table="" fkey_field=""/>
    <bb_table_field table_name="providercontactrelview" field_name="contactFullName" sort_num="5" primary_key="0" incremented_key="0" hilo_block_size="" seq_name="" required="0" defaultlist="0" phi="0" fkey_table="" fkey_field=""/>
    <bb_table_field table_name="providercontactrelview" field_name="birthDate" sort_num="6" primary_key="0" incremented_key="0" hilo_block_size="" seq_name="" required="0" defaultlist="0" phi="0" fkey_table="" fkey_field=""/>
    <bb_table_field table_name="providercontactrelview" field_name="primaryContactTitle" sort_num="7" primary_key="0" incremented_key="0" hilo_block_size="" seq_name="" required="0" defaultlist="0" phi="0" fkey_table="" fkey_field=""/>
    <bb_table_field table_name="providercontactrelview" field_name="activeInd" sort_num="8" primary_key="0" incremented_key="0" hilo_block_size="" seq_name="" required="0" defaultlist="0" phi="0" fkey_table="" fkey_field=""/>
    <bb_table_field table_name="providercontactrelview" field_name="effectiveDate" sort_num="9" primary_key="0" incremented_key="0" hilo_block_size="" seq_name="" required="0" defaultlist="0" phi="0" fkey_table="" fkey_field=""/>
    <bb_table_field table_name="providercontactrelview" field_name="endDate" sort_num="10" primary_key="0" incremented_key="0" hilo_block_size="" seq_name="" required="0" defaultlist="0" phi="0" fkey_table="" fkey_field=""/>
    <bb_table_field table_name="providercontactrelview" field_name="contactUpdateVersion" sort_num="11" primary_key="0" incremented_key="0" hilo_block_size="" seq_name="" required="0" defaultlist="0" phi="0" fkey_table="" fkey_field=""/>
    <bb_table_field table_name="prov_clin_user" field_name="providerClinicalID" sort_num="1" primary_key="1" incremented_key="0" hilo_block_size="" seq_name="" required="1" defaultlist="0" phi="0" fkey_table="prov_clin" fkey_field="providerClinicalID"/>
    <bb_table_field table_name="prov_clin_user" field_name="userID" sort_num="2" primary_key="1" incremented_key="0" hilo_block_size="" seq_name="" required="1" defaultlist="0" phi="0" fkey_table="user_tbl" fkey_field="userID"/>
    <bb_table_field table_name="prov_clin_user" field_name="createDateTime" sort_num="3" primary_key="0" incremented_key="0" hilo_block_size="" seq_name="" required="0" defaultlist="0" phi="0" fkey_table="" fkey_field=""/>
    <bb_table_field table_name="prov_clin_user" field_name="createUserID" sort_num="4" primary_key="0" incremented_key="0" hilo_block_size="" seq_name="" required="0" defaultlist="0" phi="0" fkey_table="" fkey_field=""/>
    <bb_table_field table_name="prov_clin_user" field_name="changeDateTime" sort_num="5" primary_key="0" incremented_key="0" hilo_block_size="" seq_name="" required="0" defaultlist="0" phi="0" fkey_table="" fkey_field=""/>
    <bb_table_field table_name="prov_clin_user" field_name="changeUserID" sort_num="6" primary_key="0" incremented_key="0" hilo_block_size="" seq_name="" required="0" defaultlist="0" phi="0" fkey_table="" fkey_field=""/>
    <bb_table_field table_name="prov_clin_user" field_name="updateVersion" sort_num="7" primary_key="0" incremented_key="0" hilo_block_size="" seq_name="" required="0" defaultlist="0" phi="0" fkey_table="" fkey_field=""/>
</bb_table_fieldsList>