<?xml version="1.0" encoding="UTF-8"?>
<!-- edited with XMLSpy v2014 rel. 2 sp1 (x64) (http://www.altova.com) by United Health Group United Health Group (United Health Group) -->
<ref_headList xmlns:xsi="http://www.w3.org/2001/XMLSchema-instance" xsi:noNamespaceSchemaLocation="referenceHeader.xsd">
    <ref_head ref_nm="activityResolutionOutcomeType" x12_ind="0" updt_permt_ind="0" add_permt_ind="0" ref_nm_xref=""/>
    <ref_head ref_nm="activityType" x12_ind="0" updt_permt_ind="0" add_permt_ind="0" ref_nm_xref=""/>
    <ref_head ref_nm="addressType" x12_ind="0" updt_permt_ind="0" add_permt_ind="0" ref_nm_xref=""/>
    <ref_head ref_nm="allergyType" x12_ind="0" updt_permt_ind="0" add_permt_ind="0" ref_nm_xref=""/>
    <ref_head ref_nm="appLogLevel" x12_ind="0" updt_permt_ind="0" add_permt_ind="0" ref_nm_xref=""/>
    <ref_head ref_nm="assignmentDescriptorType" x12_ind="0" updt_permt_ind="0" add_permt_ind="0" ref_nm_xref=""/>
    <ref_head ref_nm="assignmentPriorityType" x12_ind="0" updt_permt_ind="0" add_permt_ind="0" ref_nm_xref=""/>
    <ref_head ref_nm="assignmentReasonType" x12_ind="0" updt_permt_ind="0" add_permt_ind="0" ref_nm_xref=""/>
    <ref_head ref_nm="assignmentStatusType" x12_ind="0" updt_permt_ind="0" add_permt_ind="0" ref_nm_xref=""/>
    <ref_head ref_nm="assessmentStatusTypeID" x12_ind="0" updt_permt_ind="0" add_permt_ind="0" ref_nm_xref=""/>
    <ref_head ref_nm="assignmentType" x12_ind="0" updt_permt_ind="0" add_permt_ind="0" ref_nm_xref=""/>
    <ref_head ref_nm="contactRoleType" x12_ind="0" updt_permt_ind="0" add_permt_ind="0" ref_nm_xref=""/>
    <ref_head ref_nm="countryCode" x12_ind="0" updt_permt_ind="0" add_permt_ind="0" ref_nm_xref=""/>
    <ref_head ref_nm="ediStatusType" x12_ind="0" updt_permt_ind="0" add_permt_ind="0" ref_nm_xref=""/>
    <ref_head ref_nm="ediType" x12_ind="0" updt_permt_ind="0" add_permt_ind="0" ref_nm_xref=""/>
    <ref_head ref_nm="emailGroupID" x12_ind="0" updt_permt_ind="0" add_permt_ind="0" ref_nm_xref=""/>
    <ref_head ref_nm="errorReasonType" x12_ind="0" updt_permt_ind="0" add_permt_ind="0" ref_nm_xref=""/>
    <ref_head ref_nm="functionRoleType" x12_ind="0" updt_permt_ind="0" add_permt_ind="0" ref_nm_xref=""/>
    <ref_head ref_nm="genderType" x12_ind="1" updt_permt_ind="0" add_permt_ind="0" ref_nm_xref=""/>
    <ref_head ref_nm="localeType" x12_ind="0" updt_permt_ind="0" add_permt_ind="0" ref_nm_xref=""/>
    <ref_head ref_nm="loginStatus" x12_ind="0" updt_permt_ind="0" add_permt_ind="0" ref_nm_xref=""/>
    <ref_head ref_nm="medicationAdminRouteType" x12_ind="0" updt_permt_ind="0" add_permt_ind="0" ref_nm_xref=""/>
    <ref_head ref_nm="medicationFrequencyType" x12_ind="0" updt_permt_ind="0" add_permt_ind="0" ref_nm_xref=""/>
    <ref_head ref_nm="memberIDType" x12_ind="0" updt_permt_ind="0" add_permt_ind="0" ref_nm_xref=""/>
    <ref_head ref_nm="memberProgramStatusReasonType" x12_ind="0" updt_permt_ind="0" add_permt_ind="0" ref_nm_xref=""/>
    <ref_head ref_nm="memberProgramStatusType" x12_ind="0" updt_permt_ind="0" add_permt_ind="0" ref_nm_xref=""/>
    <ref_head ref_nm="messageTypeId" x12_ind="0" updt_permt_ind="0" add_permt_ind="0" ref_nm_xref=""/>
    <ref_head ref_nm="nominatingDepartmentType" x12_ind="0" updt_permt_ind="0" add_permt_ind="0" ref_nm_xref=""/>
    <ref_head ref_nm="nominationReasonType" x12_ind="0" updt_permt_ind="0" add_permt_ind="0" ref_nm_xref=""/>
    <ref_head ref_nm="noteCategoryType" x12_ind="0" updt_permt_ind="0" add_permt_ind="0" ref_nm_xref=""/>
    <ref_head ref_nm="noteType" x12_ind="0" updt_permt_ind="0" add_permt_ind="0" ref_nm_xref=""/>
    <ref_head ref_nm="ocmUKPatientSearchType" x12_ind="0" updt_permt_ind="0" add_permt_ind="0" ref_nm_xref=""/>
    <ref_head ref_nm="phoneType" x12_ind="0" updt_permt_ind="0" add_permt_ind="0" ref_nm_xref=""/>
    <ref_head ref_nm="pocProbStatusType" x12_ind="1" updt_permt_ind="0" add_permt_ind="0" ref_nm_xref=""/>
    <ref_head ref_nm="problemCategoryType" x12_ind="0" updt_permt_ind="0" add_permt_ind="0" ref_nm_xref=""/>
    <ref_head ref_nm="programCategoryType" x12_ind="0" updt_permt_ind="0" add_permt_ind="0" ref_nm_xref=""/>
    <ref_head ref_nm="programType" x12_ind="0" updt_permt_ind="0" add_permt_ind="0" ref_nm_xref=""/>
    <ref_head ref_nm="riskTier" x12_ind="0" updt_permt_ind="0" add_permt_ind="0" ref_nm_xref=""/>
    <ref_head ref_nm="sourceApplicationType" x12_ind="0" updt_permt_ind="0" add_permt_ind="0" ref_nm_xref=""/>
    <ref_head ref_nm="stabilityColourCode" x12_ind="0" updt_permt_ind="0" add_permt_ind="0" ref_nm_xref=""/>
    <ref_head ref_nm="systemAccessCode" x12_ind="0" updt_permt_ind="0" add_permt_ind="0" ref_nm_xref=""/>
    <ref_head ref_nm="taskDescriptorType" x12_ind="0" updt_permt_ind="0" add_permt_ind="0" ref_nm_xref=""/>
    <ref_head ref_nm="taskReasonType" x12_ind="0" updt_permt_ind="0" add_permt_ind="0" ref_nm_xref=""/>
    <ref_head ref_nm="taskStatusFilterType" x12_ind="0" updt_permt_ind="0" add_permt_ind="0" ref_nm_xref=""/>
    <ref_head ref_nm="taskType" x12_ind="0" updt_permt_ind="0" add_permt_ind="0" ref_nm_xref=""/>
    <ref_head ref_nm="workQueueGroupType" x12_ind="0" updt_permt_ind="0" add_permt_ind="0" ref_nm_xref=""/>
    <ref_head ref_nm="wsID" x12_ind="0" updt_permt_ind="0" add_permt_ind="0" ref_nm_xref=""/>
</ref_headList>
