<?xml version="1.0" encoding="UTF-8" standalone="yes"?>
<!-- edited with XMLSpy v2014 rel. 2 sp1 (x64) (http://www.altova.com) by United Health Group United Health Group (United Health Group) -->
<ref_fltr_chldList>
    <ref_fltr_chld ref_nm="activityType" ref_cd="3" chld_ref_nm="activityResolutionOutcomeType" chld_ref_cd="2" strt_dt="1970-01-01" end_dt="9999-12-31"/>
    <ref_fltr_chld ref_nm="activityType" ref_cd="3" chld_ref_nm="activityResolutionOutcomeType" chld_ref_cd="3" strt_dt="1970-01-01" end_dt="9999-12-31"/>
    <ref_fltr_chld ref_nm="activityType" ref_cd="3" chld_ref_nm="activityResolutionOutcomeType" chld_ref_cd="4" strt_dt="1970-01-01" end_dt="9999-12-31"/>
    <ref_fltr_chld ref_nm="activityType" ref_cd="3" chld_ref_nm="activityResolutionOutcomeType" chld_ref_cd="5" strt_dt="1970-01-01" end_dt="9999-12-31"/>
    <ref_fltr_chld ref_nm="activityType" ref_cd="3" chld_ref_nm="activityResolutionOutcomeType" chld_ref_cd="6" strt_dt="1970-01-01" end_dt="9999-12-31"/>
    <ref_fltr_chld ref_nm="activityType" ref_cd="3" chld_ref_nm="activityResolutionOutcomeType" chld_ref_cd="7" strt_dt="1970-01-01" end_dt="9999-12-31"/>
    <ref_fltr_chld ref_nm="activityType" ref_cd="3" chld_ref_nm="activityResolutionOutcomeType" chld_ref_cd="8" strt_dt="1970-01-01" end_dt="9999-12-31"/>
    <ref_fltr_chld ref_nm="activityType" ref_cd="4" chld_ref_nm="activityResolutionOutcomeType" chld_ref_cd="10" strt_dt="1970-01-01" end_dt="9999-12-31"/>
    <ref_fltr_chld ref_nm="activityType" ref_cd="4" chld_ref_nm="activityResolutionOutcomeType" chld_ref_cd="11" strt_dt="1970-01-01" end_dt="9999-12-31"/>
    <ref_fltr_chld ref_nm="activityType" ref_cd="4" chld_ref_nm="activityResolutionOutcomeType" chld_ref_cd="12" strt_dt="1970-01-01" end_dt="9999-12-31"/>
    <ref_fltr_chld ref_nm="activityType" ref_cd="4" chld_ref_nm="activityResolutionOutcomeType" chld_ref_cd="13" strt_dt="1970-01-01" end_dt="9999-12-31"/>
    <ref_fltr_chld ref_nm="activityType" ref_cd="4" chld_ref_nm="activityResolutionOutcomeType" chld_ref_cd="14" strt_dt="1970-01-01" end_dt="9999-12-31"/>
    <ref_fltr_chld ref_nm="activityType" ref_cd="4" chld_ref_nm="activityResolutionOutcomeType" chld_ref_cd="15" strt_dt="1970-01-01" end_dt="9999-12-31"/>
    <ref_fltr_chld ref_nm="activityType" ref_cd="4" chld_ref_nm="activityResolutionOutcomeType" chld_ref_cd="16" strt_dt="1970-01-01" end_dt="9999-12-31"/>
    <ref_fltr_chld ref_nm="activityType" ref_cd="4" chld_ref_nm="activityResolutionOutcomeType" chld_ref_cd="17" strt_dt="1970-01-01" end_dt="9999-12-31"/>
    <ref_fltr_chld ref_nm="activityType" ref_cd="4" chld_ref_nm="activityResolutionOutcomeType" chld_ref_cd="18" strt_dt="1970-01-01" end_dt="9999-12-31"/>
    <ref_fltr_chld ref_nm="activityType" ref_cd="4" chld_ref_nm="activityResolutionOutcomeType" chld_ref_cd="9" strt_dt="1970-01-01" end_dt="9999-12-31"/>
    <ref_fltr_chld ref_nm="activityType" ref_cd="3" chld_ref_nm="activityResolutionOutcomeType" chld_ref_cd="1" strt_dt="1970-01-01" end_dt="9999-12-31"/>
    <ref_fltr_chld ref_nm="assignmentDescriptorType" ref_cd="1" chld_ref_nm="assignmentReasonType" chld_ref_cd="1" strt_dt="1970-01-01" end_dt="9999-12-31"/>
    <ref_fltr_chld ref_nm="assignmentDescriptorType" ref_cd="1" chld_ref_nm="assignmentReasonType" chld_ref_cd="10" strt_dt="1970-01-01" end_dt="9999-12-31"/>
    <ref_fltr_chld ref_nm="assignmentDescriptorType" ref_cd="1" chld_ref_nm="assignmentReasonType" chld_ref_cd="11" strt_dt="1970-01-01" end_dt="9999-12-31"/>
    <ref_fltr_chld ref_nm="assignmentDescriptorType" ref_cd="1" chld_ref_nm="assignmentReasonType" chld_ref_cd="12" strt_dt="1970-01-01" end_dt="9999-12-31"/>
    <ref_fltr_chld ref_nm="assignmentDescriptorType" ref_cd="1" chld_ref_nm="assignmentReasonType" chld_ref_cd="2" strt_dt="1970-01-01" end_dt="9999-12-31"/>
    <ref_fltr_chld ref_nm="assignmentDescriptorType" ref_cd="1" chld_ref_nm="assignmentReasonType" chld_ref_cd="3" strt_dt="1970-01-01" end_dt="9999-12-31"/>
    <ref_fltr_chld ref_nm="assignmentDescriptorType" ref_cd="1" chld_ref_nm="assignmentReasonType" chld_ref_cd="4" strt_dt="1970-01-01" end_dt="9999-12-31"/>
    <ref_fltr_chld ref_nm="assignmentDescriptorType" ref_cd="1" chld_ref_nm="assignmentReasonType" chld_ref_cd="5" strt_dt="1970-01-01" end_dt="9999-12-31"/>
    <ref_fltr_chld ref_nm="assignmentDescriptorType" ref_cd="1" chld_ref_nm="assignmentReasonType" chld_ref_cd="6" strt_dt="1970-01-01" end_dt="9999-12-31"/>
    <ref_fltr_chld ref_nm="assignmentDescriptorType" ref_cd="1" chld_ref_nm="assignmentReasonType" chld_ref_cd="7" strt_dt="1970-01-01" end_dt="9999-12-31"/>
    <ref_fltr_chld ref_nm="assignmentDescriptorType" ref_cd="1" chld_ref_nm="assignmentReasonType" chld_ref_cd="8" strt_dt="1970-01-01" end_dt="9999-12-31"/>
    <ref_fltr_chld ref_nm="assignmentDescriptorType" ref_cd="1" chld_ref_nm="assignmentReasonType" chld_ref_cd="9" strt_dt="1970-01-01" end_dt="9999-12-31"/>
    <ref_fltr_chld ref_nm="assignmentDescriptorType" ref_cd="2" chld_ref_nm="assignmentReasonType" chld_ref_cd="1" strt_dt="1970-01-01" end_dt="9999-12-31"/>
    <ref_fltr_chld ref_nm="assignmentDescriptorType" ref_cd="2" chld_ref_nm="assignmentReasonType" chld_ref_cd="10" strt_dt="1970-01-01" end_dt="9999-12-31"/>
    <ref_fltr_chld ref_nm="assignmentDescriptorType" ref_cd="2" chld_ref_nm="assignmentReasonType" chld_ref_cd="11" strt_dt="1970-01-01" end_dt="9999-12-31"/>
    <ref_fltr_chld ref_nm="assignmentDescriptorType" ref_cd="2" chld_ref_nm="assignmentReasonType" chld_ref_cd="12" strt_dt="1970-01-01" end_dt="9999-12-31"/>
    <ref_fltr_chld ref_nm="assignmentDescriptorType" ref_cd="2" chld_ref_nm="assignmentReasonType" chld_ref_cd="2" strt_dt="1970-01-01" end_dt="9999-12-31"/>
    <ref_fltr_chld ref_nm="assignmentDescriptorType" ref_cd="2" chld_ref_nm="assignmentReasonType" chld_ref_cd="3" strt_dt="1970-01-01" end_dt="9999-12-31"/>
    <ref_fltr_chld ref_nm="assignmentDescriptorType" ref_cd="2" chld_ref_nm="assignmentReasonType" chld_ref_cd="4" strt_dt="1970-01-01" end_dt="9999-12-31"/>
    <ref_fltr_chld ref_nm="assignmentDescriptorType" ref_cd="2" chld_ref_nm="assignmentReasonType" chld_ref_cd="5" strt_dt="1970-01-01" end_dt="9999-12-31"/>
    <ref_fltr_chld ref_nm="assignmentDescriptorType" ref_cd="2" chld_ref_nm="assignmentReasonType" chld_ref_cd="6" strt_dt="1970-01-01" end_dt="9999-12-31"/>
    <ref_fltr_chld ref_nm="assignmentDescriptorType" ref_cd="2" chld_ref_nm="assignmentReasonType" chld_ref_cd="7" strt_dt="1970-01-01" end_dt="9999-12-31"/>
    <ref_fltr_chld ref_nm="assignmentDescriptorType" ref_cd="2" chld_ref_nm="assignmentReasonType" chld_ref_cd="8" strt_dt="1970-01-01" end_dt="9999-12-31"/>
    <ref_fltr_chld ref_nm="assignmentDescriptorType" ref_cd="2" chld_ref_nm="assignmentReasonType" chld_ref_cd="9" strt_dt="1970-01-01" end_dt="9999-12-31"/>
    <ref_fltr_chld ref_nm="assignmentDescriptorType" ref_cd="3" chld_ref_nm="assignmentReasonType" chld_ref_cd="1" strt_dt="1970-01-01" end_dt="9999-12-31"/>
    <ref_fltr_chld ref_nm="assignmentDescriptorType" ref_cd="3" chld_ref_nm="assignmentReasonType" chld_ref_cd="10" strt_dt="1970-01-01" end_dt="9999-12-31"/>
    <ref_fltr_chld ref_nm="assignmentDescriptorType" ref_cd="3" chld_ref_nm="assignmentReasonType" chld_ref_cd="11" strt_dt="1970-01-01" end_dt="9999-12-31"/>
    <ref_fltr_chld ref_nm="assignmentDescriptorType" ref_cd="3" chld_ref_nm="assignmentReasonType" chld_ref_cd="12" strt_dt="1970-01-01" end_dt="9999-12-31"/>
    <ref_fltr_chld ref_nm="assignmentDescriptorType" ref_cd="3" chld_ref_nm="assignmentReasonType" chld_ref_cd="2" strt_dt="1970-01-01" end_dt="9999-12-31"/>
    <ref_fltr_chld ref_nm="assignmentDescriptorType" ref_cd="3" chld_ref_nm="assignmentReasonType" chld_ref_cd="3" strt_dt="1970-01-01" end_dt="9999-12-31"/>
    <ref_fltr_chld ref_nm="assignmentDescriptorType" ref_cd="3" chld_ref_nm="assignmentReasonType" chld_ref_cd="4" strt_dt="1970-01-01" end_dt="9999-12-31"/>
    <ref_fltr_chld ref_nm="assignmentDescriptorType" ref_cd="3" chld_ref_nm="assignmentReasonType" chld_ref_cd="5" strt_dt="1970-01-01" end_dt="9999-12-31"/>
    <ref_fltr_chld ref_nm="assignmentDescriptorType" ref_cd="3" chld_ref_nm="assignmentReasonType" chld_ref_cd="6" strt_dt="1970-01-01" end_dt="9999-12-31"/>
    <ref_fltr_chld ref_nm="assignmentDescriptorType" ref_cd="3" chld_ref_nm="assignmentReasonType" chld_ref_cd="7" strt_dt="1970-01-01" end_dt="9999-12-31"/>
    <ref_fltr_chld ref_nm="assignmentDescriptorType" ref_cd="3" chld_ref_nm="assignmentReasonType" chld_ref_cd="8" strt_dt="1970-01-01" end_dt="9999-12-31"/>
    <ref_fltr_chld ref_nm="assignmentDescriptorType" ref_cd="3" chld_ref_nm="assignmentReasonType" chld_ref_cd="9" strt_dt="1970-01-01" end_dt="9999-12-31"/>
    <ref_fltr_chld ref_nm="assignmentDescriptorType" ref_cd="4" chld_ref_nm="assignmentReasonType" chld_ref_cd="1" strt_dt="1970-01-01" end_dt="9999-12-31"/>
    <ref_fltr_chld ref_nm="assignmentDescriptorType" ref_cd="4" chld_ref_nm="assignmentReasonType" chld_ref_cd="10" strt_dt="1970-01-01" end_dt="9999-12-31"/>
    <ref_fltr_chld ref_nm="assignmentDescriptorType" ref_cd="4" chld_ref_nm="assignmentReasonType" chld_ref_cd="11" strt_dt="1970-01-01" end_dt="9999-12-31"/>
    <ref_fltr_chld ref_nm="assignmentDescriptorType" ref_cd="4" chld_ref_nm="assignmentReasonType" chld_ref_cd="12" strt_dt="1970-01-01" end_dt="9999-12-31"/>
    <ref_fltr_chld ref_nm="assignmentDescriptorType" ref_cd="4" chld_ref_nm="assignmentReasonType" chld_ref_cd="2" strt_dt="1970-01-01" end_dt="9999-12-31"/>
    <ref_fltr_chld ref_nm="assignmentDescriptorType" ref_cd="4" chld_ref_nm="assignmentReasonType" chld_ref_cd="3" strt_dt="1970-01-01" end_dt="9999-12-31"/>
    <ref_fltr_chld ref_nm="assignmentDescriptorType" ref_cd="4" chld_ref_nm="assignmentReasonType" chld_ref_cd="4" strt_dt="1970-01-01" end_dt="9999-12-31"/>
    <ref_fltr_chld ref_nm="assignmentDescriptorType" ref_cd="4" chld_ref_nm="assignmentReasonType" chld_ref_cd="5" strt_dt="1970-01-01" end_dt="9999-12-31"/>
    <ref_fltr_chld ref_nm="assignmentDescriptorType" ref_cd="4" chld_ref_nm="assignmentReasonType" chld_ref_cd="6" strt_dt="1970-01-01" end_dt="9999-12-31"/>
    <ref_fltr_chld ref_nm="assignmentDescriptorType" ref_cd="4" chld_ref_nm="assignmentReasonType" chld_ref_cd="7" strt_dt="1970-01-01" end_dt="9999-12-31"/>
    <ref_fltr_chld ref_nm="assignmentDescriptorType" ref_cd="4" chld_ref_nm="assignmentReasonType" chld_ref_cd="8" strt_dt="1970-01-01" end_dt="9999-12-31"/>
    <ref_fltr_chld ref_nm="assignmentDescriptorType" ref_cd="4" chld_ref_nm="assignmentReasonType" chld_ref_cd="9" strt_dt="1970-01-01" end_dt="9999-12-31"/>
    <ref_fltr_chld ref_nm="assignmentDescriptorType" ref_cd="5" chld_ref_nm="assignmentReasonType" chld_ref_cd="1" strt_dt="1970-01-01" end_dt="9999-12-31"/>
    <ref_fltr_chld ref_nm="assignmentDescriptorType" ref_cd="5" chld_ref_nm="assignmentReasonType" chld_ref_cd="10" strt_dt="1970-01-01" end_dt="9999-12-31"/>
    <ref_fltr_chld ref_nm="assignmentDescriptorType" ref_cd="5" chld_ref_nm="assignmentReasonType" chld_ref_cd="11" strt_dt="1970-01-01" end_dt="9999-12-31"/>
    <ref_fltr_chld ref_nm="assignmentDescriptorType" ref_cd="5" chld_ref_nm="assignmentReasonType" chld_ref_cd="12" strt_dt="1970-01-01" end_dt="9999-12-31"/>
    <ref_fltr_chld ref_nm="assignmentDescriptorType" ref_cd="5" chld_ref_nm="assignmentReasonType" chld_ref_cd="2" strt_dt="1970-01-01" end_dt="9999-12-31"/>
    <ref_fltr_chld ref_nm="assignmentDescriptorType" ref_cd="5" chld_ref_nm="assignmentReasonType" chld_ref_cd="3" strt_dt="1970-01-01" end_dt="9999-12-31"/>
    <ref_fltr_chld ref_nm="assignmentDescriptorType" ref_cd="5" chld_ref_nm="assignmentReasonType" chld_ref_cd="4" strt_dt="1970-01-01" end_dt="9999-12-31"/>
    <ref_fltr_chld ref_nm="assignmentDescriptorType" ref_cd="5" chld_ref_nm="assignmentReasonType" chld_ref_cd="5" strt_dt="1970-01-01" end_dt="9999-12-31"/>
    <ref_fltr_chld ref_nm="assignmentDescriptorType" ref_cd="5" chld_ref_nm="assignmentReasonType" chld_ref_cd="6" strt_dt="1970-01-01" end_dt="9999-12-31"/>
    <ref_fltr_chld ref_nm="assignmentDescriptorType" ref_cd="5" chld_ref_nm="assignmentReasonType" chld_ref_cd="7" strt_dt="1970-01-01" end_dt="9999-12-31"/>
    <ref_fltr_chld ref_nm="assignmentDescriptorType" ref_cd="5" chld_ref_nm="assignmentReasonType" chld_ref_cd="8" strt_dt="1970-01-01" end_dt="9999-12-31"/>
    <ref_fltr_chld ref_nm="assignmentDescriptorType" ref_cd="5" chld_ref_nm="assignmentReasonType" chld_ref_cd="9" strt_dt="1970-01-01" end_dt="9999-12-31"/>
    <ref_fltr_chld ref_nm="assignmentType" ref_cd="1" chld_ref_nm="assignmentDescriptorType" chld_ref_cd="1" strt_dt="1970-01-01" end_dt="9999-12-31"/>
    <ref_fltr_chld ref_nm="assignmentType" ref_cd="1" chld_ref_nm="assignmentDescriptorType" chld_ref_cd="2" strt_dt="1970-01-01" end_dt="9999-12-31"/>
    <ref_fltr_chld ref_nm="assignmentType" ref_cd="2" chld_ref_nm="assignmentDescriptorType" chld_ref_cd="3" strt_dt="1970-01-01" end_dt="9999-12-31"/>
    <ref_fltr_chld ref_nm="assignmentType" ref_cd="3" chld_ref_nm="assignmentDescriptorType" chld_ref_cd="2" strt_dt="1970-01-01" end_dt="9999-12-31"/>
    <ref_fltr_chld ref_nm="assignmentType" ref_cd="3" chld_ref_nm="assignmentDescriptorType" chld_ref_cd="4" strt_dt="1970-01-01" end_dt="9999-12-31"/>
    <ref_fltr_chld ref_nm="assignmentType" ref_cd="4" chld_ref_nm="assignmentDescriptorType" chld_ref_cd="3" strt_dt="1970-01-01" end_dt="9999-12-31"/>
    <ref_fltr_chld ref_nm="assignmentType" ref_cd="4" chld_ref_nm="assignmentDescriptorType" chld_ref_cd="5" strt_dt="1970-01-01" end_dt="9999-12-31"/>
    <ref_fltr_chld ref_nm="memberProgramStatusType" ref_cd="04" chld_ref_nm="memberProgramStatusReasonType" chld_ref_cd="05" strt_dt="1970-01-01" end_dt="9999-12-31"/>
    <ref_fltr_chld ref_nm="memberProgramStatusType" ref_cd="04" chld_ref_nm="memberProgramStatusReasonType" chld_ref_cd="08" strt_dt="1970-01-01" end_dt="9999-12-31"/>
    <ref_fltr_chld ref_nm="memberProgramStatusType" ref_cd="05" chld_ref_nm="memberProgramStatusReasonType" chld_ref_cd="08" strt_dt="1970-01-01" end_dt="9999-12-31"/>
    <ref_fltr_chld ref_nm="memberProgramStatusType" ref_cd="04" chld_ref_nm="memberProgramStatusReasonType" chld_ref_cd="107" strt_dt="1970-01-01" end_dt="9999-12-31"/>
    <ref_fltr_chld ref_nm="memberProgramStatusType" ref_cd="03" chld_ref_nm="memberProgramStatusReasonType" chld_ref_cd="146" strt_dt="1970-01-01" end_dt="9999-12-31"/>
    <ref_fltr_chld ref_nm="memberProgramStatusType" ref_cd="03" chld_ref_nm="memberProgramStatusReasonType" chld_ref_cd="20" strt_dt="1970-01-01" end_dt="9999-12-31"/>
    <ref_fltr_chld ref_nm="memberProgramStatusType" ref_cd="04" chld_ref_nm="memberProgramStatusReasonType" chld_ref_cd="28" strt_dt="1970-01-01" end_dt="9999-12-31"/>
    <ref_fltr_chld ref_nm="memberProgramStatusType" ref_cd="05" chld_ref_nm="memberProgramStatusReasonType" chld_ref_cd="29" strt_dt="1970-01-01" end_dt="9999-12-31"/>
    <ref_fltr_chld ref_nm="memberProgramStatusType" ref_cd="05" chld_ref_nm="memberProgramStatusReasonType" chld_ref_cd="32" strt_dt="1970-01-01" end_dt="9999-12-31"/>
    <ref_fltr_chld ref_nm="memberProgramStatusType" ref_cd="05" chld_ref_nm="memberProgramStatusReasonType" chld_ref_cd="35" strt_dt="1970-01-01" end_dt="9999-12-31"/>
    <ref_fltr_chld ref_nm="memberProgramStatusType" ref_cd="05" chld_ref_nm="memberProgramStatusReasonType" chld_ref_cd="37" strt_dt="1970-01-01" end_dt="9999-12-31"/>
    <ref_fltr_chld ref_nm="memberProgramStatusType" ref_cd="04" chld_ref_nm="memberProgramStatusReasonType" chld_ref_cd="37" strt_dt="1970-01-01" end_dt="9999-12-31"/>
    <ref_fltr_chld ref_nm="memberProgramStatusType" ref_cd="01" chld_ref_nm="memberProgramStatusReasonType" chld_ref_cd="41" strt_dt="1970-01-01" end_dt="9999-12-31"/>
    <ref_fltr_chld ref_nm="memberProgramStatusType" ref_cd="01" chld_ref_nm="memberProgramStatusReasonType" chld_ref_cd="43" strt_dt="1970-01-01" end_dt="9999-12-31"/>
    <ref_fltr_chld ref_nm="memberProgramStatusType" ref_cd="04" chld_ref_nm="memberProgramStatusReasonType" chld_ref_cd="48" strt_dt="1970-01-01" end_dt="9999-12-31"/>
    <ref_fltr_chld ref_nm="memberProgramStatusType" ref_cd="05" chld_ref_nm="memberProgramStatusReasonType" chld_ref_cd="49" strt_dt="1970-01-01" end_dt="9999-12-31"/>
    <ref_fltr_chld ref_nm="memberProgramStatusType" ref_cd="04" chld_ref_nm="memberProgramStatusReasonType" chld_ref_cd="51" strt_dt="1970-01-01" end_dt="9999-12-31"/>
    <ref_fltr_chld ref_nm="memberProgramStatusType" ref_cd="04" chld_ref_nm="memberProgramStatusReasonType" chld_ref_cd="52" strt_dt="1970-01-01" end_dt="9999-12-31"/>
    <ref_fltr_chld ref_nm="memberProgramStatusType" ref_cd="05" chld_ref_nm="memberProgramStatusReasonType" chld_ref_cd="52" strt_dt="1970-01-01" end_dt="9999-12-31"/>
    <ref_fltr_chld ref_nm="memberProgramStatusType" ref_cd="04" chld_ref_nm="memberProgramStatusReasonType" chld_ref_cd="62" strt_dt="1970-01-01" end_dt="9999-12-31"/>
    <ref_fltr_chld ref_nm="memberProgramStatusType" ref_cd="04" chld_ref_nm="memberProgramStatusReasonType" chld_ref_cd="63" strt_dt="1970-01-01" end_dt="9999-12-31"/>
    <ref_fltr_chld ref_nm="memberProgramStatusType" ref_cd="05" chld_ref_nm="memberProgramStatusReasonType" chld_ref_cd="63" strt_dt="1970-01-01" end_dt="9999-12-31"/>
    <ref_fltr_chld ref_nm="memberProgramStatusType" ref_cd="05" chld_ref_nm="memberProgramStatusReasonType" chld_ref_cd="64" strt_dt="1970-01-01" end_dt="9999-12-31"/>
    <ref_fltr_chld ref_nm="memberProgramStatusType" ref_cd="04" chld_ref_nm="memberProgramStatusReasonType" chld_ref_cd="64" strt_dt="1970-01-01" end_dt="9999-12-31"/>
    <ref_fltr_chld ref_nm="memberProgramStatusType" ref_cd="05" chld_ref_nm="memberProgramStatusReasonType" chld_ref_cd="72" strt_dt="1970-01-01" end_dt="9999-12-31"/>
    <ref_fltr_chld ref_nm="memberProgramStatusType" ref_cd="05" chld_ref_nm="memberProgramStatusReasonType" chld_ref_cd="75" strt_dt="1970-01-01" end_dt="9999-12-31"/>
    <ref_fltr_chld ref_nm="memberProgramStatusType" ref_cd="04" chld_ref_nm="memberProgramStatusReasonType" chld_ref_cd="76" strt_dt="1970-01-01" end_dt="9999-12-31"/>
    <ref_fltr_chld ref_nm="memberProgramStatusType" ref_cd="05" chld_ref_nm="memberProgramStatusReasonType" chld_ref_cd="81" strt_dt="1970-01-01" end_dt="9999-12-31"/>
    <ref_fltr_chld ref_nm="memberProgramStatusType" ref_cd="05" chld_ref_nm="memberProgramStatusReasonType" chld_ref_cd="84" strt_dt="1970-01-01" end_dt="9999-12-31"/>
    <ref_fltr_chld ref_nm="memberProgramStatusType" ref_cd="03" chld_ref_nm="memberProgramStatusReasonType" chld_ref_cd="86" strt_dt="1970-01-01" end_dt="9999-12-31"/>
    <ref_fltr_chld ref_nm="memberProgramStatusType" ref_cd="03" chld_ref_nm="memberProgramStatusReasonType" chld_ref_cd="87" strt_dt="1970-01-01" end_dt="9999-12-31"/>
    <ref_fltr_chld ref_nm="memberProgramStatusType" ref_cd="04" chld_ref_nm="memberProgramStatusReasonType" chld_ref_cd="90" strt_dt="1970-01-01" end_dt="9999-12-31"/>
    <ref_fltr_chld ref_nm="memberProgramStatusType" ref_cd="05" chld_ref_nm="memberProgramStatusReasonType" chld_ref_cd="90" strt_dt="1970-01-01" end_dt="9999-12-31"/>
    <ref_fltr_chld ref_nm="programCategoryType" ref_cd="1" chld_ref_nm="programType" chld_ref_cd="5" strt_dt="1970-01-01" end_dt="9999-12-31"/>
    <ref_fltr_chld ref_nm="programCategoryType" ref_cd="1" chld_ref_nm="programType" chld_ref_cd="6" strt_dt="1970-01-01" end_dt="9999-12-31"/>
    <ref_fltr_chld ref_nm="programCategoryType" ref_cd="1" chld_ref_nm="programType" chld_ref_cd="7" strt_dt="1970-01-01" end_dt="9999-12-31"/>
    <ref_fltr_chld ref_nm="programCategoryType" ref_cd="1" chld_ref_nm="programType" chld_ref_cd="8" strt_dt="1970-01-01" end_dt="9999-12-31"/>
    <ref_fltr_chld ref_nm="programCategoryType" ref_cd="1" chld_ref_nm="programType" chld_ref_cd="9" strt_dt="1970-01-01" end_dt="9999-12-31"/>
    <ref_fltr_chld ref_nm="programCategoryType" ref_cd="2" chld_ref_nm="programType" chld_ref_cd="1" strt_dt="1970-01-01" end_dt="9999-12-31"/>
    <ref_fltr_chld ref_nm="programCategoryType" ref_cd="2" chld_ref_nm="programType" chld_ref_cd="2" strt_dt="1970-01-01" end_dt="9999-12-31"/>
    <ref_fltr_chld ref_nm="programCategoryType" ref_cd="2" chld_ref_nm="programType" chld_ref_cd="3" strt_dt="1970-01-01" end_dt="9999-12-31"/>
    <ref_fltr_chld ref_nm="programCategoryType" ref_cd="2" chld_ref_nm="programType" chld_ref_cd="4" strt_dt="1970-01-01" end_dt="9999-12-31"/>
    <ref_fltr_chld ref_nm="programCategoryType" ref_cd="3" chld_ref_nm="programType" chld_ref_cd="10" strt_dt="1970-01-01" end_dt="9999-12-31"/>
    <ref_fltr_chld ref_nm="taskDescriptorType" ref_cd="1" chld_ref_nm="taskReasonType" chld_ref_cd="1" strt_dt="1970-01-01" end_dt="9999-12-31"/>
    <ref_fltr_chld ref_nm="taskDescriptorType" ref_cd="1" chld_ref_nm="taskReasonType" chld_ref_cd="10" strt_dt="1970-01-01" end_dt="9999-12-31"/>
    <ref_fltr_chld ref_nm="taskDescriptorType" ref_cd="1" chld_ref_nm="taskReasonType" chld_ref_cd="11" strt_dt="1970-01-01" end_dt="9999-12-31"/>
    <ref_fltr_chld ref_nm="taskDescriptorType" ref_cd="1" chld_ref_nm="taskReasonType" chld_ref_cd="12" strt_dt="1970-01-01" end_dt="9999-12-31"/>
    <ref_fltr_chld ref_nm="taskDescriptorType" ref_cd="1" chld_ref_nm="taskReasonType" chld_ref_cd="2" strt_dt="1970-01-01" end_dt="9999-12-31"/>
    <ref_fltr_chld ref_nm="taskDescriptorType" ref_cd="1" chld_ref_nm="taskReasonType" chld_ref_cd="3" strt_dt="1970-01-01" end_dt="9999-12-31"/>
    <ref_fltr_chld ref_nm="taskDescriptorType" ref_cd="1" chld_ref_nm="taskReasonType" chld_ref_cd="4" strt_dt="1970-01-01" end_dt="9999-12-31"/>
    <ref_fltr_chld ref_nm="taskDescriptorType" ref_cd="1" chld_ref_nm="taskReasonType" chld_ref_cd="5" strt_dt="1970-01-01" end_dt="9999-12-31"/>
    <ref_fltr_chld ref_nm="taskDescriptorType" ref_cd="1" chld_ref_nm="taskReasonType" chld_ref_cd="8" strt_dt="1970-01-01" end_dt="9999-12-31"/>
    <ref_fltr_chld ref_nm="taskDescriptorType" ref_cd="1" chld_ref_nm="taskReasonType" chld_ref_cd="9" strt_dt="1970-01-01" end_dt="9999-12-31"/>
    <ref_fltr_chld ref_nm="taskDescriptorType" ref_cd="2" chld_ref_nm="taskReasonType" chld_ref_cd="1" strt_dt="1970-01-01" end_dt="9999-12-31"/>
    <ref_fltr_chld ref_nm="taskDescriptorType" ref_cd="2" chld_ref_nm="taskReasonType" chld_ref_cd="10" strt_dt="1970-01-01" end_dt="9999-12-31"/>
    <ref_fltr_chld ref_nm="taskDescriptorType" ref_cd="2" chld_ref_nm="taskReasonType" chld_ref_cd="11" strt_dt="1970-01-01" end_dt="9999-12-31"/>
    <ref_fltr_chld ref_nm="taskDescriptorType" ref_cd="2" chld_ref_nm="taskReasonType" chld_ref_cd="12" strt_dt="1970-01-01" end_dt="9999-12-31"/>
    <ref_fltr_chld ref_nm="taskDescriptorType" ref_cd="2" chld_ref_nm="taskReasonType" chld_ref_cd="2" strt_dt="1970-01-01" end_dt="9999-12-31"/>
    <ref_fltr_chld ref_nm="taskDescriptorType" ref_cd="2" chld_ref_nm="taskReasonType" chld_ref_cd="3" strt_dt="1970-01-01" end_dt="9999-12-31"/>
    <ref_fltr_chld ref_nm="taskDescriptorType" ref_cd="2" chld_ref_nm="taskReasonType" chld_ref_cd="4" strt_dt="1970-01-01" end_dt="9999-12-31"/>
    <ref_fltr_chld ref_nm="taskDescriptorType" ref_cd="2" chld_ref_nm="taskReasonType" chld_ref_cd="5" strt_dt="1970-01-01" end_dt="9999-12-31"/>
    <ref_fltr_chld ref_nm="taskDescriptorType" ref_cd="2" chld_ref_nm="taskReasonType" chld_ref_cd="8" strt_dt="1970-01-01" end_dt="9999-12-31"/>
    <ref_fltr_chld ref_nm="taskDescriptorType" ref_cd="2" chld_ref_nm="taskReasonType" chld_ref_cd="9" strt_dt="1970-01-01" end_dt="9999-12-31"/>
    <ref_fltr_chld ref_nm="taskDescriptorType" ref_cd="3" chld_ref_nm="taskReasonType" chld_ref_cd="1" strt_dt="1970-01-01" end_dt="9999-12-31"/>
    <ref_fltr_chld ref_nm="taskDescriptorType" ref_cd="3" chld_ref_nm="taskReasonType" chld_ref_cd="10" strt_dt="1970-01-01" end_dt="9999-12-31"/>
    <ref_fltr_chld ref_nm="taskDescriptorType" ref_cd="3" chld_ref_nm="taskReasonType" chld_ref_cd="11" strt_dt="1970-01-01" end_dt="9999-12-31"/>
    <ref_fltr_chld ref_nm="taskDescriptorType" ref_cd="3" chld_ref_nm="taskReasonType" chld_ref_cd="12" strt_dt="1970-01-01" end_dt="9999-12-31"/>
    <ref_fltr_chld ref_nm="taskDescriptorType" ref_cd="3" chld_ref_nm="taskReasonType" chld_ref_cd="2" strt_dt="1970-01-01" end_dt="9999-12-31"/>
    <ref_fltr_chld ref_nm="taskDescriptorType" ref_cd="3" chld_ref_nm="taskReasonType" chld_ref_cd="3" strt_dt="1970-01-01" end_dt="9999-12-31"/>
    <ref_fltr_chld ref_nm="taskDescriptorType" ref_cd="3" chld_ref_nm="taskReasonType" chld_ref_cd="4" strt_dt="1970-01-01" end_dt="9999-12-31"/>
    <ref_fltr_chld ref_nm="taskDescriptorType" ref_cd="3" chld_ref_nm="taskReasonType" chld_ref_cd="5" strt_dt="1970-01-01" end_dt="9999-12-31"/>
    <ref_fltr_chld ref_nm="taskDescriptorType" ref_cd="3" chld_ref_nm="taskReasonType" chld_ref_cd="8" strt_dt="1970-01-01" end_dt="9999-12-31"/>
    <ref_fltr_chld ref_nm="taskDescriptorType" ref_cd="3" chld_ref_nm="taskReasonType" chld_ref_cd="9" strt_dt="1970-01-01" end_dt="9999-12-31"/>
    <ref_fltr_chld ref_nm="taskDescriptorType" ref_cd="4" chld_ref_nm="taskReasonType" chld_ref_cd="1" strt_dt="1970-01-01" end_dt="9999-12-31"/>
    <ref_fltr_chld ref_nm="taskDescriptorType" ref_cd="4" chld_ref_nm="taskReasonType" chld_ref_cd="10" strt_dt="1970-01-01" end_dt="9999-12-31"/>
    <ref_fltr_chld ref_nm="taskDescriptorType" ref_cd="4" chld_ref_nm="taskReasonType" chld_ref_cd="11" strt_dt="1970-01-01" end_dt="9999-12-31"/>
    <ref_fltr_chld ref_nm="taskDescriptorType" ref_cd="4" chld_ref_nm="taskReasonType" chld_ref_cd="12" strt_dt="1970-01-01" end_dt="9999-12-31"/>
    <ref_fltr_chld ref_nm="taskDescriptorType" ref_cd="4" chld_ref_nm="taskReasonType" chld_ref_cd="2" strt_dt="1970-01-01" end_dt="9999-12-31"/>
    <ref_fltr_chld ref_nm="taskDescriptorType" ref_cd="4" chld_ref_nm="taskReasonType" chld_ref_cd="3" strt_dt="1970-01-01" end_dt="9999-12-31"/>
    <ref_fltr_chld ref_nm="taskDescriptorType" ref_cd="4" chld_ref_nm="taskReasonType" chld_ref_cd="4" strt_dt="1970-01-01" end_dt="9999-12-31"/>
    <ref_fltr_chld ref_nm="taskDescriptorType" ref_cd="4" chld_ref_nm="taskReasonType" chld_ref_cd="5" strt_dt="1970-01-01" end_dt="9999-12-31"/>
    <ref_fltr_chld ref_nm="taskDescriptorType" ref_cd="4" chld_ref_nm="taskReasonType" chld_ref_cd="8" strt_dt="1970-01-01" end_dt="9999-12-31"/>
    <ref_fltr_chld ref_nm="taskDescriptorType" ref_cd="4" chld_ref_nm="taskReasonType" chld_ref_cd="9" strt_dt="1970-01-01" end_dt="9999-12-31"/>
    <ref_fltr_chld ref_nm="taskDescriptorType" ref_cd="5" chld_ref_nm="taskReasonType" chld_ref_cd="1" strt_dt="1970-01-01" end_dt="9999-12-31"/>
    <ref_fltr_chld ref_nm="taskDescriptorType" ref_cd="5" chld_ref_nm="taskReasonType" chld_ref_cd="10" strt_dt="1970-01-01" end_dt="9999-12-31"/>
    <ref_fltr_chld ref_nm="taskDescriptorType" ref_cd="5" chld_ref_nm="taskReasonType" chld_ref_cd="11" strt_dt="1970-01-01" end_dt="9999-12-31"/>
    <ref_fltr_chld ref_nm="taskDescriptorType" ref_cd="5" chld_ref_nm="taskReasonType" chld_ref_cd="12" strt_dt="1970-01-01" end_dt="9999-12-31"/>
    <ref_fltr_chld ref_nm="taskDescriptorType" ref_cd="5" chld_ref_nm="taskReasonType" chld_ref_cd="2" strt_dt="1970-01-01" end_dt="9999-12-31"/>
    <ref_fltr_chld ref_nm="taskDescriptorType" ref_cd="5" chld_ref_nm="taskReasonType" chld_ref_cd="3" strt_dt="1970-01-01" end_dt="9999-12-31"/>
    <ref_fltr_chld ref_nm="taskDescriptorType" ref_cd="5" chld_ref_nm="taskReasonType" chld_ref_cd="4" strt_dt="1970-01-01" end_dt="9999-12-31"/>
    <ref_fltr_chld ref_nm="taskDescriptorType" ref_cd="5" chld_ref_nm="taskReasonType" chld_ref_cd="5" strt_dt="1970-01-01" end_dt="9999-12-31"/>
    <ref_fltr_chld ref_nm="taskDescriptorType" ref_cd="5" chld_ref_nm="taskReasonType" chld_ref_cd="8" strt_dt="1970-01-01" end_dt="9999-12-31"/>
    <ref_fltr_chld ref_nm="taskDescriptorType" ref_cd="5" chld_ref_nm="taskReasonType" chld_ref_cd="9" strt_dt="1970-01-01" end_dt="9999-12-31"/>
    <ref_fltr_chld ref_nm="taskType" ref_cd="1" chld_ref_nm="taskDescriptorType" chld_ref_cd="1" strt_dt="1970-01-01" end_dt="9999-12-31"/>
    <ref_fltr_chld ref_nm="taskType" ref_cd="1" chld_ref_nm="taskDescriptorType" chld_ref_cd="2" strt_dt="1970-01-01" end_dt="9999-12-31"/>
    <ref_fltr_chld ref_nm="taskType" ref_cd="2" chld_ref_nm="taskDescriptorType" chld_ref_cd="3" strt_dt="1970-01-01" end_dt="9999-12-31"/>
    <ref_fltr_chld ref_nm="taskType" ref_cd="3" chld_ref_nm="taskDescriptorType" chld_ref_cd="2" strt_dt="1970-01-01" end_dt="9999-12-31"/>
    <ref_fltr_chld ref_nm="taskType" ref_cd="3" chld_ref_nm="taskDescriptorType" chld_ref_cd="4" strt_dt="1970-01-01" end_dt="9999-12-31"/>
    <ref_fltr_chld ref_nm="taskType" ref_cd="4" chld_ref_nm="taskDescriptorType" chld_ref_cd="3" strt_dt="1970-01-01" end_dt="9999-12-31"/>
    <ref_fltr_chld ref_nm="taskType" ref_cd="4" chld_ref_nm="taskDescriptorType" chld_ref_cd="5" strt_dt="1970-01-01" end_dt="9999-12-31"/>
</ref_fltr_chldList>
