<?xml version="1.0" encoding="UTF-8"?>
<bb_fieldsList>
    <bb_field field_name="afterText" data_type="VARCHAR" field_length="2000" field_precision="0" descriptiontext="footer text" doubleclick_uri="" doubleclick="" uppercaseonly="0" field_xref="" field_name_physical="fter_txt"/>
    <bb_field field_name="alwaysVisibleIndicator" data_type="BOOLEAN" field_length="1" field_precision="0" descriptiontext="Indicates the info. message is always visible in an assessment." doubleclick_uri="" doubleclick="" uppercaseonly="0" field_xref="" field_name_physical="alway_vsbl_ind"/>
    <bb_field field_name="asmtSrvcXclsCritID" data_type="INTEGER" field_length="9" field_precision="0" descriptiontext="Primary Key of Assessment Service Exception Criteria Table" doubleclick_uri="" doubleclick="" uppercaseonly="0" field_xref="" field_name_physical="asmt_srvc_xcls_crit_id"/>
    <bb_field field_name="asmtTemplateQuestChildID" data_type="VARCHAR" field_length="10" field_precision="0" descriptiontext="ID of the child element" doubleclick_uri="" doubleclick="" uppercaseonly="0" field_xref="" field_name_physical="asmt_tmplt_quest_chld_id"/>
    <bb_field field_name="asmtTmpltQuestChldTypId" data_type="VARCHAR" field_length="1" field_precision="0" descriptiontext="Indicates the type of child element" doubleclick_uri="" doubleclick="" uppercaseonly="0" field_xref="" field_name_physical="asmt_tmplt_quest_chld_typ_id"/>
    <bb_field field_name="assessmentCategoryTypeID" data_type="VARCHAR" field_length="2" field_precision="0" descriptiontext="Unique identifier of Assessment category type, e.g., ICM review, Rules Engine (Auto Approval) Questionnaire, CMDM review, eVI assessment." doubleclick_uri="" doubleclick="" uppercaseonly="0" field_xref="" field_name_physical="asmt_catgy_typ_id"/>
    <bb_field field_name="assessmentCharacteristicID" data_type="INTEGER" field_length="20" field_precision="0" descriptiontext="Unique identifier of Business Characteristic within a Characteristic Type.There could be Characteritic Type and ID in addition to what's defined in Assessment Builder per Assessment Conductor's client's (e.g., eVI) input." doubleclick_uri="" doubleclick="" uppercaseonly="0" field_xref="" field_name_physical="asmt_char_id"/>
    <bb_field field_name="assessmentCharacteristicSeqNum" data_type="INTEGER" field_length="4" field_precision="0" descriptiontext="Sequence number that uniquely identifies a Charaterristic associated with an Assessment." doubleclick_uri="" doubleclick="" uppercaseonly="0" field_xref="" field_name_physical="asmt_char_seq_nbr"/>
    <bb_field field_name="assessmentCharacteristicTypeID" data_type="VARCHAR" field_length="2" field_precision="0" descriptiontext="Assessment Builder assigned Unique identifier of assessment charaterristic type that can be used to define the purpose and usage for an assessment. Examples are Business Segment, Product, Program Type, Market Channel" doubleclick_uri="" doubleclick="" uppercaseonly="0" field_xref="" field_name_physical="asmt_char_typ_id"/>
    <bb_field field_name="assessmentCharacteristicValue" data_type="VARCHAR" field_length="80" field_precision="0" descriptiontext="Specific value for an assessment characteristic type (e.g. for business segment characteristic type, value of Ovations is valid/applicable." doubleclick_uri="" doubleclick="" uppercaseonly="0" field_xref="" field_name_physical="asmt_char_val"/>
    <bb_field field_name="assessmentCharTypeText" data_type="VARCHAR" field_length="250" field_precision="0" descriptiontext="Assessment builder description text for the assessment characteristic type id" doubleclick_uri="" doubleclick="" uppercaseonly="0" field_xref="" field_name_physical="asmt_char_typ_txt"/>
    <bb_field field_name="assessmentDate" data_type="DATE" field_length="10" field_precision="0" descriptiontext="Conducted Assessment Date" doubleclick_uri="" doubleclick="" uppercaseonly="0" field_xref="" field_name_physical="asmt_dt"/>
    <bb_field field_name="assessmentDateTime" data_type="TIMESTAMP" field_length="23" field_precision="0" descriptiontext="The datetime a user conducts an assessment. In the application, this field can be manually selected. The default is the current date." doubleclick_uri="" doubleclick="" uppercaseonly="0" field_xref="" field_name_physical="asmt_dttm"/>
    <bb_field field_name="assessmentDueDate" data_type="DATE" field_length="10" field_precision="0" descriptiontext="Assessment Due Date" doubleclick_uri="" doubleclick="" uppercaseonly="0" field_xref="" field_name_physical="asmt_due_dt"/>
    <bb_field field_name="assessmentGroupScoreDisplayInd" data_type="BOOLEAN" field_length="1" field_precision="0" descriptiontext="Indicates if Assessment Group aggregate scoring is enabled" doubleclick_uri="" doubleclick="" uppercaseonly="0" field_xref="" field_name_physical="asmt_grp_scor_dspl_ind"/>
    <bb_field field_name="assessmentGroupTypeID" data_type="VARCHAR" field_length="10" field_precision="0" descriptiontext="Defines which assessment group the assessment is the parent of" doubleclick_uri="" doubleclick="" uppercaseonly="0" field_xref="" field_name_physical="asmt_grp_typ_id"/>
    <bb_field field_name="assessmentID" data_type="BIGINT" field_length="15" field_precision="0" descriptiontext="Unique identifier of a conducted review/assessment." doubleclick_uri="" doubleclick="" uppercaseonly="0" field_xref="" field_name_physical="asmt_id"/>
    <bb_field field_name="assessmentPocDerivationID" data_type="INTEGER" field_length="6" field_precision="0" descriptiontext="Assessment POC Derivation ID" doubleclick_uri="" doubleclick="" uppercaseonly="0" field_xref="" field_name_physical="asmt_poc_deriv_id"/>
    <bb_field field_name="assessmentPocPathwayDeriID" data_type="INTEGER" field_length="6" field_precision="0" descriptiontext="Assessment POC Pathway Derivation ID" doubleclick_uri="" doubleclick="" uppercaseonly="0" field_xref="" field_name_physical="asmt_poc_pthway_deriv_id"/>
    <bb_field field_name="assessmentServiceEventType" data_type="VARCHAR" field_length="2" field_precision="0" descriptiontext="Assessment Service Event" doubleclick_uri="" doubleclick="" uppercaseonly="0" field_xref="" field_name_physical="asmt_srvc_evnt_typ_id"/>
    <bb_field field_name="assessmentServiceType" data_type="VARCHAR" field_length="4" field_precision="0" descriptiontext="Assessment Service Type ID" doubleclick_uri="" doubleclick="" uppercaseonly="0" field_xref="" field_name_physical="asmt_srvc_typ_id"/>
    <bb_field field_name="assessmentSrvcProtocolCode" data_type="VARCHAR" field_length="6" field_precision="0" descriptiontext="Assessment Service Protocol Type ID" doubleclick_uri="" doubleclick="" uppercaseonly="0" field_xref="" field_name_physical="asmt_srvc_prtcl_cd"/>
    <bb_field field_name="assessmentSrvcProtocolDerivID" data_type="INTEGER" field_length="6" field_precision="0" descriptiontext="Assessment Service Protocol Derivation ID" doubleclick_uri="" doubleclick="" uppercaseonly="0" field_xref="" field_name_physical="asmt_srvc_prtcl_deriv_id"/>
    <bb_field field_name="assessmentSrvcPrtclDerivType" data_type="VARCHAR" field_length="2" field_precision="0" descriptiontext="Assessment Service Protocol Derivation Type ID" doubleclick_uri="" doubleclick="" uppercaseonly="0" field_xref="" field_name_physical="asmt_srvc_prtcl_deriv_typ_id"/>
    <bb_field field_name="assessmentSrvcRqstStatusType" data_type="VARCHAR" field_length="1" field_precision="0" descriptiontext="Assessment Service Request Status" doubleclick_uri="" doubleclick="" uppercaseonly="0" field_xref="" field_name_physical="asmt_srvc_req_sts_typ_id"/>
    <bb_field field_name="assessmentStatusReasonTypeID" data_type="VARCHAR" field_length="2" field_precision="0" descriptiontext="assessment status reason type id, e.g., set by system upon case/program cancelation, set by user." doubleclick_uri="" doubleclick="" uppercaseonly="0" field_xref="" field_name_physical="asmt_sts_rsn_typ_id"/>
    <bb_field field_name="assessmentStatusTypeID" data_type="VARCHAR" field_length="1" field_precision="0" descriptiontext="Unique identifier of assessment status type, e.g., in-progress, complete, concelled." doubleclick_uri="" doubleclick="" uppercaseonly="0" field_xref="" field_name_physical="asmt_sts_typ_id"/>
    <bb_field field_name="assessmentSubjectGlobalID" data_type="BIGINT" field_length="20" field_precision="0" descriptiontext="Assessment Subject Global ID" doubleclick_uri="" doubleclick="" uppercaseonly="0" field_xref="" field_name_physical="asmt_sbj_glb_id"/>
    <bb_field field_name="assessmentTemplateID" data_type="INTEGER" field_length="4" field_precision="0" descriptiontext="iCUE internally generated unique identifier of an Assessment Template." doubleclick_uri="" doubleclick="" uppercaseonly="0" field_xref="" field_name_physical="asmt_tmplt_id"/>
    <bb_field field_name="assessmentTemplateName" data_type="VARCHAR" field_length="150" field_precision="0" descriptiontext="review template name - corresponds to assessment name in the CAS output file for this version of the review template" doubleclick_uri="" doubleclick="" uppercaseonly="0" field_xref="" field_name_physical="asmt_tmplt_nm"/>
    <bb_field field_name="auditDetailID" data_type="BIGINT" field_length="12" field_precision="0" descriptiontext="Unique identifier of a system captured change record" doubleclick_uri="" doubleclick="" uppercaseonly="0" field_xref="" field_name_physical="aud_dtl_id"/>
    <bb_field field_name="auditSequenceNumber" data_type="INTEGER" field_length="4" field_precision="0" descriptiontext="iCUE generated squence number that uniquely identifies each audit record of an assessment." doubleclick_uri="" doubleclick="" uppercaseonly="0" field_xref="" field_name_physical="aud_seq_nbr"/>
    <bb_field field_name="auditText" data_type="VARCHAR" field_length="4000" field_precision="0" descriptiontext="Detail text describing the change including who, and when changed what data field and before/after values." doubleclick_uri="" doubleclick="" uppercaseonly="0" field_xref="" field_name_physical="aud_txt"/>
    <bb_field field_name="autoPopAssessmentID" data_type="BIGINT" field_length="15" field_precision="0" descriptiontext="Auto Pop Assessment ID" doubleclick_uri="" doubleclick="" uppercaseonly="0" field_xref="" field_name_physical="aut_pop_asmt_id"/>
    <bb_field field_name="builderAssessmentID" data_type="VARCHAR" field_length="6" field_precision="0" descriptiontext="Unique id of an  Assessment Template Type, e.g, 104 - Pre-admission Review 112 - SNF Concurrent Review 103 - Discharge Planning Sourced from assessment_id in Assessment Builder for new assessment template types. (legacy assessments carry CAS tool generated ids)" doubleclick_uri="" doubleclick="" uppercaseonly="0" field_xref="reviewTemplateTypeID" field_name_physical="bld_asmt_id"/>
    <bb_field field_name="builderAssessmentVersionNumber" data_type="INTEGER" field_length="4" field_precision="0" descriptiontext="The assessment template version number tracks older and current versions of assessment template type. Only the most current version should be rendered for a new assessment" doubleclick_uri="" doubleclick="" uppercaseonly="0" field_xref="" field_name_physical="bld_asmt_ver_nbr"/>
    <bb_field field_name="childIndicator" data_type="BOOLEAN" field_length="1" field_precision="0" descriptiontext="Whether table element is a child element" doubleclick_uri="" doubleclick="" uppercaseonly="0" field_xref="" field_name_physical="chld_ind"/>
    <bb_field field_name="choiceID" data_type="VARCHAR" field_length="10" field_precision="0" descriptiontext="unique identifier of a response choice, used in multiple choice questions, e.g., CheckBoxList questions,  DropDownList or RadioButton questions. info_msg_typ_id Assessment Builder Information message type id. Information message types include, scripts, opportunities/gaps, Interim Steps/Interventions, health tips, and Nurse Instructions, etc..." doubleclick_uri="" doubleclick="" uppercaseonly="0" field_xref="" field_name_physical="cho_id"/>
    <bb_field field_name="choiceText" data_type="VARCHAR" field_length="500" field_precision="0" descriptiontext="Choice Text" doubleclick_uri="" doubleclick="" uppercaseonly="0" field_xref="" field_name_physical="cho_txt"/>
    <bb_field field_name="controlTypeID" data_type="VARCHAR" field_length="2" field_precision="0" descriptiontext="UI control type, e.g., on blur, on update, etc..." doubleclick_uri="" doubleclick="" uppercaseonly="0" field_xref="" field_name_physical="ctl_typ_id"/>
    <bb_field field_name="customerAssessmentID" data_type="INTEGER" field_length="2" field_precision="0" descriptiontext="Incremented primary key for customer assessment table" doubleclick_uri="" doubleclick="" uppercaseonly="0" field_xref="" field_name_physical="cust_asmt_id"/>
    <bb_field field_name="customPointIndicator" data_type="BOOLEAN" field_length="1" field_precision="0" descriptiontext="indicates if this question response has custom points associated with its choices." doubleclick_uri="" doubleclick="" uppercaseonly="0" field_xref="" field_name_physical="cstm_pt_ind"/>
    <bb_field field_name="defaultResponseAssmntExprsTxt" data_type="VARCHAR" field_length="500" field_precision="0" descriptiontext="The assessment expression text field" doubleclick_uri="" doubleclick="" uppercaseonly="0" field_xref="" field_name_physical="dflt_rspn_asmt_exprs_txt"/>
    <bb_field field_name="defaultResponseDeriveText" data_type="VARCHAR" field_length="500" field_precision="0" descriptiontext="default response derivation text, e.g., current system date." doubleclick_uri="" doubleclick="" uppercaseonly="0" field_xref="" field_name_physical="dflt_rspn_deriv_txt"/>
    <bb_field field_name="defaultResponseDeriveTextID" data_type="VARCHAR" field_length="100" field_precision="0" descriptiontext="The entity expression text field" doubleclick_uri="" doubleclick="" uppercaseonly="0" field_xref="" field_name_physical=""/>
    <bb_field field_name="defaultResponseEntityExprsTxt" data_type="VARCHAR" field_length="100" field_precision="0" descriptiontext="The entity expression text field" doubleclick_uri="" doubleclick="" uppercaseonly="0" field_xref="defaultResponseDeriveTextID" field_name_physical="dflt_rspn_enty_exprs_txt"/>
    <bb_field field_name="deployByUserID" data_type="VARCHAR" field_length="64" field_precision="0" descriptiontext="Assessment Builder - Deployed by User ID" doubleclick_uri="" doubleclick="" uppercaseonly="0" field_xref="" field_name_physical="dply_by_user_id"/>
    <bb_field field_name="deployDateTime" data_type="TIMESTAMP" field_length="3" field_precision="0" descriptiontext="Assessment Builder - Deployed date" doubleclick_uri="" doubleclick="" uppercaseonly="0" field_xref="" field_name_physical="dply_dttm"/>
    <bb_field field_name="displayFormatTypeID" data_type="VARCHAR" field_length="2" field_precision="0" descriptiontext="unique identifier of a question response format should be displayed. E.g., CheckBoxList DropDownList RadioButtonList TextBox TextArea" doubleclick_uri="" doubleclick="" uppercaseonly="0" field_xref="" field_name_physical="dspl_fmt_typ_id"/>
    <bb_field field_name="displayOrderNumber" data_type="INTEGER" field_length="3" field_precision="0" descriptiontext="Display Order Number" doubleclick_uri="" doubleclick="" uppercaseonly="0" field_xref="" field_name_physical="dspl_order_nbr"/>
    <bb_field field_name="displayOrientationTypeID" data_type="VARCHAR" field_length="2" field_precision="0" descriptiontext="unique identifier of question response display orientation, e.g., vertical vs. horizontal. Used by CheckBoxList and RadioButtonList responses" doubleclick_uri="" doubleclick="" uppercaseonly="0" field_xref="" field_name_physical="dspl_orient_typ_id"/>
    <bb_field field_name="effectiveDate" data_type="DATE" field_length="10" field_precision="0" descriptiontext="effective date" doubleclick_uri="" doubleclick="" uppercaseonly="0" field_xref="" field_name_physical="eff_dt"/>
    <bb_field field_name="endDate" data_type="DATE" field_length="10" field_precision="0" descriptiontext="end date" doubleclick_uri="" doubleclick="" uppercaseonly="0" field_xref="" field_name_physical="end_dt"/>
    <bb_field field_name="eventHistorySequenceNumber" data_type="INTEGER" field_length="2" field_precision="0" descriptiontext="Event History Sequence Number" doubleclick_uri="" doubleclick="" uppercaseonly="0" field_xref="" field_name_physical="evnt_hist_seq_nbr"/>
    <bb_field field_name="expectedCompleteDayCount" data_type="INTEGER" field_length="3" field_precision="0" descriptiontext="Expected completion day count" doubleclick_uri="" doubleclick="" uppercaseonly="0" field_xref="" field_name_physical="expt_cmpl_day_cnt"/>
    <bb_field field_name="extendPromptText" data_type="VARCHAR" field_length="4000" field_precision="0" descriptiontext="extended prompt text - can be HTML text to directly render to web browser." doubleclick_uri="" doubleclick="" uppercaseonly="0" field_xref="" field_name_physical="ext_Prompt_txt"/>
    <bb_field field_name="externalAssessmentInboundLogId" data_type="BIGINT" field_length="20" field_precision="0" descriptiontext="External Assessment Inbound Log ID" doubleclick_uri="" doubleclick="" uppercaseonly="0" field_xref="" field_name_physical="extr_asmt_inbnd_log_id"/>
    <bb_field field_name="externalResponseDisplayType" data_type="VARCHAR" field_length="2" field_precision="0" descriptiontext="externalResponseDisplayType for ASMTTMPLTQUEST table" doubleclick_uri="" doubleclick="" uppercaseonly="0" field_xref="" field_name_physical="extr_rspn_dspl_typ_id"/>
    <bb_field field_name="externalResponseSetTypeID" data_type="VARCHAR" field_length="32" field_precision="0" descriptiontext="externalResponseSetTypeID for ASMTTMPLTQuest table" doubleclick_uri="" doubleclick="" uppercaseonly="0" field_xref="" field_name_physical="extr_rspn_set_id"/>
    <bb_field field_name="externalResponseSourceType" data_type="VARCHAR" field_length="2" field_precision="0" descriptiontext="Ecternal Response Source for ASMTTMPLTQUEST" doubleclick_uri="" doubleclick="" uppercaseonly="0" field_xref="" field_name_physical="extr_rspn_src_typ_id"/>
    <bb_field field_name="gridDisplayLockIndicator" data_type="BOOLEAN" field_length="1" field_precision="0" descriptiontext="Indicates whether or not to display 'Add another row' hyperlink" doubleclick_uri="" doubleclick="" uppercaseonly="0" field_xref="" field_name_physical="GRID_DSPL_LCK_IND"/>
    <bb_field field_name="gridDisplayRowCount" data_type="INTEGER" field_length="2" field_precision="0" descriptiontext="Display grid row count" doubleclick_uri="" doubleclick="" uppercaseonly="0" field_xref="" field_name_physical="grid_dspl_row_cnt"/>
    <bb_field field_name="groupTotalScoreNumber" data_type="DECIMAL" field_length="10" field_precision="4" descriptiontext="Aggregation of parent child Group Total Score" doubleclick_uri="" doubleclick="" uppercaseonly="0" field_xref="" field_name_physical="grp_tot_scor_nbr"/>
    <bb_field field_name="guid" data_type="VARCHAR" field_length="100" field_precision="0" descriptiontext="GUID number" doubleclick_uri="" doubleclick="" uppercaseonly="0" field_xref="" field_name_physical="guid"/>
    <bb_field field_name="guidSrcTypeID" data_type="VARCHAR" field_length="5" field_precision="0" descriptiontext="GUID src type ID" doubleclick_uri="" doubleclick="" uppercaseonly="0" field_xref="" field_name_physical="guid_src_type_id"/>
    <bb_field field_name="helpUrl" data_type="VARCHAR" field_length="200" field_precision="0" descriptiontext="Help Url" doubleclick_uri="" doubleclick="" uppercaseonly="0" field_xref="" field_name_physical="hlp_url"/>
    <bb_field field_name="hideSectionIndicator" data_type="INTEGER" field_length="1" field_precision="0" descriptiontext="indicates the section to be hidden when the assessment is displayed." doubleclick_uri="" doubleclick="" uppercaseonly="0" field_xref="" field_name_physical="hide_sect_ind"/>
    <bb_field field_name="infoMessageID" data_type="INTEGER" field_length="11" field_precision="0" descriptiontext="Assessment Builder information message id" doubleclick_uri="" doubleclick="" uppercaseonly="0" field_xref="" field_name_physical="info_msg_id"/>
    <bb_field field_name="infoMessageSequenceNum" data_type="SMALLINT" field_length="4" field_precision="0" descriptiontext="Information Message Sequence Number" doubleclick_uri="" doubleclick="" uppercaseonly="0" field_xref="" field_name_physical="info_msg_seq_nbr"/>
    <bb_field field_name="infoMessageSubtypeID" data_type="VARCHAR" field_length="2" field_precision="0" descriptiontext="Information message sub type id, e.g., for Interim Step message type, sub types are initial, follow up, final" doubleclick_uri="" doubleclick="" uppercaseonly="0" field_xref="" field_name_physical="info_msg_sub_typ_id"/>
    <bb_field field_name="infoMessageText" data_type="VARCHAR" field_length="4000" field_precision="0" descriptiontext="Information message text" doubleclick_uri="" doubleclick="" uppercaseonly="0" field_xref="" field_name_physical="info_msg"/>
    <bb_field field_name="infoMessageTypeID" data_type="VARCHAR" field_length="2" field_precision="0" descriptiontext="Message Type" doubleclick_uri="" doubleclick="" uppercaseonly="0" field_xref="" field_name_physical="info_msg_typ_id"/>
    <bb_field field_name="infoMessageTypeText" data_type="VARCHAR" field_length="40" field_precision="0" descriptiontext="Information message type text" doubleclick_uri="" doubleclick="" uppercaseonly="0" field_xref="" field_name_physical="info_msg_typ_txt"/>
    <bb_field field_name="linkPromptText" data_type="VARCHAR" field_length="200" field_precision="0" descriptiontext="prompt text for the help URL link" doubleclick_uri="" doubleclick="" uppercaseonly="0" field_xref="" field_name_physical="lnk_prompt_txt"/>
    <bb_field field_name="longTermGoalTopicType" data_type="VARCHAR" field_length="2" field_precision="0" descriptiontext="Long Term Goal Topic" doubleclick_uri="" doubleclick="" uppercaseonly="0" field_xref="pocGoalTopicType" field_name_physical="ltg_tpc_typ_id"/>
    <bb_field field_name="memberAssessmentSrvcRequestID" data_type="BIGINT" field_length="15" field_precision="0" descriptiontext="Member Assessment Service Request ID" doubleclick_uri="" doubleclick="" uppercaseonly="0" field_xref="" field_name_physical="mbr_asmt_srvc_req_id"/>
    <bb_field field_name="noDisplayIndicator" data_type="BOOLEAN" field_length="1" field_precision="0" descriptiontext="no DisplayIndicator for Hidden Question" doubleclick_uri="" doubleclick="" uppercaseonly="0" field_xref="" field_name_physical="no_dspl_ind"/>
    <bb_field field_name="nonCumulativeScoreInd" data_type="BOOLEAN" field_length="1" field_precision="0" descriptiontext="Non-Cumulative Scoring Indicator" doubleclick_uri="" doubleclick="" uppercaseonly="0" field_xref="" field_name_physical="no_cum_scor_ind"/>
    <bb_field field_name="oamAssessmentTemplateID" data_type="INTEGER" field_length="4" field_precision="0" descriptiontext="OAM internally generated unique identifier of an Assessment Template." doubleclick_uri="" doubleclick="" uppercaseonly="0" field_xref="" field_name_physical="oam_asmt_tmplt_id"/>
    <bb_field field_name="parentAssessmentID" data_type="BIGINT" field_length="15" field_precision="0" descriptiontext="Unique identifier of a conducted review/assessment parent." doubleclick_uri="" doubleclick="" uppercaseonly="0" field_xref="" field_name_physical="par_asmt_id"/>
    <bb_field field_name="parentIndicator" data_type="BOOLEAN" field_length="1" field_precision="0" descriptiontext="Whether this Question is a Parent." doubleclick_uri="" doubleclick="" uppercaseonly="0" field_xref="" field_name_physical="par_ind"/>
    <bb_field field_name="parentQuestionID" data_type="VARCHAR" field_length="10" field_precision="0" descriptiontext="parent question id - applicable to a child question, aka nested question." doubleclick_uri="" doubleclick="" uppercaseonly="0" field_xref="" field_name_physical="par_quest_id"/>
    <bb_field field_name="parentQuestionTriggerValue" data_type="VARCHAR" field_length="10" field_precision="0" descriptiontext="parent question response choice id (or value) that triggers the child question." doubleclick_uri="" doubleclick="" uppercaseonly="0" field_xref="" field_name_physical="par_quest_trig_cho_id"/>
    <bb_field field_name="points" data_type="DECIMAL" field_length="8" field_precision="4" descriptiontext="points assigned to the choice (optional)" doubleclick_uri="" doubleclick="" uppercaseonly="0" field_xref="" field_name_physical="pt_nbr"/>
    <bb_field field_name="primarySubjectIndicator" data_type="BOOLEAN" field_length="1" field_precision="0" descriptiontext="indicates that the subject is the primary assessment subject. Default to 1 Logically is the same as the soruce application subject in the ASMT table, but could be more than 1 primary assessment subject when secondary subject id, e.g., common id, is added later for the initial primary subject." doubleclick_uri="" doubleclick="" uppercaseonly="0" field_xref="" field_name_physical="pri_sbj_ind"/>
    <bb_field field_name="promptText" data_type="VARCHAR" field_length="1000" field_precision="0" descriptiontext="Prompt Text" doubleclick_uri="" doubleclick="" uppercaseonly="0" field_xref="" field_name_physical="prompt_txt"/>
    <bb_field field_name="questionCategoryTypeID" data_type="VARCHAR" field_length="2" field_precision="0" descriptiontext="Unique identifier of question category, e.g., milliman guideline.  This is used to drive UI display locations of question/reponse content. Milliman guideline questions are to be extracted and displayed in ICM review notes." doubleclick_uri="" doubleclick="" uppercaseonly="0" field_xref="" field_name_physical="quest_catgy_typ_id"/>
    <bb_field field_name="questionID" data_type="VARCHAR" field_length="10" field_precision="0" descriptiontext="Unique identifier assigned by the Assessment Builder when a question is created.Legacy assessments and assessment template types carry legacy Clinical Assessment Studio (CAS) tool assigned question id." doubleclick_uri="" doubleclick="" uppercaseonly="0" field_xref="" field_name_physical="quest_id"/>
    <bb_field field_name="questionRuleSequenceNumber" data_type="INTEGER" field_length="2" field_precision="0" descriptiontext="sequence number unique identifies a question rule for a question." doubleclick_uri="" doubleclick="" uppercaseonly="0" field_xref="" field_name_physical="quest_rule_seq_nbr"/>
    <bb_field field_name="questionTypeID" data_type="VARCHAR" field_length="3" field_precision="0" descriptiontext="Unique identifier of a question type,  e.g., shared - used to indicate that this question has a Shared response value" doubleclick_uri="" doubleclick="" uppercaseonly="0" field_xref="" field_name_physical="quest_typ_id"/>
    <bb_field field_name="renderAfterIndicator" data_type="BOOLEAN" field_length="1" field_precision="0" descriptiontext="Indicates if info text should be rendered after questions if true or before if false" doubleclick_uri="" doubleclick="" uppercaseonly="0" field_xref="" field_name_physical="rndr_aft_ind"/>
    <bb_field field_name="responseAutoPopulateIndicator" data_type="BOOLEAN" field_length="1" field_precision="0" descriptiontext="response auto populated indicator - indicates if this response must be autopopulated from previous answers" doubleclick_uri="" doubleclick="" uppercaseonly="0" field_xref="" field_name_physical="rspn_auto_pop_ind"/>
    <bb_field field_name="responseAutoPopulateSourceText" data_type="VARCHAR" field_length="20" field_precision="0" descriptiontext="response auto populate source, mostly the question id of previously answered same question. When open the review template for a review subject, member of HSC, the question response is auto populated from the latest answer of the source question for the review subject. Auto-populating is only effective when response auto populated indicator is true." doubleclick_uri="" doubleclick="" uppercaseonly="0" field_xref="" field_name_physical="rspn_auto_pop_src_txt"/>
    <bb_field field_name="responseDataTypeID" data_type="VARCHAR" field_length="2" field_precision="0" descriptiontext="Unique identifier of the response data type, e.g., number, date, text" doubleclick_uri="" doubleclick="" uppercaseonly="0" field_xref="" field_name_physical="rspn_data_typ_id"/>
    <bb_field field_name="responseDefaultValue" data_type="VARCHAR" field_length="20" field_precision="0" descriptiontext="Response default value" doubleclick_uri="" doubleclick="" uppercaseonly="0" field_xref="" field_name_physical="rspn_dflt_val"/>
    <bb_field field_name="responseGridRowNumber" data_type="SMALLINT" field_length="2" field_precision="0" descriptiontext="system generated sequence number to uniquely identify a grid response row" doubleclick_uri="" doubleclick="" uppercaseonly="0" field_xref="" field_name_physical="rspn_grid_row_nbr"/>
    <bb_field field_name="responseLengthNumber" data_type="INTEGER" field_length="4" field_precision="0" descriptiontext="Specifies a maximum length for TextBox responses" doubleclick_uri="" doubleclick="" uppercaseonly="0" field_xref="" field_name_physical="rspn_len_nbr"/>
    <bb_field field_name="responseMaximumValue" data_type="VARCHAR" field_length="20" field_precision="0" descriptiontext="maximum response value" doubleclick_uri="" doubleclick="" uppercaseonly="0" field_xref="" field_name_physical="rspn_max_val"/>
    <bb_field field_name="responseMinimumValue" data_type="VARCHAR" field_length="20" field_precision="0" descriptiontext="Minimum response value" doubleclick_uri="" doubleclick="" uppercaseonly="0" field_xref="" field_name_physical="rspn_min_val"/>
    <bb_field field_name="responseReadOnlyIndicator" data_type="BOOLEAN" field_length="1" field_precision="0" descriptiontext="response read-only indicator - used if the response is auto populated." doubleclick_uri="" doubleclick="" uppercaseonly="0" field_xref="" field_name_physical="rspn_read_only_ind"/>
    <bb_field field_name="responseRegExText" data_type="VARCHAR" field_length="20" field_precision="0" descriptiontext="response regular expression text" doubleclick_uri="" doubleclick="" uppercaseonly="0" field_xref="" field_name_physical="rspn_reg_exprs_txt"/>
    <bb_field field_name="responseRequiredIndicator" data_type="BOOLEAN" field_length="1" field_precision="0" descriptiontext="Response required indicator" doubleclick_uri="" doubleclick="" uppercaseonly="0" field_xref="" field_name_physical="rspn_rqr_ind"/>
    <bb_field field_name="responseTextSizeColumnCount" data_type="INTEGER" field_length="2" field_precision="0" descriptiontext="Response Text Size Column Count" doubleclick_uri="" doubleclick="" uppercaseonly="0" field_xref="" field_name_physical="rspn_txt_sz_col_cnt"/>
    <bb_field field_name="responseTextSizeRowCount" data_type="INTEGER" field_length="2" field_precision="0" descriptiontext="Response Text Size Row Count" doubleclick_uri="" doubleclick="" uppercaseonly="0" field_xref="" field_name_physical="rspn_txt_sz_row_cnt"/>
    <bb_field field_name="responseValue" data_type="VARCHAR" field_length="1000" field_precision="0" descriptiontext="Response Value" doubleclick_uri="" doubleclick="" uppercaseonly="0" field_xref="" field_name_physical="rspn_val"/>
    <bb_field field_name="reviewCategoryTypeID" data_type="VARCHAR" field_length="2" field_precision="0" descriptiontext="Review Category Type ID" doubleclick_uri="" doubleclick="" uppercaseonly="0" field_xref="" field_name_physical="rev_catgy_typ_id"/>
    <bb_field field_name="reviewTemplateID" data_type="INTEGER" field_length="4" field_precision="0" descriptiontext="Review Template ID" doubleclick_uri="" doubleclick="" uppercaseonly="0" field_xref="" field_name_physical="rev_tmplt_id"/>
    <bb_field field_name="reviewTemplateTypeID" data_type="VARCHAR" field_length="4" field_precision="0" descriptiontext="Review Template Type ID" doubleclick_uri="" doubleclick="" uppercaseonly="0" field_xref="" field_name_physical="rev_tmplt_typ_id"/>
    <bb_field field_name="rsaPopulationType" data_type="VARCHAR" field_length="10" field_precision="0" descriptiontext="Rsa Population Type ID" doubleclick_uri="" doubleclick="" uppercaseonly="0" field_xref="" field_name_physical="rsa_pop_typ_id"/>
    <bb_field field_name="ruleText" data_type="CLOB" field_length="1000" field_precision="0" descriptiontext="Detailed question rule text, normally iCUE executable JAVA code." doubleclick_uri="" doubleclick="" uppercaseonly="0" field_xref="" field_name_physical="rule_txt"/>
    <bb_field field_name="ruleTypeID" data_type="VARCHAR" field_length="2" field_precision="0" descriptiontext="Type of rule" doubleclick_uri="" doubleclick="" uppercaseonly="0" field_xref="" field_name_physical="rule_typ_id"/>
    <bb_field field_name="sectionAvgQuestScore" data_type="DECIMAL" field_length="10" field_precision="4" descriptiontext="Section Average Question Score" doubleclick_uri="" doubleclick="" uppercaseonly="0" field_xref="" field_name_physical="sect_avg_quest_scor"/>
    <bb_field field_name="sectionAvgQuestScoreDisplayInd" data_type="BOOLEAN" field_length="1" field_precision="0" descriptiontext="Indicates if Display Section Average Score is enabled" doubleclick_uri="" doubleclick="" uppercaseonly="0" field_xref="" field_name_physical="sect_avg_quest_scor_dspl_ind"/>
    <bb_field field_name="sectionID" data_type="VARCHAR" field_length="10" field_precision="0" descriptiontext="Assessment Builder generated section identifier of the assessment template type." doubleclick_uri="" doubleclick="" uppercaseonly="0" field_xref="" field_name_physical="sect_id"/>
    <bb_field field_name="sectionNumberID" data_type="SMALLINT" field_length="4" field_precision="0" descriptiontext="Assessment Template Section Number ID" doubleclick_uri="" doubleclick="" uppercaseonly="0" field_xref="" field_name_physical="sect_num_id"/>
    <bb_field field_name="sectionScore" data_type="DECIMAL" field_length="10" field_precision="4" descriptiontext="aggregated section score of a section" doubleclick_uri="" doubleclick="" uppercaseonly="0" field_xref="" field_name_physical="sect_scor"/>
    <bb_field field_name="sectionScoreDisplayIndicator" data_type="BOOLEAN" field_length="1" field_precision="0" descriptiontext="indicate UI to dynamically display total score at each section of a conducted assessment by this template." doubleclick_uri="" doubleclick="" uppercaseonly="0" field_xref="" field_name_physical="sect_scor_dspl_ind"/>
    <bb_field field_name="sectQuestListOrderNum" data_type="INTEGER" field_length="6" field_precision="0" descriptiontext="List order of all elements in an Assessment" doubleclick_uri="" doubleclick="" uppercaseonly="0" field_xref="" field_name_physical="sect_quest_list_order_nbr"/>
    <bb_field field_name="shortTermGoalTopicType" data_type="VARCHAR" field_length="2" field_precision="0" descriptiontext="Short Term Goal Topic" doubleclick_uri="" doubleclick="" uppercaseonly="0" field_xref="pocGoalTopicType" field_name_physical="stg_tpc_typ_id"/>
    <bb_field field_name="sourceApplicationUserID" data_type="VARCHAR" field_length="64" field_precision="0" descriptiontext="Unique identifier of User in source application" doubleclick_uri="" doubleclick="" uppercaseonly="0" field_xref="" field_name_physical="src_appl_user_id"/>
    <bb_field field_name="sourceApplicationUserName" data_type="VARCHAR" field_length="50" field_precision="0" descriptiontext="Source Application User Name" doubleclick_uri="" doubleclick="" uppercaseonly="0" field_xref="" field_name_physical="src_appl_user_nm"/>
    <bb_field field_name="sourceApplicationUserRoleText" data_type="VARCHAR" field_length="100" field_precision="0" descriptiontext="Source Application User Role Text" doubleclick_uri="" doubleclick="" uppercaseonly="0" field_xref="" field_name_physical="src_appl_user_role_txt"/>
    <bb_field field_name="subjectSequenceNumber" data_type="INTEGER" field_length="2" field_precision="0" descriptiontext="system generated sequence number to uniquely identify a related subject for an assessment." doubleclick_uri="" doubleclick="" uppercaseonly="0" field_xref="" field_name_physical="sbj_seq_nbr"/>
    <bb_field field_name="systemAssessmentType" data_type="VARCHAR" field_length="2" field_precision="0" descriptiontext="Unique identifier of System Assessment Type" doubleclick_uri="" doubleclick="" uppercaseonly="0" field_xref="" field_name_physical="sys_asmt_typ"/>
    <bb_field field_name="telephoneScriptText" data_type="VARCHAR" field_length="4000" field_precision="0" descriptiontext="phone script - what is it?" doubleclick_uri="" doubleclick="" uppercaseonly="0" field_xref="" field_name_physical="tel_scrpt_txt"/>
    <bb_field field_name="totalAvgQuestScore" data_type="DECIMAL" field_length="10" field_precision="4" descriptiontext="Total Average Question Score" doubleclick_uri="" doubleclick="" uppercaseonly="0" field_xref="" field_name_physical="tot_avg_quest_scor"/>
    <bb_field field_name="totalAvgQuestScoreDisplayInd" data_type="BOOLEAN" field_length="1" field_precision="0" descriptiontext="Indicates if Display Total Average Score is enabled" doubleclick_uri="" doubleclick="" uppercaseonly="0" field_xref="" field_name_physical="tot_avg_quest_scor_dspl_ind"/>
    <bb_field field_name="totalScoreDisplayInd" data_type="BOOLEAN" field_length="1" field_precision="0" descriptiontext="Total score display Indicator" doubleclick_uri="" doubleclick="" uppercaseonly="0" field_xref="" field_name_physical="tot_scor_dspl_ind"/>
    <bb_field field_name="unitOfMeasureText" data_type="VARCHAR" field_length="25" field_precision="0" descriptiontext="unitOfMeasureText" doubleclick_uri="" doubleclick="" uppercaseonly="0" field_xref="" field_name_physical="uom_txt"/>
</bb_fieldsList>