<?xml version="1.0" encoding="UTF-8"?>
<bb_table_fieldsList>
    <bb_table_field table_name="asmt_poc_deriv" field_name="assessmentPocDerivationID" sort_num="1" primary_key="1" incremented_key="1" hilo_block_size="1" seq_name="" required="1" defaultlist="0" phi="0" fkey_table="" fkey_field=""/>
    <bb_table_field table_name="asmt_poc_deriv" field_name="createDateTime" sort_num="2" primary_key="0" incremented_key="0" hilo_block_size="" seq_name="" required="0" defaultlist="0" phi="0" fkey_table="" fkey_field=""/>
    <bb_table_field table_name="asmt_poc_deriv" field_name="createUserID" sort_num="3" primary_key="0" incremented_key="0" hilo_block_size="" seq_name="" required="0" defaultlist="0" phi="0" fkey_table="" fkey_field=""/>
    <bb_table_field table_name="asmt_poc_deriv" field_name="changeDateTime" sort_num="4" primary_key="0" incremented_key="0" hilo_block_size="" seq_name="" required="0" defaultlist="0" phi="0" fkey_table="" fkey_field=""/>
    <bb_table_field table_name="asmt_poc_deriv" field_name="changeUserID" sort_num="5" primary_key="0" incremented_key="0" hilo_block_size="" seq_name="" required="0" defaultlist="0" phi="0" fkey_table="" fkey_field=""/>
    <bb_table_field table_name="asmt_poc_deriv" field_name="updateVersion" sort_num="6" primary_key="0" incremented_key="0" hilo_block_size="" seq_name="" required="0" defaultlist="0" phi="0" fkey_table="" fkey_field=""/>
    <bb_table_field table_name="asmt_poc_deriv" field_name="pocEligibilityType" sort_num="7" primary_key="0" incremented_key="0" hilo_block_size="" seq_name="" required="0" defaultlist="0" phi="0" fkey_table="" fkey_field=""/>
    <bb_table_field table_name="asmt_poc_deriv" field_name="builderAssessmentID" sort_num="8" primary_key="0" incremented_key="0" hilo_block_size="" seq_name="" required="0" defaultlist="0" phi="0" fkey_table="" fkey_field=""/>
    <bb_table_field table_name="asmt_poc_deriv" field_name="questionID" sort_num="9" primary_key="0" incremented_key="0" hilo_block_size="" seq_name="" required="0" defaultlist="0" phi="0" fkey_table="" fkey_field=""/>
    <bb_table_field table_name="asmt_poc_deriv" field_name="choiceID" sort_num="10" primary_key="0" incremented_key="0" hilo_block_size="" seq_name="" required="0" defaultlist="0" phi="0" fkey_table="" fkey_field=""/>
    <bb_table_field table_name="asmt_poc_deriv" field_name="pocProblemID" sort_num="11" primary_key="0" incremented_key="0" hilo_block_size="" seq_name="" required="0" defaultlist="0" phi="0" fkey_table="" fkey_field=""/>
    <bb_table_field table_name="asmt_poc_deriv" field_name="pocInterventionID" sort_num="12" primary_key="0" incremented_key="0" hilo_block_size="" seq_name="" required="0" defaultlist="0" phi="0" fkey_table="" fkey_field=""/>
    <bb_table_field table_name="asmt_poc_deriv" field_name="pocSignSymptomID" sort_num="13" primary_key="0" incremented_key="0" hilo_block_size="" seq_name="" required="0" defaultlist="0" phi="0" fkey_table="" fkey_field=""/>
    <bb_table_field table_name="asmt_poc_deriv" field_name="knowledgeRatingID" sort_num="14" primary_key="0" incremented_key="0" hilo_block_size="" seq_name="" required="0" defaultlist="0" phi="0" fkey_table="" fkey_field=""/>
    <bb_table_field table_name="asmt_poc_deriv" field_name="behaviorRatingID" sort_num="15" primary_key="0" incremented_key="0" hilo_block_size="" seq_name="" required="0" defaultlist="0" phi="0" fkey_table="" fkey_field=""/>
    <bb_table_field table_name="asmt_poc_deriv" field_name="statusRatingID" sort_num="16" primary_key="0" incremented_key="0" hilo_block_size="" seq_name="" required="0" defaultlist="0" phi="0" fkey_table="" fkey_field=""/>
    <bb_table_field table_name="asmt_poc_deriv" field_name="childQuestionChoiceText" sort_num="17" primary_key="0" incremented_key="0" hilo_block_size="" seq_name="" required="0" defaultlist="0" phi="0" fkey_table="" fkey_field=""/>
    <bb_table_field table_name="asmt_poc_deriv" field_name="pocShortTermGoalID" sort_num="18" primary_key="0" incremented_key="0" hilo_block_size="" seq_name="" required="0" defaultlist="0" phi="0" fkey_table="" fkey_field=""/>
    <bb_table_field table_name="asmt_poc_deriv" field_name="pocLongTermGoalID" sort_num="19" primary_key="0" incremented_key="0" hilo_block_size="" seq_name="" required="0" defaultlist="0" phi="0" fkey_table="" fkey_field=""/>
    <bb_table_field table_name="asmt_poc_deriv" field_name="shortTermGoalTopicType" sort_num="20" primary_key="0" incremented_key="0" hilo_block_size="" seq_name="" required="0" defaultlist="0" phi="0" fkey_table="" fkey_field=""/>
    <bb_table_field table_name="asmt_poc_deriv" field_name="longTermGoalTopicType" sort_num="21" primary_key="0" incremented_key="0" hilo_block_size="" seq_name="" required="0" defaultlist="0" phi="0" fkey_table="" fkey_field=""/>
    <bb_table_field table_name="asmt_poc_deriv" field_name="rsaPopulationType" sort_num="22" primary_key="0" incremented_key="0" hilo_block_size="" seq_name="" required="0" defaultlist="0" phi="0" fkey_table="" fkey_field=""/>
    <bb_table_field table_name="asmt_poc_deriv_chld_crit" field_name="assessmentPocDerivationID" sort_num="1" primary_key="1" incremented_key="0" hilo_block_size="" seq_name="" required="1" defaultlist="0" phi="0" fkey_table="asmt_poc_deriv" fkey_field="assessmentPocDerivationID"/>
    <bb_table_field table_name="asmt_poc_deriv_chld_crit" field_name="childQuestionID" sort_num="2" primary_key="1" incremented_key="0" hilo_block_size="" seq_name="" required="0" defaultlist="0" phi="0" fkey_table="" fkey_field=""/>
    <bb_table_field table_name="asmt_poc_deriv_chld_crit" field_name="childChoiceID" sort_num="3" primary_key="1" incremented_key="0" hilo_block_size="" seq_name="" required="0" defaultlist="0" phi="0" fkey_table="" fkey_field=""/>
    <bb_table_field table_name="asmt_poc_deriv_chld_crit" field_name="createDateTime" sort_num="4" primary_key="0" incremented_key="0" hilo_block_size="" seq_name="" required="0" defaultlist="0" phi="0" fkey_table="" fkey_field=""/>
    <bb_table_field table_name="asmt_poc_deriv_chld_crit" field_name="createUserID" sort_num="5" primary_key="0" incremented_key="0" hilo_block_size="" seq_name="" required="0" defaultlist="0" phi="0" fkey_table="" fkey_field=""/>
    <bb_table_field table_name="asmt_poc_deriv_chld_crit" field_name="changeDateTime" sort_num="6" primary_key="0" incremented_key="0" hilo_block_size="" seq_name="" required="0" defaultlist="0" phi="0" fkey_table="" fkey_field=""/>
    <bb_table_field table_name="asmt_poc_deriv_chld_crit" field_name="changeUserID" sort_num="7" primary_key="0" incremented_key="0" hilo_block_size="" seq_name="" required="0" defaultlist="0" phi="0" fkey_table="" fkey_field=""/>
    <bb_table_field table_name="asmt_poc_deriv_chld_crit" field_name="updateVersion" sort_num="8" primary_key="0" incremented_key="0" hilo_block_size="" seq_name="" required="0" defaultlist="0" phi="0" fkey_table="" fkey_field=""/>
    <bb_table_field table_name="asmt_poc_pthway_deriv" field_name="assessmentPocPathwayDeriID" sort_num="1" primary_key="1" incremented_key="1" hilo_block_size="1" seq_name="" required="1" defaultlist="0" phi="0" fkey_table="" fkey_field=""/>
    <bb_table_field table_name="asmt_poc_pthway_deriv" field_name="createDateTime" sort_num="2" primary_key="0" incremented_key="0" hilo_block_size="" seq_name="" required="0" defaultlist="0" phi="0" fkey_table="" fkey_field=""/>
    <bb_table_field table_name="asmt_poc_pthway_deriv" field_name="createUserID" sort_num="3" primary_key="0" incremented_key="0" hilo_block_size="" seq_name="" required="0" defaultlist="0" phi="0" fkey_table="" fkey_field=""/>
    <bb_table_field table_name="asmt_poc_pthway_deriv" field_name="changeDateTime" sort_num="4" primary_key="0" incremented_key="0" hilo_block_size="" seq_name="" required="0" defaultlist="0" phi="0" fkey_table="" fkey_field=""/>
    <bb_table_field table_name="asmt_poc_pthway_deriv" field_name="changeUserID" sort_num="5" primary_key="0" incremented_key="0" hilo_block_size="" seq_name="" required="0" defaultlist="0" phi="0" fkey_table="" fkey_field=""/>
    <bb_table_field table_name="asmt_poc_pthway_deriv" field_name="updateVersion" sort_num="6" primary_key="0" incremented_key="0" hilo_block_size="" seq_name="" required="0" defaultlist="0" phi="0" fkey_table="" fkey_field=""/>
    <bb_table_field table_name="asmt_poc_pthway_deriv" field_name="pocEligibilityType" sort_num="7" primary_key="0" incremented_key="0" hilo_block_size="" seq_name="" required="0" defaultlist="0" phi="0" fkey_table="" fkey_field=""/>
    <bb_table_field table_name="asmt_poc_pthway_deriv" field_name="builderAssessmentID" sort_num="8" primary_key="0" incremented_key="0" hilo_block_size="" seq_name="" required="0" defaultlist="0" phi="0" fkey_table="" fkey_field=""/>
    <bb_table_field table_name="asmt_poc_pthway_deriv" field_name="questionID" sort_num="9" primary_key="0" incremented_key="0" hilo_block_size="" seq_name="" required="0" defaultlist="0" phi="0" fkey_table="" fkey_field=""/>
    <bb_table_field table_name="asmt_poc_pthway_deriv" field_name="choiceID" sort_num="10" primary_key="0" incremented_key="0" hilo_block_size="" seq_name="" required="0" defaultlist="0" phi="0" fkey_table="" fkey_field=""/>
    <bb_table_field table_name="asmt_poc_pthway_deriv" field_name="pocPathWayID" sort_num="11" primary_key="0" incremented_key="0" hilo_block_size="" seq_name="" required="0" defaultlist="0" phi="0" fkey_table="" fkey_field=""/>
    <bb_table_field table_name="asmt_poc_pthway_deriv" field_name="childQuestionChoiceText" sort_num="12" primary_key="0" incremented_key="0" hilo_block_size="" seq_name="" required="0" defaultlist="0" phi="0" fkey_table="" fkey_field=""/>
    <bb_table_field table_name="asmt_poc_pthway_deriv" field_name="rsaPopulationType" sort_num="13" primary_key="0" incremented_key="0" hilo_block_size="" seq_name="" required="0" defaultlist="0" phi="0" fkey_table="" fkey_field=""/>
    <bb_table_field table_name="asmt_pthway_deriv_chld_crit" field_name="assessmentPocPathwayDeriID" sort_num="1" primary_key="1" incremented_key="0" hilo_block_size="" seq_name="" required="1" defaultlist="0" phi="0" fkey_table="asmt_poc_pthway_deriv" fkey_field="assessmentPocPathwayDeriID"/>
    <bb_table_field table_name="asmt_pthway_deriv_chld_crit" field_name="childQuestionID" sort_num="2" primary_key="1" incremented_key="0" hilo_block_size="" seq_name="" required="1" defaultlist="0" phi="0" fkey_table="" fkey_field=""/>
    <bb_table_field table_name="asmt_pthway_deriv_chld_crit" field_name="childChoiceID" sort_num="3" primary_key="1" incremented_key="0" hilo_block_size="" seq_name="" required="1" defaultlist="0" phi="0" fkey_table="" fkey_field=""/>
    <bb_table_field table_name="asmt_pthway_deriv_chld_crit" field_name="createDateTime" sort_num="4" primary_key="0" incremented_key="0" hilo_block_size="" seq_name="" required="0" defaultlist="0" phi="0" fkey_table="" fkey_field=""/>
    <bb_table_field table_name="asmt_pthway_deriv_chld_crit" field_name="createUserID" sort_num="5" primary_key="0" incremented_key="0" hilo_block_size="" seq_name="" required="0" defaultlist="0" phi="0" fkey_table="" fkey_field=""/>
    <bb_table_field table_name="asmt_pthway_deriv_chld_crit" field_name="changeDateTime" sort_num="6" primary_key="0" incremented_key="0" hilo_block_size="" seq_name="" required="0" defaultlist="0" phi="0" fkey_table="" fkey_field=""/>
    <bb_table_field table_name="asmt_pthway_deriv_chld_crit" field_name="changeUserID" sort_num="7" primary_key="0" incremented_key="0" hilo_block_size="" seq_name="" required="0" defaultlist="0" phi="0" fkey_table="" fkey_field=""/>
    <bb_table_field table_name="asmt_pthway_deriv_chld_crit" field_name="updateVersion" sort_num="8" primary_key="0" incremented_key="0" hilo_block_size="" seq_name="" required="0" defaultlist="0" phi="0" fkey_table="" fkey_field=""/>
    <bb_table_field table_name="asmt_tmplt" field_name="assessmentTemplateID" sort_num="1" primary_key="1" incremented_key="1" hilo_block_size="2" seq_name="" required="1" defaultlist="0" phi="0" fkey_table="" fkey_field=""/>
    <bb_table_field table_name="asmt_tmplt" field_name="createDateTime" sort_num="2" primary_key="0" incremented_key="0" hilo_block_size="" seq_name="" required="0" defaultlist="0" phi="0" fkey_table="" fkey_field=""/>
    <bb_table_field table_name="asmt_tmplt" field_name="createUserID" sort_num="3" primary_key="0" incremented_key="0" hilo_block_size="" seq_name="" required="0" defaultlist="0" phi="0" fkey_table="" fkey_field=""/>
    <bb_table_field table_name="asmt_tmplt" field_name="changeDateTime" sort_num="4" primary_key="0" incremented_key="0" hilo_block_size="" seq_name="" required="0" defaultlist="0" phi="0" fkey_table="" fkey_field=""/>
    <bb_table_field table_name="asmt_tmplt" field_name="changeUserID" sort_num="5" primary_key="0" incremented_key="0" hilo_block_size="" seq_name="" required="0" defaultlist="0" phi="0" fkey_table="" fkey_field=""/>
    <bb_table_field table_name="asmt_tmplt" field_name="updateVersion" sort_num="6" primary_key="0" incremented_key="0" hilo_block_size="" seq_name="" required="0" defaultlist="0" phi="0" fkey_table="" fkey_field=""/>
    <bb_table_field table_name="asmt_tmplt" field_name="builderAssessmentID" sort_num="7" primary_key="0" incremented_key="0" hilo_block_size="" seq_name="" required="0" defaultlist="0" phi="0" fkey_table="" fkey_field=""/>
    <bb_table_field table_name="asmt_tmplt" field_name="assessmentTemplateName" sort_num="8" primary_key="0" incremented_key="0" hilo_block_size="" seq_name="" required="0" defaultlist="0" phi="0" fkey_table="" fkey_field=""/>
    <bb_table_field table_name="asmt_tmplt" field_name="builderAssessmentVersionNumber" sort_num="9" primary_key="0" incremented_key="0" hilo_block_size="" seq_name="" required="1" defaultlist="0" phi="0" fkey_table="" fkey_field=""/>
    <bb_table_field table_name="asmt_tmplt" field_name="assessmentCategoryTypeID" sort_num="10" primary_key="0" incremented_key="0" hilo_block_size="" seq_name="" required="0" defaultlist="0" phi="0" fkey_table="" fkey_field=""/>
    <bb_table_field table_name="asmt_tmplt" field_name="effectiveDate" sort_num="11" primary_key="0" incremented_key="0" hilo_block_size="" seq_name="" required="0" defaultlist="0" phi="0" fkey_table="" fkey_field=""/>
    <bb_table_field table_name="asmt_tmplt" field_name="endDate" sort_num="12" primary_key="0" incremented_key="0" hilo_block_size="" seq_name="" required="0" defaultlist="0" phi="0" fkey_table="" fkey_field=""/>
    <bb_table_field table_name="asmt_tmplt" field_name="sectionScoreDisplayIndicator" sort_num="13" primary_key="0" incremented_key="0" hilo_block_size="" seq_name="" required="0" defaultlist="0" phi="0" fkey_table="" fkey_field=""/>
    <bb_table_field table_name="asmt_tmplt" field_name="afterText" sort_num="14" primary_key="0" incremented_key="0" hilo_block_size="" seq_name="" required="0" defaultlist="0" phi="0" fkey_table="" fkey_field=""/>
    <bb_table_field table_name="asmt_tmplt" field_name="assessmentGroupTypeID" sort_num="15" primary_key="0" incremented_key="0" hilo_block_size="" seq_name="" required="0" defaultlist="0" phi="0" fkey_table="" fkey_field=""/>
    <bb_table_field table_name="asmt_tmplt" field_name="approveDateTime" sort_num="16" primary_key="0" incremented_key="0" hilo_block_size="" seq_name="" required="0" defaultlist="0" phi="0" fkey_table="" fkey_field=""/>
    <bb_table_field table_name="asmt_tmplt" field_name="approveByUserID" sort_num="17" primary_key="0" incremented_key="0" hilo_block_size="" seq_name="" required="0" defaultlist="0" phi="0" fkey_table="" fkey_field=""/>
    <bb_table_field table_name="asmt_tmplt" field_name="builderStatusTypeID" sort_num="18" primary_key="0" incremented_key="0" hilo_block_size="" seq_name="" required="0" defaultlist="0" phi="0" fkey_table="" fkey_field=""/>
    <bb_table_field table_name="asmt_tmplt" field_name="expectedCompleteDayCount" sort_num="19" primary_key="0" incremented_key="0" hilo_block_size="" seq_name="" required="0" defaultlist="0" phi="0" fkey_table="" fkey_field=""/>
    <bb_table_field table_name="asmt_tmplt" field_name="commentText" sort_num="20" primary_key="0" incremented_key="0" hilo_block_size="" seq_name="" required="0" defaultlist="0" phi="0" fkey_table="" fkey_field=""/>
    <bb_table_field table_name="asmt_tmplt" field_name="deployDateTime" sort_num="21" primary_key="0" incremented_key="0" hilo_block_size="" seq_name="" required="0" defaultlist="0" phi="0" fkey_table="" fkey_field=""/>
    <bb_table_field table_name="asmt_tmplt" field_name="deployByUserID" sort_num="22" primary_key="0" incremented_key="0" hilo_block_size="" seq_name="" required="0" defaultlist="0" phi="0" fkey_table="" fkey_field=""/>
    <bb_table_field table_name="asmt_tmplt" field_name="totalScoreDisplayInd" sort_num="23" primary_key="0" incremented_key="0" hilo_block_size="" seq_name="" required="0" defaultlist="0" phi="0" fkey_table="" fkey_field=""/>
    <bb_table_field table_name="asmt_tmplt" field_name="assessmentGroupScoreDisplayInd" sort_num="24" primary_key="0" incremented_key="0" hilo_block_size="" seq_name="" required="0" defaultlist="0" phi="0" fkey_table="" fkey_field=""/>
    <bb_table_field table_name="asmt_tmplt" field_name="totalAvgQuestScoreDisplayInd" sort_num="25" primary_key="0" incremented_key="0" hilo_block_size="" seq_name="" required="0" defaultlist="0" phi="0" fkey_table="" fkey_field=""/>
    <bb_table_field table_name="asmt_tmplt" field_name="sectionAvgQuestScoreDisplayInd" sort_num="26" primary_key="0" incremented_key="0" hilo_block_size="" seq_name="" required="0" defaultlist="0" phi="0" fkey_table="" fkey_field=""/>
    <bb_table_field table_name="asmt_tmplt" field_name="guid" sort_num="27" primary_key="0" incremented_key="0" hilo_block_size="" seq_name="" required="0" defaultlist="0" phi="0" fkey_table="" fkey_field=""/>
    <bb_table_field table_name="asmt_tmplt" field_name="oamAssessmentTemplateID" sort_num="28" primary_key="0" incremented_key="0" hilo_block_size="" seq_name="" required="1" defaultlist="0" phi="0" fkey_table="" fkey_field=""/>
    <bb_table_field table_name="asmt_tmplt_aud_dtl" field_name="auditDetailID" sort_num="1" primary_key="1" incremented_key="1" hilo_block_size="500" seq_name="" required="0" defaultlist="0" phi="0" fkey_table="" fkey_field=""/>
    <bb_table_field table_name="asmt_tmplt_aud_dtl" field_name="createDateTime" sort_num="2" primary_key="0" incremented_key="0" hilo_block_size="" seq_name="" required="0" defaultlist="0" phi="0" fkey_table="" fkey_field=""/>
    <bb_table_field table_name="asmt_tmplt_aud_dtl" field_name="createUserID" sort_num="3" primary_key="0" incremented_key="0" hilo_block_size="" seq_name="" required="0" defaultlist="0" phi="0" fkey_table="" fkey_field=""/>
    <bb_table_field table_name="asmt_tmplt_aud_dtl" field_name="changeDateTime" sort_num="4" primary_key="0" incremented_key="0" hilo_block_size="" seq_name="" required="0" defaultlist="0" phi="0" fkey_table="" fkey_field=""/>
    <bb_table_field table_name="asmt_tmplt_aud_dtl" field_name="changeUserID" sort_num="5" primary_key="0" incremented_key="0" hilo_block_size="" seq_name="" required="0" defaultlist="0" phi="0" fkey_table="" fkey_field=""/>
    <bb_table_field table_name="asmt_tmplt_aud_dtl" field_name="updateVersion" sort_num="6" primary_key="0" incremented_key="0" hilo_block_size="" seq_name="" required="0" defaultlist="0" phi="0" fkey_table="" fkey_field=""/>
    <bb_table_field table_name="asmt_tmplt_aud_dtl" field_name="auditText" sort_num="7" primary_key="0" incremented_key="0" hilo_block_size="" seq_name="" required="0" defaultlist="0" phi="0" fkey_table="" fkey_field=""/>
    <bb_table_field table_name="asmt_tmplt_aud_dtl" field_name="assessmentTemplateID" sort_num="8" primary_key="0" incremented_key="0" hilo_block_size="" seq_name="" required="1" defaultlist="0" phi="0" fkey_table="" fkey_field=""/>
    <bb_table_field table_name="asmt_tmplt_info_msg" field_name="assessmentTemplateID" sort_num="1" primary_key="1" incremented_key="0" hilo_block_size="" seq_name="" required="1" defaultlist="0" phi="0" fkey_table="asmt_tmplt" fkey_field="assessmentTemplateID"/>
    <bb_table_field table_name="asmt_tmplt_info_msg" field_name="createDateTime" sort_num="2" primary_key="0" incremented_key="0" hilo_block_size="" seq_name="" required="0" defaultlist="0" phi="0" fkey_table="" fkey_field=""/>
    <bb_table_field table_name="asmt_tmplt_info_msg" field_name="createUserID" sort_num="3" primary_key="0" incremented_key="0" hilo_block_size="" seq_name="" required="0" defaultlist="0" phi="0" fkey_table="" fkey_field=""/>
    <bb_table_field table_name="asmt_tmplt_info_msg" field_name="changeDateTime" sort_num="4" primary_key="0" incremented_key="0" hilo_block_size="" seq_name="" required="0" defaultlist="0" phi="0" fkey_table="" fkey_field=""/>
    <bb_table_field table_name="asmt_tmplt_info_msg" field_name="changeUserID" sort_num="5" primary_key="0" incremented_key="0" hilo_block_size="" seq_name="" required="0" defaultlist="0" phi="0" fkey_table="" fkey_field=""/>
    <bb_table_field table_name="asmt_tmplt_info_msg" field_name="updateVersion" sort_num="6" primary_key="0" incremented_key="0" hilo_block_size="" seq_name="" required="0" defaultlist="0" phi="0" fkey_table="" fkey_field=""/>
    <bb_table_field table_name="asmt_tmplt_info_msg" field_name="sectionID" sort_num="7" primary_key="0" incremented_key="0" hilo_block_size="" seq_name="" required="0" defaultlist="0" phi="0" fkey_table="" fkey_field=""/>
    <bb_table_field table_name="asmt_tmplt_info_msg" field_name="questionID" sort_num="8" primary_key="0" incremented_key="0" hilo_block_size="" seq_name="" required="0" defaultlist="0" phi="0" fkey_table="" fkey_field=""/>
    <bb_table_field table_name="asmt_tmplt_info_msg" field_name="choiceID" sort_num="9" primary_key="0" incremented_key="0" hilo_block_size="" seq_name="" required="0" defaultlist="0" phi="0" fkey_table="" fkey_field=""/>
    <bb_table_field table_name="asmt_tmplt_info_msg" field_name="infoMessageID" sort_num="10" primary_key="0" incremented_key="0" hilo_block_size="" seq_name="" required="0" defaultlist="0" phi="0" fkey_table="" fkey_field=""/>
    <bb_table_field table_name="asmt_tmplt_info_msg" field_name="alwaysVisibleIndicator" sort_num="11" primary_key="0" incremented_key="0" hilo_block_size="" seq_name="" required="0" defaultlist="0" phi="0" fkey_table="" fkey_field=""/>
    <bb_table_field table_name="asmt_tmplt_info_msg" field_name="infoMessageTypeID" sort_num="12" primary_key="0" incremented_key="0" hilo_block_size="" seq_name="" required="0" defaultlist="0" phi="0" fkey_table="" fkey_field=""/>
    <bb_table_field table_name="asmt_tmplt_info_msg" field_name="infoMessageTypeText" sort_num="13" primary_key="0" incremented_key="0" hilo_block_size="" seq_name="" required="0" defaultlist="0" phi="0" fkey_table="" fkey_field=""/>
    <bb_table_field table_name="asmt_tmplt_info_msg" field_name="infoMessageSubtypeID" sort_num="14" primary_key="0" incremented_key="0" hilo_block_size="" seq_name="" required="0" defaultlist="0" phi="0" fkey_table="" fkey_field=""/>
    <bb_table_field table_name="asmt_tmplt_info_msg" field_name="renderAfterIndicator" sort_num="15" primary_key="0" incremented_key="0" hilo_block_size="" seq_name="" required="0" defaultlist="0" phi="0" fkey_table="" fkey_field=""/>
    <bb_table_field table_name="asmt_tmplt_info_msg" field_name="infoMessageText" sort_num="16" primary_key="0" incremented_key="0" hilo_block_size="" seq_name="" required="0" defaultlist="0" phi="0" fkey_table="" fkey_field=""/>
    <bb_table_field table_name="asmt_tmplt_info_msg" field_name="infoMessageSequenceNum" sort_num="17" primary_key="1" incremented_key="1" hilo_block_size="" seq_name="" required="0" defaultlist="0" phi="0" fkey_table="" fkey_field=""/>
    <bb_table_field table_name="asmt_tmplt_info_msg" field_name="displayOrderNumber" sort_num="18" primary_key="0" incremented_key="0" hilo_block_size="" seq_name="" required="0" defaultlist="0" phi="0" fkey_table="" fkey_field=""/>
    <bb_table_field table_name="asmt_tmplt_info_msg" field_name="builderQuestionID" sort_num="19" primary_key="0" incremented_key="0" hilo_block_size="" seq_name="" required="0" defaultlist="0" phi="0" fkey_table="" fkey_field=""/>
    <bb_table_field table_name="asmt_tmplt_quest" field_name="assessmentTemplateID" sort_num="1" primary_key="1" incremented_key="0" hilo_block_size="" seq_name="" required="1" defaultlist="0" phi="0" fkey_table="asmt_tmplt_sect" fkey_field="assessmentTemplateID"/>
    <bb_table_field table_name="asmt_tmplt_quest" field_name="questionID" sort_num="2" primary_key="1" incremented_key="0" hilo_block_size="" seq_name="" required="1" defaultlist="0" phi="0" fkey_table="" fkey_field=""/>
    <bb_table_field table_name="asmt_tmplt_quest" field_name="createDateTime" sort_num="3" primary_key="0" incremented_key="0" hilo_block_size="" seq_name="" required="0" defaultlist="0" phi="0" fkey_table="" fkey_field=""/>
    <bb_table_field table_name="asmt_tmplt_quest" field_name="createUserID" sort_num="4" primary_key="0" incremented_key="0" hilo_block_size="" seq_name="" required="0" defaultlist="0" phi="0" fkey_table="" fkey_field=""/>
    <bb_table_field table_name="asmt_tmplt_quest" field_name="changeDateTime" sort_num="5" primary_key="0" incremented_key="0" hilo_block_size="" seq_name="" required="0" defaultlist="0" phi="0" fkey_table="" fkey_field=""/>
    <bb_table_field table_name="asmt_tmplt_quest" field_name="changeUserID" sort_num="6" primary_key="0" incremented_key="0" hilo_block_size="" seq_name="" required="0" defaultlist="0" phi="0" fkey_table="" fkey_field=""/>
    <bb_table_field table_name="asmt_tmplt_quest" field_name="updateVersion" sort_num="7" primary_key="0" incremented_key="0" hilo_block_size="" seq_name="" required="0" defaultlist="0" phi="0" fkey_table="" fkey_field=""/>
    <bb_table_field table_name="asmt_tmplt_quest" field_name="promptText" sort_num="8" primary_key="0" incremented_key="0" hilo_block_size="" seq_name="" required="0" defaultlist="0" phi="0" fkey_table="" fkey_field=""/>
    <bb_table_field table_name="asmt_tmplt_quest" field_name="displayFormatTypeID" sort_num="9" primary_key="0" incremented_key="0" hilo_block_size="" seq_name="" required="0" defaultlist="0" phi="0" fkey_table="" fkey_field=""/>
    <bb_table_field table_name="asmt_tmplt_quest" field_name="displayOrientationTypeID" sort_num="10" primary_key="0" incremented_key="0" hilo_block_size="" seq_name="" required="0" defaultlist="0" phi="0" fkey_table="" fkey_field=""/>
    <bb_table_field table_name="asmt_tmplt_quest" field_name="questionTypeID" sort_num="11" primary_key="0" incremented_key="0" hilo_block_size="" seq_name="" required="0" defaultlist="0" phi="0" fkey_table="" fkey_field=""/>
    <bb_table_field table_name="asmt_tmplt_quest" field_name="telephoneScriptText" sort_num="12" primary_key="0" incremented_key="0" hilo_block_size="" seq_name="" required="0" defaultlist="0" phi="0" fkey_table="" fkey_field=""/>
    <bb_table_field table_name="asmt_tmplt_quest" field_name="responseRequiredIndicator" sort_num="13" primary_key="0" incremented_key="0" hilo_block_size="" seq_name="" required="0" defaultlist="0" phi="0" fkey_table="" fkey_field=""/>
    <bb_table_field table_name="asmt_tmplt_quest" field_name="customPointIndicator" sort_num="14" primary_key="0" incremented_key="0" hilo_block_size="" seq_name="" required="0" defaultlist="0" phi="0" fkey_table="" fkey_field=""/>
    <bb_table_field table_name="asmt_tmplt_quest" field_name="responseReadOnlyIndicator" sort_num="15" primary_key="0" incremented_key="0" hilo_block_size="" seq_name="" required="0" defaultlist="0" phi="0" fkey_table="" fkey_field=""/>
    <bb_table_field table_name="asmt_tmplt_quest" field_name="responseAutoPopulateIndicator" sort_num="16" primary_key="0" incremented_key="0" hilo_block_size="" seq_name="" required="0" defaultlist="0" phi="0" fkey_table="" fkey_field=""/>
    <bb_table_field table_name="asmt_tmplt_quest" field_name="responseDefaultValue" sort_num="17" primary_key="0" incremented_key="0" hilo_block_size="" seq_name="" required="0" defaultlist="0" phi="0" fkey_table="" fkey_field=""/>
    <bb_table_field table_name="asmt_tmplt_quest" field_name="responseAutoPopulateSourceText" sort_num="18" primary_key="0" incremented_key="0" hilo_block_size="" seq_name="" required="0" defaultlist="0" phi="0" fkey_table="" fkey_field=""/>
    <bb_table_field table_name="asmt_tmplt_quest" field_name="sectionID" sort_num="19" primary_key="0" incremented_key="0" hilo_block_size="" seq_name="" required="1" defaultlist="0" phi="0" fkey_table="asmt_tmplt_sect" fkey_field="sectionID"/>
    <bb_table_field table_name="asmt_tmplt_quest" field_name="displayOrderNumber" sort_num="20" primary_key="0" incremented_key="0" hilo_block_size="" seq_name="" required="0" defaultlist="0" phi="0" fkey_table="" fkey_field=""/>
    <bb_table_field table_name="asmt_tmplt_quest" field_name="builderQuestionID" sort_num="21" primary_key="0" incremented_key="0" hilo_block_size="" seq_name="" required="0" defaultlist="0" phi="0" fkey_table="" fkey_field=""/>
    <bb_table_field table_name="asmt_tmplt_quest" field_name="questionTextID" sort_num="22" primary_key="0" incremented_key="0" hilo_block_size="" seq_name="" required="0" defaultlist="0" phi="0" fkey_table="" fkey_field=""/>
    <bb_table_field table_name="asmt_tmplt_quest" field_name="questionResponseSetID" sort_num="23" primary_key="0" incremented_key="0" hilo_block_size="" seq_name="" required="0" defaultlist="0" phi="0" fkey_table="" fkey_field=""/>
    <bb_table_field table_name="asmt_tmplt_quest" field_name="questionTextResponseConfigID" sort_num="24" primary_key="0" incremented_key="0" hilo_block_size="" seq_name="" required="0" defaultlist="0" phi="0" fkey_table="" fkey_field=""/>
    <bb_table_field table_name="asmt_tmplt_quest" field_name="parentIndicator" sort_num="25" primary_key="0" incremented_key="0" hilo_block_size="" seq_name="" required="0" defaultlist="0" phi="0" fkey_table="" fkey_field=""/>
    <bb_table_field table_name="asmt_tmplt_quest" field_name="questionResponseGridID" sort_num="26" primary_key="0" incremented_key="0" hilo_block_size="" seq_name="" required="0" defaultlist="0" phi="0" fkey_table="" fkey_field=""/>
    <bb_table_field table_name="asmt_tmplt_quest" field_name="gridDisplayRowCount" sort_num="27" primary_key="0" incremented_key="0" hilo_block_size="" seq_name="" required="0" defaultlist="0" phi="0" fkey_table="" fkey_field=""/>
    <bb_table_field table_name="asmt_tmplt_quest" field_name="childIndicator" sort_num="28" primary_key="0" incremented_key="0" hilo_block_size="" seq_name="" required="0" defaultlist="0" phi="0" fkey_table="" fkey_field=""/>
    <bb_table_field table_name="asmt_tmplt_quest" field_name="questionCategoryTypeID" sort_num="29" primary_key="0" incremented_key="0" hilo_block_size="" seq_name="" required="0" defaultlist="0" phi="0" fkey_table="" fkey_field=""/>
    <bb_table_field table_name="asmt_tmplt_quest" field_name="defaultResponseDeriveText" sort_num="30" primary_key="0" incremented_key="0" hilo_block_size="" seq_name="" required="0" defaultlist="0" phi="0" fkey_table="" fkey_field=""/>
    <bb_table_field table_name="asmt_tmplt_quest" field_name="sectQuestListOrderNum" sort_num="31" primary_key="0" incremented_key="0" hilo_block_size="" seq_name="" required="0" defaultlist="0" phi="0" fkey_table="" fkey_field=""/>
    <bb_table_field table_name="asmt_tmplt_quest" field_name="externalResponseSourceType" sort_num="32" primary_key="0" incremented_key="0" hilo_block_size="" seq_name="" required="0" defaultlist="0" phi="0" fkey_table="" fkey_field=""/>
    <bb_table_field table_name="asmt_tmplt_quest" field_name="externalResponseSetTypeID" sort_num="33" primary_key="0" incremented_key="0" hilo_block_size="" seq_name="" required="0" defaultlist="0" phi="0" fkey_table="" fkey_field=""/>
    <bb_table_field table_name="asmt_tmplt_quest" field_name="externalResponseDisplayType" sort_num="34" primary_key="0" incremented_key="0" hilo_block_size="" seq_name="" required="0" defaultlist="0" phi="0" fkey_table="" fkey_field=""/>
    <bb_table_field table_name="asmt_tmplt_quest" field_name="noDisplayIndicator" sort_num="35" primary_key="0" incremented_key="0" hilo_block_size="" seq_name="" required="0" defaultlist="0" phi="0" fkey_table="" fkey_field=""/>
    <bb_table_field table_name="asmt_tmplt_quest" field_name="nonCumulativeScoreInd" sort_num="36" primary_key="0" incremented_key="0" hilo_block_size="" seq_name="" required="0" defaultlist="0" phi="0" fkey_table="" fkey_field=""/>
    <bb_table_field table_name="asmt_tmplt_quest" field_name="gridDisplayLockIndicator" sort_num="37" primary_key="0" incremented_key="0" hilo_block_size="" seq_name="" required="0" defaultlist="0" phi="0" fkey_table="" fkey_field=""/>
    <bb_table_field table_name="asmt_tmplt_quest" field_name="defaultResponseEntityExprsTxt" sort_num="38" primary_key="0" incremented_key="0" hilo_block_size="" seq_name="" required="0" defaultlist="0" phi="0" fkey_table="" fkey_field=""/>
    <bb_table_field table_name="asmt_tmplt_quest" field_name="defaultResponseAssmntExprsTxt" sort_num="39" primary_key="0" incremented_key="0" hilo_block_size="" seq_name="" required="0" defaultlist="0" phi="0" fkey_table="" fkey_field=""/>
    <bb_table_field table_name="asmt_tmplt_quest_chld" field_name="assessmentTemplateID" sort_num="1" primary_key="1" incremented_key="0" hilo_block_size="" seq_name="" required="0" defaultlist="0" phi="0" fkey_table="asmt_tmplt_quest_rspn_cho" fkey_field="assessmentTemplateID"/>
    <bb_table_field table_name="asmt_tmplt_quest_chld" field_name="questionID" sort_num="2" primary_key="1" incremented_key="0" hilo_block_size="" seq_name="" required="0" defaultlist="0" phi="0" fkey_table="asmt_tmplt_quest_rspn_cho" fkey_field="questionID"/>
    <bb_table_field table_name="asmt_tmplt_quest_chld" field_name="choiceID" sort_num="3" primary_key="1" incremented_key="0" hilo_block_size="" seq_name="" required="0" defaultlist="0" phi="0" fkey_table="asmt_tmplt_quest_rspn_cho" fkey_field="choiceID"/>
    <bb_table_field table_name="asmt_tmplt_quest_chld" field_name="asmtTmpltQuestChldTypId" sort_num="4" primary_key="1" incremented_key="0" hilo_block_size="" seq_name="" required="0" defaultlist="0" phi="0" fkey_table="" fkey_field=""/>
    <bb_table_field table_name="asmt_tmplt_quest_chld" field_name="asmtTemplateQuestChildID" sort_num="5" primary_key="1" incremented_key="0" hilo_block_size="" seq_name="" required="0" defaultlist="0" phi="0" fkey_table="" fkey_field=""/>
    <bb_table_field table_name="asmt_tmplt_quest_chld" field_name="createDateTime" sort_num="6" primary_key="0" incremented_key="0" hilo_block_size="" seq_name="" required="0" defaultlist="0" phi="0" fkey_table="" fkey_field=""/>
    <bb_table_field table_name="asmt_tmplt_quest_chld" field_name="createUserID" sort_num="7" primary_key="0" incremented_key="0" hilo_block_size="" seq_name="" required="0" defaultlist="0" phi="0" fkey_table="" fkey_field=""/>
    <bb_table_field table_name="asmt_tmplt_quest_chld" field_name="changeDateTime" sort_num="8" primary_key="0" incremented_key="0" hilo_block_size="" seq_name="" required="0" defaultlist="0" phi="0" fkey_table="" fkey_field=""/>
    <bb_table_field table_name="asmt_tmplt_quest_chld" field_name="changeUserID" sort_num="9" primary_key="0" incremented_key="0" hilo_block_size="" seq_name="" required="0" defaultlist="0" phi="0" fkey_table="" fkey_field=""/>
    <bb_table_field table_name="asmt_tmplt_quest_chld" field_name="updateVersion" sort_num="10" primary_key="0" incremented_key="0" hilo_block_size="" seq_name="" required="0" defaultlist="0" phi="0" fkey_table="" fkey_field=""/>
    <bb_table_field table_name="asmt_tmplt_quest_grid_chld" field_name="assessmentTemplateID" sort_num="1" primary_key="1" incremented_key="0" hilo_block_size="" seq_name="" required="0" defaultlist="0" phi="0" fkey_table="" fkey_field=""/>
    <bb_table_field table_name="asmt_tmplt_quest_grid_chld" field_name="questionID" sort_num="2" primary_key="1" incremented_key="0" hilo_block_size="" seq_name="" required="0" defaultlist="0" phi="0" fkey_table="" fkey_field=""/>
    <bb_table_field table_name="asmt_tmplt_quest_grid_chld" field_name="questionResponseGridColumnID" sort_num="3" primary_key="1" incremented_key="0" hilo_block_size="" seq_name="" required="0" defaultlist="0" phi="0" fkey_table="" fkey_field=""/>
    <bb_table_field table_name="asmt_tmplt_quest_grid_chld" field_name="choiceID" sort_num="4" primary_key="1" incremented_key="0" hilo_block_size="" seq_name="" required="0" defaultlist="0" phi="0" fkey_table="" fkey_field=""/>
    <bb_table_field table_name="asmt_tmplt_quest_grid_chld" field_name="asmtTmpltQuestChldTypId" sort_num="5" primary_key="1" incremented_key="0" hilo_block_size="" seq_name="" required="0" defaultlist="0" phi="0" fkey_table="" fkey_field=""/>
    <bb_table_field table_name="asmt_tmplt_quest_grid_chld" field_name="asmtTemplateQuestChildID" sort_num="6" primary_key="1" incremented_key="0" hilo_block_size="" seq_name="" required="0" defaultlist="0" phi="0" fkey_table="" fkey_field=""/>
    <bb_table_field table_name="asmt_tmplt_quest_grid_chld" field_name="createDateTime" sort_num="7" primary_key="0" incremented_key="0" hilo_block_size="" seq_name="" required="0" defaultlist="0" phi="0" fkey_table="" fkey_field=""/>
    <bb_table_field table_name="asmt_tmplt_quest_grid_chld" field_name="createUserID" sort_num="8" primary_key="0" incremented_key="0" hilo_block_size="" seq_name="" required="0" defaultlist="0" phi="0" fkey_table="" fkey_field=""/>
    <bb_table_field table_name="asmt_tmplt_quest_grid_chld" field_name="changeDateTime" sort_num="9" primary_key="0" incremented_key="0" hilo_block_size="" seq_name="" required="0" defaultlist="0" phi="0" fkey_table="" fkey_field=""/>
    <bb_table_field table_name="asmt_tmplt_quest_grid_chld" field_name="changeUserID" sort_num="10" primary_key="0" incremented_key="0" hilo_block_size="" seq_name="" required="0" defaultlist="0" phi="0" fkey_table="" fkey_field=""/>
    <bb_table_field table_name="asmt_tmplt_quest_grid_chld" field_name="updateVersion" sort_num="11" primary_key="0" incremented_key="0" hilo_block_size="" seq_name="" required="0" defaultlist="0" phi="0" fkey_table="" fkey_field=""/>
    <bb_table_field table_name="asmt_tmplt_quest_rspn_cho" field_name="assessmentTemplateID" sort_num="1" primary_key="1" incremented_key="0" hilo_block_size="" seq_name="" required="1" defaultlist="0" phi="0" fkey_table="asmt_tmplt_quest" fkey_field="assessmentTemplateID"/>
    <bb_table_field table_name="asmt_tmplt_quest_rspn_cho" field_name="questionID" sort_num="2" primary_key="1" incremented_key="0" hilo_block_size="" seq_name="" required="1" defaultlist="0" phi="0" fkey_table="asmt_tmplt_quest" fkey_field="questionID"/>
    <bb_table_field table_name="asmt_tmplt_quest_rspn_cho" field_name="choiceID" sort_num="3" primary_key="1" incremented_key="0" hilo_block_size="" seq_name="" required="1" defaultlist="0" phi="0" fkey_table="" fkey_field=""/>
    <bb_table_field table_name="asmt_tmplt_quest_rspn_cho" field_name="createDateTime" sort_num="4" primary_key="0" incremented_key="0" hilo_block_size="" seq_name="" required="0" defaultlist="0" phi="0" fkey_table="" fkey_field=""/>
    <bb_table_field table_name="asmt_tmplt_quest_rspn_cho" field_name="createUserID" sort_num="5" primary_key="0" incremented_key="0" hilo_block_size="" seq_name="" required="0" defaultlist="0" phi="0" fkey_table="" fkey_field=""/>
    <bb_table_field table_name="asmt_tmplt_quest_rspn_cho" field_name="changeDateTime" sort_num="6" primary_key="0" incremented_key="0" hilo_block_size="" seq_name="" required="0" defaultlist="0" phi="0" fkey_table="" fkey_field=""/>
    <bb_table_field table_name="asmt_tmplt_quest_rspn_cho" field_name="changeUserID" sort_num="7" primary_key="0" incremented_key="0" hilo_block_size="" seq_name="" required="0" defaultlist="0" phi="0" fkey_table="" fkey_field=""/>
    <bb_table_field table_name="asmt_tmplt_quest_rspn_cho" field_name="updateVersion" sort_num="8" primary_key="0" incremented_key="0" hilo_block_size="" seq_name="" required="0" defaultlist="0" phi="0" fkey_table="" fkey_field=""/>
    <bb_table_field table_name="asmt_tmplt_quest_rspn_cho" field_name="points" sort_num="9" primary_key="0" incremented_key="0" hilo_block_size="" seq_name="" required="0" defaultlist="0" phi="0" fkey_table="" fkey_field=""/>
    <bb_table_field table_name="asmt_tmplt_quest_rspn_cho" field_name="choiceText" sort_num="10" primary_key="0" incremented_key="0" hilo_block_size="" seq_name="" required="1" defaultlist="0" phi="0" fkey_table="" fkey_field=""/>
    <bb_table_field table_name="asmt_tmplt_quest_rspn_cho" field_name="extendPromptText" sort_num="11" primary_key="0" incremented_key="0" hilo_block_size="" seq_name="" required="0" defaultlist="0" phi="0" fkey_table="" fkey_field=""/>
    <bb_table_field table_name="asmt_tmplt_quest_rspn_cho" field_name="displayOrderNumber" sort_num="12" primary_key="0" incremented_key="0" hilo_block_size="" seq_name="" required="0" defaultlist="0" phi="0" fkey_table="" fkey_field=""/>
    <bb_table_field table_name="asmt_tmplt_quest_rspn_cho" field_name="clearOtherChoiceInd" sort_num="13" primary_key="0" incremented_key="0" hilo_block_size="" seq_name="" required="0" defaultlist="0" phi="0" fkey_table="" fkey_field=""/>
    <bb_table_field table_name="asmt_tmplt_quest_rspn_grid_col" field_name="assessmentTemplateID" sort_num="1" primary_key="1" incremented_key="0" hilo_block_size="" seq_name="" required="0" defaultlist="0" phi="0" fkey_table="asmt_tmplt_quest" fkey_field="assessmentTemplateID"/>
    <bb_table_field table_name="asmt_tmplt_quest_rspn_grid_col" field_name="questionResponseGridColumnID" sort_num="2" primary_key="1" incremented_key="0" hilo_block_size="" seq_name="" required="0" defaultlist="0" phi="0" fkey_table="" fkey_field=""/>
    <bb_table_field table_name="asmt_tmplt_quest_rspn_grid_col" field_name="createDateTime" sort_num="3" primary_key="0" incremented_key="0" hilo_block_size="" seq_name="" required="0" defaultlist="0" phi="0" fkey_table="" fkey_field=""/>
    <bb_table_field table_name="asmt_tmplt_quest_rspn_grid_col" field_name="createUserID" sort_num="4" primary_key="0" incremented_key="0" hilo_block_size="" seq_name="" required="0" defaultlist="0" phi="0" fkey_table="" fkey_field=""/>
    <bb_table_field table_name="asmt_tmplt_quest_rspn_grid_col" field_name="changeDateTime" sort_num="5" primary_key="0" incremented_key="0" hilo_block_size="" seq_name="" required="0" defaultlist="0" phi="0" fkey_table="" fkey_field=""/>
    <bb_table_field table_name="asmt_tmplt_quest_rspn_grid_col" field_name="changeUserID" sort_num="6" primary_key="0" incremented_key="0" hilo_block_size="" seq_name="" required="0" defaultlist="0" phi="0" fkey_table="" fkey_field=""/>
    <bb_table_field table_name="asmt_tmplt_quest_rspn_grid_col" field_name="updateVersion" sort_num="7" primary_key="0" incremented_key="0" hilo_block_size="" seq_name="" required="0" defaultlist="0" phi="0" fkey_table="" fkey_field=""/>
    <bb_table_field table_name="asmt_tmplt_quest_rspn_grid_col" field_name="displayOrderNumber" sort_num="8" primary_key="0" incremented_key="0" hilo_block_size="" seq_name="" required="0" defaultlist="0" phi="0" fkey_table="" fkey_field=""/>
    <bb_table_field table_name="asmt_tmplt_quest_rspn_grid_col" field_name="requiredInd" sort_num="9" primary_key="0" incremented_key="0" hilo_block_size="" seq_name="" required="0" defaultlist="0" phi="0" fkey_table="" fkey_field=""/>
    <bb_table_field table_name="asmt_tmplt_quest_rspn_grid_col" field_name="builderQuestionID" sort_num="10" primary_key="0" incremented_key="0" hilo_block_size="" seq_name="" required="0" defaultlist="0" phi="0" fkey_table="" fkey_field=""/>
    <bb_table_field table_name="asmt_tmplt_quest_rspn_grid_col" field_name="questionTextID" sort_num="11" primary_key="0" incremented_key="0" hilo_block_size="" seq_name="" required="0" defaultlist="0" phi="0" fkey_table="" fkey_field=""/>
    <bb_table_field table_name="asmt_tmplt_quest_rspn_grid_col" field_name="promptText" sort_num="12" primary_key="0" incremented_key="0" hilo_block_size="" seq_name="" required="0" defaultlist="0" phi="0" fkey_table="" fkey_field=""/>
    <bb_table_field table_name="asmt_tmplt_quest_rspn_grid_col" field_name="questionTextResponseConfigID" sort_num="13" primary_key="0" incremented_key="0" hilo_block_size="" seq_name="" required="0" defaultlist="0" phi="0" fkey_table="" fkey_field=""/>
    <bb_table_field table_name="asmt_tmplt_quest_rspn_grid_col" field_name="responseDataTypeID" sort_num="14" primary_key="0" incremented_key="0" hilo_block_size="" seq_name="" required="0" defaultlist="0" phi="0" fkey_table="" fkey_field=""/>
    <bb_table_field table_name="asmt_tmplt_quest_rspn_grid_col" field_name="questionResponseSetID" sort_num="15" primary_key="0" incremented_key="0" hilo_block_size="" seq_name="" required="0" defaultlist="0" phi="0" fkey_table="" fkey_field=""/>
    <bb_table_field table_name="asmt_tmplt_quest_rspn_grid_col" field_name="questionID" sort_num="16" primary_key="1" incremented_key="0" hilo_block_size="" seq_name="" required="0" defaultlist="0" phi="0" fkey_table="asmt_tmplt_quest" fkey_field="questionID"/>
    <bb_table_field table_name="asmt_tmplt_quest_rspn_grid_col" field_name="externalResponseSourceType" sort_num="17" primary_key="0" incremented_key="0" hilo_block_size="" seq_name="" required="0" defaultlist="0" phi="0" fkey_table="" fkey_field=""/>
    <bb_table_field table_name="asmt_tmplt_quest_rspn_grid_col" field_name="externalResponseSetTypeID" sort_num="18" primary_key="0" incremented_key="0" hilo_block_size="" seq_name="" required="0" defaultlist="0" phi="0" fkey_table="" fkey_field=""/>
    <bb_table_field table_name="asmt_tmplt_quest_rspn_grid_col" field_name="externalResponseDisplayType" sort_num="19" primary_key="0" incremented_key="0" hilo_block_size="" seq_name="" required="0" defaultlist="0" phi="0" fkey_table="" fkey_field=""/>
    <bb_table_field table_name="asmt_tmplt_quest_rspn_grid_col" field_name="noDisplayIndicator" sort_num="20" primary_key="0" incremented_key="0" hilo_block_size="" seq_name="" required="0" defaultlist="0" phi="0" fkey_table="" fkey_field=""/>
    <bb_table_field table_name="asmt_tmplt_quest_rspn_grid_col" field_name="defaultResponseAssmntExprsTxt" sort_num="21" primary_key="0" incremented_key="0" hilo_block_size="" seq_name="" required="0" defaultlist="0" phi="0" fkey_table="" fkey_field=""/>
    <bb_table_field table_name="asmt_tmplt_quest_rspn_txt" field_name="assessmentTemplateID" sort_num="1" primary_key="1" incremented_key="0" hilo_block_size="" seq_name="" required="1" defaultlist="0" phi="0" fkey_table="asmt_tmplt_quest" fkey_field="assessmentTemplateID"/>
    <bb_table_field table_name="asmt_tmplt_quest_rspn_txt" field_name="questionID" sort_num="2" primary_key="1" incremented_key="0" hilo_block_size="" seq_name="" required="1" defaultlist="0" phi="0" fkey_table="asmt_tmplt_quest" fkey_field="questionID"/>
    <bb_table_field table_name="asmt_tmplt_quest_rspn_txt" field_name="createDateTime" sort_num="3" primary_key="0" incremented_key="0" hilo_block_size="" seq_name="" required="0" defaultlist="0" phi="0" fkey_table="" fkey_field=""/>
    <bb_table_field table_name="asmt_tmplt_quest_rspn_txt" field_name="createUserID" sort_num="4" primary_key="0" incremented_key="0" hilo_block_size="" seq_name="" required="0" defaultlist="0" phi="0" fkey_table="" fkey_field=""/>
    <bb_table_field table_name="asmt_tmplt_quest_rspn_txt" field_name="changeDateTime" sort_num="5" primary_key="0" incremented_key="0" hilo_block_size="" seq_name="" required="0" defaultlist="0" phi="0" fkey_table="" fkey_field=""/>
    <bb_table_field table_name="asmt_tmplt_quest_rspn_txt" field_name="changeUserID" sort_num="6" primary_key="0" incremented_key="0" hilo_block_size="" seq_name="" required="0" defaultlist="0" phi="0" fkey_table="" fkey_field=""/>
    <bb_table_field table_name="asmt_tmplt_quest_rspn_txt" field_name="updateVersion" sort_num="7" primary_key="0" incremented_key="0" hilo_block_size="" seq_name="" required="0" defaultlist="0" phi="0" fkey_table="" fkey_field=""/>
    <bb_table_field table_name="asmt_tmplt_quest_rspn_txt" field_name="responseMinimumValue" sort_num="8" primary_key="0" incremented_key="0" hilo_block_size="" seq_name="" required="0" defaultlist="0" phi="0" fkey_table="" fkey_field=""/>
    <bb_table_field table_name="asmt_tmplt_quest_rspn_txt" field_name="responseMaximumValue" sort_num="9" primary_key="0" incremented_key="0" hilo_block_size="" seq_name="" required="0" defaultlist="0" phi="0" fkey_table="" fkey_field=""/>
    <bb_table_field table_name="asmt_tmplt_quest_rspn_txt" field_name="responseLengthNumber" sort_num="10" primary_key="0" incremented_key="0" hilo_block_size="" seq_name="" required="0" defaultlist="0" phi="0" fkey_table="" fkey_field=""/>
    <bb_table_field table_name="asmt_tmplt_quest_rspn_txt" field_name="responseRegExText" sort_num="11" primary_key="0" incremented_key="0" hilo_block_size="" seq_name="" required="0" defaultlist="0" phi="0" fkey_table="" fkey_field=""/>
    <bb_table_field table_name="asmt_tmplt_quest_rspn_txt" field_name="responseDataTypeID" sort_num="12" primary_key="0" incremented_key="0" hilo_block_size="" seq_name="" required="0" defaultlist="0" phi="0" fkey_table="" fkey_field=""/>
    <bb_table_field table_name="asmt_tmplt_quest_rspn_txt" field_name="responseTextSizeRowCount" sort_num="13" primary_key="0" incremented_key="0" hilo_block_size="" seq_name="" required="0" defaultlist="0" phi="0" fkey_table="" fkey_field=""/>
    <bb_table_field table_name="asmt_tmplt_quest_rspn_txt" field_name="responseTextSizeColumnCount" sort_num="14" primary_key="0" incremented_key="0" hilo_block_size="" seq_name="" required="0" defaultlist="0" phi="0" fkey_table="" fkey_field=""/>
    <bb_table_field table_name="asmt_tmplt_quest_rspn_txt" field_name="unitOfMeasureText" sort_num="15" primary_key="0" incremented_key="0" hilo_block_size="" seq_name="" required="0" defaultlist="0" phi="0" fkey_table="" fkey_field=""/>
    <bb_table_field table_name="asmt_tmplt_sect" field_name="assessmentTemplateID" sort_num="1" primary_key="1" incremented_key="0" hilo_block_size="" seq_name="" required="1" defaultlist="0" phi="0" fkey_table="asmt_tmplt" fkey_field="assessmentTemplateID"/>
    <bb_table_field table_name="asmt_tmplt_sect" field_name="sectionID" sort_num="2" primary_key="1" incremented_key="0" hilo_block_size="" seq_name="" required="1" defaultlist="0" phi="0" fkey_table="" fkey_field=""/>
    <bb_table_field table_name="asmt_tmplt_sect" field_name="createDateTime" sort_num="3" primary_key="0" incremented_key="0" hilo_block_size="" seq_name="" required="0" defaultlist="0" phi="0" fkey_table="" fkey_field=""/>
    <bb_table_field table_name="asmt_tmplt_sect" field_name="createUserID" sort_num="4" primary_key="0" incremented_key="0" hilo_block_size="" seq_name="" required="0" defaultlist="0" phi="0" fkey_table="" fkey_field=""/>
    <bb_table_field table_name="asmt_tmplt_sect" field_name="changeDateTime" sort_num="5" primary_key="0" incremented_key="0" hilo_block_size="" seq_name="" required="0" defaultlist="0" phi="0" fkey_table="" fkey_field=""/>
    <bb_table_field table_name="asmt_tmplt_sect" field_name="changeUserID" sort_num="6" primary_key="0" incremented_key="0" hilo_block_size="" seq_name="" required="0" defaultlist="0" phi="0" fkey_table="" fkey_field=""/>
    <bb_table_field table_name="asmt_tmplt_sect" field_name="updateVersion" sort_num="7" primary_key="0" incremented_key="0" hilo_block_size="" seq_name="" required="0" defaultlist="0" phi="0" fkey_table="" fkey_field=""/>
    <bb_table_field table_name="asmt_tmplt_sect" field_name="promptText" sort_num="8" primary_key="0" incremented_key="0" hilo_block_size="" seq_name="" required="0" defaultlist="0" phi="0" fkey_table="" fkey_field=""/>
    <bb_table_field table_name="asmt_tmplt_sect" field_name="linkPromptText" sort_num="9" primary_key="0" incremented_key="0" hilo_block_size="" seq_name="" required="0" defaultlist="0" phi="0" fkey_table="" fkey_field=""/>
    <bb_table_field table_name="asmt_tmplt_sect" field_name="helpUrl" sort_num="10" primary_key="0" incremented_key="0" hilo_block_size="" seq_name="" required="0" defaultlist="0" phi="0" fkey_table="" fkey_field=""/>
    <bb_table_field table_name="asmt_tmplt_sect" field_name="displayOrderNumber" sort_num="11" primary_key="0" incremented_key="0" hilo_block_size="" seq_name="" required="0" defaultlist="0" phi="0" fkey_table="" fkey_field=""/>
    <bb_table_field table_name="asmt_tmplt_sect" field_name="hideSectionIndicator" sort_num="12" primary_key="0" incremented_key="0" hilo_block_size="" seq_name="" required="0" defaultlist="0" phi="0" fkey_table="" fkey_field=""/>
    <bb_table_field table_name="asmt_tmplt_sect" field_name="childIndicator" sort_num="13" primary_key="0" incremented_key="0" hilo_block_size="" seq_name="" required="0" defaultlist="0" phi="0" fkey_table="" fkey_field=""/>
    <bb_table_field table_name="asmt_tmplt_sect" field_name="parentIndicator" sort_num="14" primary_key="0" incremented_key="0" hilo_block_size="" seq_name="" required="0" defaultlist="0" phi="0" fkey_table="" fkey_field=""/>
    <bb_table_field table_name="asmt_tmplt_sect" field_name="sectionNumberID" sort_num="15" primary_key="0" incremented_key="0" hilo_block_size="" seq_name="" required="0" defaultlist="0" phi="0" fkey_table="" fkey_field=""/>
    <bb_table_field table_name="asmt_tmplt_sect" field_name="sectQuestListOrderNum" sort_num="16" primary_key="0" incremented_key="0" hilo_block_size="" seq_name="" required="0" defaultlist="0" phi="0" fkey_table="" fkey_field=""/>
    <bb_table_field table_name="cust_asmt" field_name="customerID" sort_num="1" primary_key="1" incremented_key="0" hilo_block_size="" seq_name="" required="1" defaultlist="0" phi="0" fkey_table="cust" fkey_field="customerID"/>
    <bb_table_field table_name="cust_asmt" field_name="customerAssessmentID" sort_num="2" primary_key="1" incremented_key="1" hilo_block_size="10" seq_name="" required="1" defaultlist="0" phi="0" fkey_table="" fkey_field=""/>
    <bb_table_field table_name="cust_asmt" field_name="assessmentCharacteristicValue" sort_num="3" primary_key="0" incremented_key="0" hilo_block_size="" seq_name="" required="0" defaultlist="0" phi="0" fkey_table="" fkey_field=""/>
    <bb_table_field table_name="cust_asmt" field_name="assessmentCharTypeText" sort_num="4" primary_key="0" incremented_key="0" hilo_block_size="" seq_name="" required="0" defaultlist="0" phi="0" fkey_table="" fkey_field=""/>
    <bb_table_field table_name="cust_asmt" field_name="systemAssessmentType" sort_num="5" primary_key="0" incremented_key="0" hilo_block_size="" seq_name="" required="0" defaultlist="0" phi="0" fkey_table="" fkey_field=""/>
    <bb_table_field table_name="cust_asmt" field_name="createDateTime" sort_num="6" primary_key="0" incremented_key="0" hilo_block_size="" seq_name="" required="0" defaultlist="0" phi="0" fkey_table="" fkey_field=""/>
    <bb_table_field table_name="cust_asmt" field_name="createUserID" sort_num="7" primary_key="0" incremented_key="0" hilo_block_size="" seq_name="" required="0" defaultlist="0" phi="0" fkey_table="" fkey_field=""/>
    <bb_table_field table_name="cust_asmt" field_name="changeDateTime" sort_num="8" primary_key="0" incremented_key="0" hilo_block_size="" seq_name="" required="0" defaultlist="0" phi="0" fkey_table="" fkey_field=""/>
    <bb_table_field table_name="cust_asmt" field_name="changeUserID" sort_num="9" primary_key="0" incremented_key="0" hilo_block_size="" seq_name="" required="0" defaultlist="0" phi="0" fkey_table="" fkey_field=""/>
    <bb_table_field table_name="cust_asmt" field_name="updateVersion" sort_num="10" primary_key="0" incremented_key="0" hilo_block_size="" seq_name="" required="0" defaultlist="0" phi="0" fkey_table="" fkey_field=""/>
</bb_table_fieldsList>