<?xml version="1.0" encoding="UTF-8"?>
<bb_tablesList>
    <bb_table table_name="asmt_poc_deriv" descriptiontext="Table for assessment poc setting derivation for grid selection" voclass="com.optum.app.common.assessments.data.AssessmentPocDerivationVO" daoclass="" daoclassimpl="" auditnotestable="" view_indicator="0" distinct_indicator="0" virtual_indicator="0" under_construction="0" secured="0" logHistory="0" num_pk_index_partitions="0" pk_partitioned_index_name="" db_category="" translatable="0"/>
    <bb_table table_name="asmt_poc_deriv_chld_crit" descriptiontext="Table for storing the assessment grid questions and answers" voclass="com.optum.app.common.assessments.data.AssessmentPocDerivationChildCritVO" daoclass="" daoclassimpl="" auditnotestable="" view_indicator="0" distinct_indicator="0" virtual_indicator="0" under_construction="0" secured="0" logHistory="0" num_pk_index_partitions="0" pk_partitioned_index_name="" db_category="" translatable="0"/>
    <bb_table table_name="asmt_poc_pthway_deriv" descriptiontext="Assessment POC Pathway Derivation table" voclass="com.optum.app.common.assessments.data.AssessmentPocPathwayDerivationVO" daoclass="" daoclassimpl="" auditnotestable="" view_indicator="0" distinct_indicator="0" virtual_indicator="0" under_construction="0" secured="0" logHistory="0" num_pk_index_partitions="0" pk_partitioned_index_name="" db_category="" translatable="0"/>
    <bb_table table_name="asmt_pthway_deriv_chld_crit" descriptiontext="Assessment POC Pathway Derivation Child Crit table" voclass="com.optum.app.common.assessments.data.AssessmentPathwayDerivationChildCritVO" daoclass="" daoclassimpl="" auditnotestable="" view_indicator="0" distinct_indicator="0" virtual_indicator="0" under_construction="0" secured="0" logHistory="0" num_pk_index_partitions="0" pk_partitioned_index_name="" db_category="" translatable="0"/>
    <bb_table table_name="asmt_tmplt" descriptiontext="iCUE rendering instance of an Assessment Template Type (aka,  review/assessment/questionnaire.  A collection of predefined questions that are used to gather information of a patient, a HSC, or a facility stay, with specific clinical  objectives) per version and per languange type." voclass="com.optum.app.common.assessments.data.AssessmentTemplateVO" daoclass="" daoclassimpl="" auditnotestable="asmt_tmplt_aud_dtl" view_indicator="0" distinct_indicator="0" virtual_indicator="0" under_construction="0" secured="0" logHistory="0" num_pk_index_partitions="0" pk_partitioned_index_name="" db_category="" translatable="0"/>
    <bb_table table_name="asmt_tmplt_aud_dtl" descriptiontext="ASMT_TMPLT audit table" voclass="com.optum.app.common.assessments.data.AssessmentTemplateAuditDetailVO" daoclass="" daoclassimpl="" auditnotestable="" view_indicator="0" distinct_indicator="0" virtual_indicator="0" under_construction="0" secured="0" logHistory="0" num_pk_index_partitions="0" pk_partitioned_index_name="" db_category="" translatable="0"/>
    <bb_table table_name="asmt_tmplt_info_msg" descriptiontext="Information messages embedded within an Assessment Template, can be associated to different level of content, template itself, Section, Question, or Choice." voclass="com.optum.app.common.assessments.data.AssessmentInfoMessageTextVO" daoclass="" daoclassimpl="" auditnotestable="asmt_tmplt_aud_dtl" view_indicator="0" distinct_indicator="0" virtual_indicator="0" under_construction="0" secured="0" logHistory="0" num_pk_index_partitions="0" pk_partitioned_index_name="" db_category="" translatable="0"/>
    <bb_table table_name="asmt_tmplt_quest" descriptiontext="Identifies questions that compose an assessment template." voclass="com.optum.app.common.assessments.data.AssessmentQuestionVO" daoclass="" daoclassimpl="" auditnotestable="asmt_tmplt_aud_dtl" view_indicator="0" distinct_indicator="0" virtual_indicator="0" under_construction="0" secured="0" logHistory="0" num_pk_index_partitions="0" pk_partitioned_index_name="" db_category="" translatable="0"/>
    <bb_table table_name="asmt_tmplt_quest_chld" descriptiontext="Table to hold child elements" voclass="com.optum.app.common.assessments.data.AssessmentTemplateQuestionChildVO" daoclass="" daoclassimpl="" auditnotestable="" view_indicator="0" distinct_indicator="0" virtual_indicator="0" under_construction="0" secured="0" logHistory="0" num_pk_index_partitions="0" pk_partitioned_index_name="" db_category="" translatable="0"/>
    <bb_table table_name="asmt_tmplt_quest_grid_chld" descriptiontext="Table to hold child elements for a Grid question" voclass="com.optum.app.common.assessments.data.AssessmentTemplateQuestionGridChildVO" daoclass="" daoclassimpl="" auditnotestable="" view_indicator="0" distinct_indicator="0" virtual_indicator="0" under_construction="0" secured="0" logHistory="0" num_pk_index_partitions="0" pk_partitioned_index_name="" db_category="" translatable="0"/>
    <bb_table table_name="asmt_tmplt_quest_rspn_cho" descriptiontext="Assessment template question response choice, only applicable when question type contains multiple choice" voclass="com.optum.app.common.assessments.data.AssessmentQuestionResponseChoiceVO" daoclass="" daoclassimpl="" auditnotestable="asmt_tmplt_aud_dtl" view_indicator="0" distinct_indicator="0" virtual_indicator="0" under_construction="0" secured="0" logHistory="0" num_pk_index_partitions="0" pk_partitioned_index_name="" db_category="" translatable="0"/>
    <bb_table table_name="asmt_tmplt_quest_rspn_grid_col" descriptiontext="Assessment Grid Columns, only identified if the question is a grid type question." voclass="com.optum.app.common.assessments.data.AssessmentQuestionResponseGridColumnVO" daoclass="" daoclassimpl="" auditnotestable="asmt_tmplt_aud_dtl" view_indicator="0" distinct_indicator="0" virtual_indicator="0" under_construction="0" secured="0" logHistory="0" num_pk_index_partitions="0" pk_partitioned_index_name="" db_category="" translatable="0"/>
    <bb_table table_name="asmt_tmplt_quest_rspn_txt" descriptiontext="Assessment template question response text, only applicable if the question format type is text box or text area" voclass="com.optum.app.common.assessments.data.AssessmentQuestionResponseTextVO" daoclass="" daoclassimpl="" auditnotestable="asmt_tmplt_aud_dtl" view_indicator="0" distinct_indicator="0" virtual_indicator="0" under_construction="0" secured="0" logHistory="0" num_pk_index_partitions="0" pk_partitioned_index_name="" db_category="" translatable="0"/>
    <bb_table table_name="asmt_tmplt_sect" descriptiontext="Assessment Template Section" voclass="com.optum.app.common.assessments.data.AssessmentSectionVO" daoclass="" daoclassimpl="" auditnotestable="asmt_tmplt_aud_dtl" view_indicator="0" distinct_indicator="0" virtual_indicator="0" under_construction="0" secured="0" logHistory="0" num_pk_index_partitions="0" pk_partitioned_index_name="" db_category="" translatable="0"/>
    <bb_table table_name="cust_asmt" descriptiontext="Customer Assessment Table" voclass="com.optum.app.common.customer.data.CustomerAssessmentVO" daoclass="" daoclassimpl="" auditnotestable="" view_indicator="0" distinct_indicator="0" virtual_indicator="0" under_construction="0" secured="0" logHistory="0" num_pk_index_partitions="0" pk_partitioned_index_name="" db_category="" translatable="0"/>
</bb_tablesList>