<?xml version="1.0" encoding="UTF-8"?>
<bb_fieldsList>
    <bb_field field_name="auditnotestable" data_type="VARCHAR" field_length="50" field_precision="0" descriptiontext="bb entry" doubleclick_uri="" doubleclick="" uppercaseonly="0" field_xref="" field_name_physical=""/>
    <bb_field field_name="daoclass" data_type="VARCHAR" field_length="100" field_precision="0" descriptiontext="bb entry" doubleclick_uri="" doubleclick="" uppercaseonly="0" field_xref="" field_name_physical=""/>
    <bb_field field_name="daoclassimpl" data_type="VARCHAR" field_length="100" field_precision="0" descriptiontext="bb entry" doubleclick_uri="" doubleclick="" uppercaseonly="0" field_xref="" field_name_physical=""/>
    <bb_field field_name="data_type" data_type="VARCHAR" field_length="50" field_precision="0" descriptiontext="bb entry" doubleclick_uri="" doubleclick="" uppercaseonly="0" field_xref="" field_name_physical=""/>
    <bb_field field_name="db_category" data_type="VARCHAR" field_length="50" field_precision="0" descriptiontext="A category of database objects" doubleclick_uri="" doubleclick="" uppercaseonly="0" field_xref="" field_name_physical=""/>
    <bb_field field_name="defaultlist" data_type="BOOLEAN" field_length="1" field_precision="0" descriptiontext="bb entry" doubleclick_uri="" doubleclick="" uppercaseonly="0" field_xref="" field_name_physical=""/>
    <bb_field field_name="descriptiontext" data_type="VARCHAR" field_length="2000" field_precision="0" descriptiontext="Description" doubleclick_uri="" doubleclick="" uppercaseonly="0" field_xref="" field_name_physical=""/>
    <bb_field field_name="distinct_indicator" data_type="BOOLEAN" field_length="1" field_precision="0" descriptiontext="bb entry" doubleclick_uri="" doubleclick="" uppercaseonly="0" field_xref="" field_name_physical=""/>
    <bb_field field_name="doubleclick" data_type="VARCHAR" field_length="500" field_precision="0" descriptiontext="bb entry" doubleclick_uri="" doubleclick="" uppercaseonly="0" field_xref="" field_name_physical=""/>
    <bb_field field_name="doubleclick_uri" data_type="VARCHAR" field_length="500" field_precision="0" descriptiontext="bb entry" doubleclick_uri="" doubleclick="" uppercaseonly="0" field_xref="" field_name_physical=""/>
    <bb_field field_name="field_descriptiontext" data_type="VARCHAR" field_length="2000" field_precision="0" descriptiontext="Description of a field from bb_fields" doubleclick_uri="" doubleclick="" uppercaseonly="0" field_xref="descriptiontext" field_name_physical="field_descriptiontext"/>
    <bb_field field_name="field_length" data_type="VARCHAR" field_length="50" field_precision="0" descriptiontext="bb entry" doubleclick_uri="" doubleclick="" uppercaseonly="0" field_xref="" field_name_physical=""/>
    <bb_field field_name="field_name" data_type="VARCHAR" field_length="50" field_precision="0" descriptiontext="bb entry" doubleclick_uri="" doubleclick="" uppercaseonly="0" field_xref="" field_name_physical=""/>
    <bb_field field_name="field_name_physical" data_type="VARCHAR" field_length="50" field_precision="0" descriptiontext="bb entry" doubleclick_uri="" doubleclick="" uppercaseonly="0" field_xref="" field_name_physical=""/>
    <bb_field field_name="field_precision" data_type="VARCHAR" field_length="50" field_precision="0" descriptiontext="bb entry" doubleclick_uri="" doubleclick="" uppercaseonly="0" field_xref="" field_name_physical=""/>
    <bb_field field_name="field_xref" data_type="VARCHAR" field_length="50" field_precision="0" descriptiontext="bb entry" doubleclick_uri="" doubleclick="" uppercaseonly="0" field_xref="" field_name_physical=""/>
    <bb_field field_name="fkey_field" data_type="VARCHAR" field_length="50" field_precision="0" descriptiontext="bb entry" doubleclick_uri="" doubleclick="" uppercaseonly="0" field_xref="" field_name_physical=""/>
    <bb_field field_name="fkey_table" data_type="VARCHAR" field_length="50" field_precision="0" descriptiontext="bb entry" doubleclick_uri="" doubleclick="" uppercaseonly="0" field_xref="" field_name_physical=""/>
    <bb_field field_name="hilo_block_size" data_type="INTEGER" field_length="4" field_precision="0" descriptiontext="bb entry" doubleclick_uri="" doubleclick="" uppercaseonly="0" field_xref="" field_name_physical=""/>
    <bb_field field_name="incremented_key" data_type="BOOLEAN" field_length="1" field_precision="0" descriptiontext="bb entry" doubleclick_uri="" doubleclick="" uppercaseonly="0" field_xref="" field_name_physical=""/>
    <bb_field field_name="num_partitions" data_type="INTEGER" field_length="3" field_precision="0" descriptiontext="bb entry" doubleclick_uri="" doubleclick="" uppercaseonly="0" field_xref="" field_name_physical=""/>
    <bb_field field_name="num_pk_index_partitions" data_type="INTEGER" field_length="3" field_precision="0" descriptiontext="bb entry" doubleclick_uri="" doubleclick="" uppercaseonly="0" field_xref="" field_name_physical=""/>
    <bb_field field_name="phi" data_type="BOOLEAN" field_length="1" field_precision="0" descriptiontext="bb entry" doubleclick_uri="" doubleclick="" uppercaseonly="0" field_xref="" field_name_physical=""/>
    <bb_field field_name="primary_key" data_type="BOOLEAN" field_length="1" field_precision="0" descriptiontext="bb entry" doubleclick_uri="" doubleclick="" uppercaseonly="0" field_xref="" field_name_physical=""/>
    <bb_field field_name="required" data_type="BOOLEAN" field_length="1" field_precision="0" descriptiontext="bb entry" doubleclick_uri="" doubleclick="" uppercaseonly="0" field_xref="" field_name_physical=""/>
    <bb_field field_name="secured" data_type="BOOLEAN" field_length="1" field_precision="0" descriptiontext="bb entry" doubleclick_uri="" doubleclick="" uppercaseonly="0" field_xref="" field_name_physical=""/>
    <bb_field field_name="logHistory" data_type="BOOLEAN" field_length="1" field_precision="0" descriptiontext="bb entry" doubleclick_uri="" doubleclick="" uppercaseonly="0" field_xref="" field_name_physical=""/>
    <bb_field field_name="pk_partitioned_index_name" data_type="VARCHAR" field_length="30" field_precision="0" descriptiontext="bb entry" doubleclick_uri="" doubleclick="" uppercaseonly="0" field_xref="" field_name_physical=""/>
    <bb_field field_name="seq_name" data_type="VARCHAR" field_length="50" field_precision="0" descriptiontext="bb entry" doubleclick_uri="" doubleclick="" uppercaseonly="0" field_xref="" field_name_physical=""/>
    <bb_field field_name="sort_num" data_type="VARCHAR" field_length="50" field_precision="0" descriptiontext="bb entry" doubleclick_uri="" doubleclick="" uppercaseonly="0" field_xref="" field_name_physical=""/>
    <bb_field field_name="table_descriptiontext" data_type="VARCHAR" field_length="2000" field_precision="0" descriptiontext="Description of the table in bb_tables" doubleclick_uri="" doubleclick="" uppercaseonly="0" field_xref="descriptiontext" field_name_physical="table_descriptiontext"/>
    <bb_field field_name="table_name" data_type="VARCHAR" field_length="50" field_precision="0" descriptiontext="bb entry" doubleclick_uri="" doubleclick="" uppercaseonly="0" field_xref="" field_name_physical=""/>
    <bb_field field_name="table_or_view" data_type="VARCHAR" field_length="5" field_precision="0" descriptiontext="Indicates whether or not the record is a table or a view" doubleclick_uri="" doubleclick="" uppercaseonly="0" field_xref="" field_name_physical="table_or_view"/>
    <bb_field field_name="translatable" data_type="BOOLEAN" field_length="1" field_precision="0" descriptiontext="Enable translation on this table's columns." doubleclick_uri="" doubleclick="" uppercaseonly="0" field_xref="" field_name_physical=""/>
    <bb_field field_name="under_construction" data_type="BOOLEAN" field_length="1" field_precision="0" descriptiontext="bb entry" doubleclick_uri="" doubleclick="" uppercaseonly="0" field_xref="" field_name_physical=""/>
    <bb_field field_name="uppercaseonly" data_type="BOOLEAN" field_length="1" field_precision="0" descriptiontext="bb entry" doubleclick_uri="" doubleclick="" uppercaseonly="0" field_xref="" field_name_physical=""/>
    <bb_field field_name="view_indicator" data_type="BOOLEAN" field_length="1" field_precision="0" descriptiontext="bb entry" doubleclick_uri="" doubleclick="" uppercaseonly="0" field_xref="" field_name_physical=""/>
    <bb_field field_name="virtual_indicator" data_type="BOOLEAN" field_length="1" field_precision="0" descriptiontext="bb entry" doubleclick_uri="" doubleclick="" uppercaseonly="0" field_xref="" field_name_physical=""/>
    <bb_field field_name="voclass" data_type="VARCHAR" field_length="100" field_precision="0" descriptiontext="bb entry" doubleclick_uri="" doubleclick="" uppercaseonly="0" field_xref="" field_name_physical=""/>
</bb_fieldsList>