<?xml version="1.0" encoding="UTF-8"?>
<bb_table_fieldsList>
    <bb_table_field table_name="bb_fields" field_name="field_name" sort_num="1" primary_key="1" incremented_key="0" hilo_block_size="" seq_name="" required="1" defaultlist="0" phi="0" fkey_table="" fkey_field=""/>
    <bb_table_field table_name="bb_fields" field_name="data_type" sort_num="2" primary_key="0" incremented_key="0" hilo_block_size="" seq_name="" required="0" defaultlist="0" phi="0" fkey_table="" fkey_field=""/>
    <bb_table_field table_name="bb_fields" field_name="field_length" sort_num="3" primary_key="0" incremented_key="0" hilo_block_size="" seq_name="" required="0" defaultlist="0" phi="0" fkey_table="" fkey_field=""/>
    <bb_table_field table_name="bb_fields" field_name="field_precision" sort_num="4" primary_key="0" incremented_key="0" hilo_block_size="" seq_name="" required="0" defaultlist="0" phi="0" fkey_table="" fkey_field=""/>
    <bb_table_field table_name="bb_fields" field_name="descriptiontext" sort_num="5" primary_key="0" incremented_key="0" hilo_block_size="" seq_name="" required="0" defaultlist="0" phi="0" fkey_table="" fkey_field=""/>
    <bb_table_field table_name="bb_fields" field_name="doubleclick_uri" sort_num="6" primary_key="0" incremented_key="0" hilo_block_size="" seq_name="" required="0" defaultlist="0" phi="0" fkey_table="" fkey_field=""/>
    <bb_table_field table_name="bb_fields" field_name="doubleclick" sort_num="7" primary_key="0" incremented_key="0" hilo_block_size="" seq_name="" required="0" defaultlist="0" phi="0" fkey_table="" fkey_field=""/>
    <bb_table_field table_name="bb_fields" field_name="uppercaseonly" sort_num="8" primary_key="0" incremented_key="0" hilo_block_size="" seq_name="" required="0" defaultlist="0" phi="0" fkey_table="" fkey_field=""/>
    <bb_table_field table_name="bb_fields" field_name="field_xref" sort_num="9" primary_key="0" incremented_key="0" hilo_block_size="" seq_name="" required="0" defaultlist="0" phi="0" fkey_table="" fkey_field=""/>
    <bb_table_field table_name="bb_fields" field_name="field_name_physical" sort_num="10" primary_key="0" incremented_key="0" hilo_block_size="" seq_name="" required="0" defaultlist="0" phi="0" fkey_table="" fkey_field=""/>
    <bb_table_field table_name="bb_fields" field_name="createDateTime" sort_num="11" primary_key="0" incremented_key="0" hilo_block_size="" seq_name="" required="0" defaultlist="0" phi="0" fkey_table="" fkey_field=""/>
    <bb_table_field table_name="bb_fields" field_name="createUserID" sort_num="12" primary_key="0" incremented_key="0" hilo_block_size="" seq_name="" required="0" defaultlist="0" phi="0" fkey_table="" fkey_field=""/>
    <bb_table_field table_name="bb_fields" field_name="changeDateTime" sort_num="13" primary_key="0" incremented_key="0" hilo_block_size="" seq_name="" required="0" defaultlist="0" phi="0" fkey_table="" fkey_field=""/>
    <bb_table_field table_name="bb_fields" field_name="changeUserID" sort_num="14" primary_key="0" incremented_key="0" hilo_block_size="" seq_name="" required="0" defaultlist="0" phi="0" fkey_table="" fkey_field=""/>
    <bb_table_field table_name="bb_fields" field_name="updateVersion" sort_num="15" primary_key="0" incremented_key="0" hilo_block_size="" seq_name="" required="0" defaultlist="0" phi="0" fkey_table="" fkey_field=""/>
    <bb_table_field table_name="bb_tables" field_name="table_name" sort_num="1" primary_key="1" incremented_key="0" hilo_block_size="" seq_name="" required="1" defaultlist="0" phi="0" fkey_table="" fkey_field=""/>
    <bb_table_field table_name="bb_tables" field_name="descriptiontext" sort_num="2" primary_key="0" incremented_key="0" hilo_block_size="" seq_name="" required="0" defaultlist="0" phi="0" fkey_table="" fkey_field=""/>
    <bb_table_field table_name="bb_tables" field_name="voclass" sort_num="3" primary_key="0" incremented_key="0" hilo_block_size="" seq_name="" required="0" defaultlist="0" phi="0" fkey_table="" fkey_field=""/>
    <bb_table_field table_name="bb_tables" field_name="daoclass" sort_num="4" primary_key="0" incremented_key="0" hilo_block_size="" seq_name="" required="0" defaultlist="0" phi="0" fkey_table="" fkey_field=""/>
    <bb_table_field table_name="bb_tables" field_name="daoclassimpl" sort_num="5" primary_key="0" incremented_key="0" hilo_block_size="" seq_name="" required="0" defaultlist="0" phi="0" fkey_table="" fkey_field=""/>
    <bb_table_field table_name="bb_tables" field_name="auditnotestable" sort_num="6" primary_key="0" incremented_key="0" hilo_block_size="" seq_name="" required="0" defaultlist="0" phi="0" fkey_table="" fkey_field=""/>
    <bb_table_field table_name="bb_tables" field_name="view_indicator" sort_num="7" primary_key="0" incremented_key="0" hilo_block_size="" seq_name="" required="0" defaultlist="0" phi="0" fkey_table="" fkey_field=""/>
    <bb_table_field table_name="bb_tables" field_name="distinct_indicator" sort_num="8" primary_key="0" incremented_key="0" hilo_block_size="" seq_name="" required="0" defaultlist="0" phi="0" fkey_table="" fkey_field=""/>
    <bb_table_field table_name="bb_tables" field_name="virtual_indicator" sort_num="9" primary_key="0" incremented_key="0" hilo_block_size="" seq_name="" required="0" defaultlist="0" phi="0" fkey_table="" fkey_field=""/>
    <bb_table_field table_name="bb_tables" field_name="under_construction" sort_num="10" primary_key="0" incremented_key="0" hilo_block_size="" seq_name="" required="0" defaultlist="0" phi="0" fkey_table="" fkey_field=""/>
    <bb_table_field table_name="bb_tables" field_name="secured" sort_num="11" primary_key="0" incremented_key="0" hilo_block_size="" seq_name="" required="0" defaultlist="0" phi="0" fkey_table="" fkey_field=""/>
    <bb_table_field table_name="bb_tables" field_name="createDateTime" sort_num="12" primary_key="0" incremented_key="0" hilo_block_size="" seq_name="" required="0" defaultlist="0" phi="0" fkey_table="" fkey_field=""/>
    <bb_table_field table_name="bb_tables" field_name="createUserID" sort_num="13" primary_key="0" incremented_key="0" hilo_block_size="" seq_name="" required="0" defaultlist="0" phi="0" fkey_table="" fkey_field=""/>
    <bb_table_field table_name="bb_tables" field_name="changeDateTime" sort_num="14" primary_key="0" incremented_key="0" hilo_block_size="" seq_name="" required="0" defaultlist="0" phi="0" fkey_table="" fkey_field=""/>
    <bb_table_field table_name="bb_tables" field_name="changeUserID" sort_num="15" primary_key="0" incremented_key="0" hilo_block_size="" seq_name="" required="0" defaultlist="0" phi="0" fkey_table="" fkey_field=""/>
    <bb_table_field table_name="bb_tables" field_name="updateVersion" sort_num="16" primary_key="0" incremented_key="0" hilo_block_size="" seq_name="" required="0" defaultlist="0" phi="0" fkey_table="" fkey_field=""/>
    <bb_table_field table_name="bb_tables" field_name="logHistory" sort_num="17" primary_key="0" incremented_key="0" hilo_block_size="" seq_name="" required="0" defaultlist="0" phi="0" fkey_table="" fkey_field=""/>
    <bb_table_field table_name="bb_tables" field_name="num_pk_index_partitions" sort_num="18" primary_key="0" incremented_key="0" hilo_block_size="" seq_name="" required="0" defaultlist="0" phi="0" fkey_table="" fkey_field=""/>
    <bb_table_field table_name="bb_tables" field_name="pk_partitioned_index_name" sort_num="19" primary_key="0" incremented_key="0" hilo_block_size="" seq_name="" required="0" defaultlist="0" phi="0" fkey_table="" fkey_field=""/>
    <bb_table_field table_name="bb_tables" field_name="db_category" sort_num="20" primary_key="0" incremented_key="0" hilo_block_size="" seq_name="" required="0" defaultlist="0" phi="0" fkey_table="" fkey_field=""/>
    <bb_table_field table_name="bb_tables" field_name="translatable" sort_num="21" primary_key="0" incremented_key="0" hilo_block_size="" seq_name="" required="0" defaultlist="0" phi="0" fkey_table="" fkey_field=""/>
    <bb_table_field table_name="bb_table_fields" field_name="table_name" sort_num="1" primary_key="1" incremented_key="0" hilo_block_size="" seq_name="" required="1" defaultlist="0" phi="0" fkey_table="" fkey_field=""/>
    <bb_table_field table_name="bb_table_fields" field_name="field_name" sort_num="2" primary_key="1" incremented_key="0" hilo_block_size="" seq_name="" required="1" defaultlist="0" phi="0" fkey_table="" fkey_field=""/>
    <bb_table_field table_name="bb_table_fields" field_name="sort_num" sort_num="3" primary_key="0" incremented_key="0" hilo_block_size="" seq_name="" required="0" defaultlist="0" phi="0" fkey_table="" fkey_field=""/>
    <bb_table_field table_name="bb_table_fields" field_name="primary_key" sort_num="4" primary_key="0" incremented_key="0" hilo_block_size="" seq_name="" required="0" defaultlist="0" phi="0" fkey_table="" fkey_field=""/>
    <bb_table_field table_name="bb_table_fields" field_name="incremented_key" sort_num="5" primary_key="0" incremented_key="0" hilo_block_size="" seq_name="" required="0" defaultlist="0" phi="0" fkey_table="" fkey_field=""/>
    <bb_table_field table_name="bb_table_fields" field_name="seq_name" sort_num="6" primary_key="0" incremented_key="0" hilo_block_size="" seq_name="" required="0" defaultlist="0" phi="0" fkey_table="" fkey_field=""/>
    <bb_table_field table_name="bb_table_fields" field_name="required" sort_num="7" primary_key="0" incremented_key="0" hilo_block_size="" seq_name="" required="0" defaultlist="0" phi="0" fkey_table="" fkey_field=""/>
    <bb_table_field table_name="bb_table_fields" field_name="defaultlist" sort_num="8" primary_key="0" incremented_key="0" hilo_block_size="" seq_name="" required="0" defaultlist="0" phi="0" fkey_table="" fkey_field=""/>
    <bb_table_field table_name="bb_table_fields" field_name="phi" sort_num="9" primary_key="0" incremented_key="0" hilo_block_size="" seq_name="" required="0" defaultlist="0" phi="0" fkey_table="" fkey_field=""/>
    <bb_table_field table_name="bb_table_fields" field_name="fkey_table" sort_num="10" primary_key="0" incremented_key="0" hilo_block_size="" seq_name="" required="0" defaultlist="0" phi="0" fkey_table="" fkey_field=""/>
    <bb_table_field table_name="bb_table_fields" field_name="fkey_field" sort_num="11" primary_key="0" incremented_key="0" hilo_block_size="" seq_name="" required="0" defaultlist="0" phi="0" fkey_table="" fkey_field=""/>
    <bb_table_field table_name="bb_table_fields" field_name="hilo_block_size" sort_num="12" primary_key="0" incremented_key="0" hilo_block_size="" seq_name="" required="0" defaultlist="0" phi="0" fkey_table="" fkey_field=""/>
    <bb_table_field table_name="bb_table_fields" field_name="createDateTime" sort_num="13" primary_key="0" incremented_key="0" hilo_block_size="" seq_name="" required="0" defaultlist="0" phi="0" fkey_table="" fkey_field=""/>
    <bb_table_field table_name="bb_table_fields" field_name="createUserID" sort_num="14" primary_key="0" incremented_key="0" hilo_block_size="" seq_name="" required="0" defaultlist="0" phi="0" fkey_table="" fkey_field=""/>
    <bb_table_field table_name="bb_table_fields" field_name="changeDateTime" sort_num="15" primary_key="0" incremented_key="0" hilo_block_size="" seq_name="" required="0" defaultlist="0" phi="0" fkey_table="" fkey_field=""/>
    <bb_table_field table_name="bb_table_fields" field_name="changeUserID" sort_num="16" primary_key="0" incremented_key="0" hilo_block_size="" seq_name="" required="0" defaultlist="0" phi="0" fkey_table="" fkey_field=""/>
    <bb_table_field table_name="bb_table_fields" field_name="updateVersion" sort_num="17" primary_key="0" incremented_key="0" hilo_block_size="" seq_name="" required="0" defaultlist="0" phi="0" fkey_table="" fkey_field=""/>
    <bb_table_field table_name="bb_table_fields_x_fields" field_name="table_name" sort_num="1" primary_key="1" incremented_key="0" hilo_block_size="" seq_name="" required="0" defaultlist="0" phi="0" fkey_table="" fkey_field=""/>
    <bb_table_field table_name="bb_table_fields_x_fields" field_name="field_name" sort_num="2" primary_key="1" incremented_key="0" hilo_block_size="" seq_name="" required="0" defaultlist="0" phi="0" fkey_table="" fkey_field=""/>
    <bb_table_field table_name="bb_table_fields_x_fields" field_name="field_name_physical" sort_num="3" primary_key="0" incremented_key="0" hilo_block_size="" seq_name="" required="0" defaultlist="0" phi="0" fkey_table="" fkey_field=""/>
    <bb_table_field table_name="bb_table_fields_x_fields" field_name="sort_num" sort_num="4" primary_key="0" incremented_key="0" hilo_block_size="" seq_name="" required="0" defaultlist="0" phi="0" fkey_table="" fkey_field=""/>
    <bb_table_field table_name="bb_table_fields_x_fields" field_name="data_type" sort_num="5" primary_key="0" incremented_key="0" hilo_block_size="" seq_name="" required="0" defaultlist="0" phi="0" fkey_table="" fkey_field=""/>
    <bb_table_field table_name="bb_table_fields_x_fields" field_name="field_length" sort_num="6" primary_key="0" incremented_key="0" hilo_block_size="" seq_name="" required="0" defaultlist="0" phi="0" fkey_table="" fkey_field=""/>
    <bb_table_field table_name="bb_table_fields_x_fields" field_name="field_precision" sort_num="7" primary_key="0" incremented_key="0" hilo_block_size="" seq_name="" required="0" defaultlist="0" phi="0" fkey_table="" fkey_field=""/>
    <bb_table_field table_name="bb_table_fields_x_fields" field_name="field_descriptiontext" sort_num="8" primary_key="0" incremented_key="0" hilo_block_size="" seq_name="" required="0" defaultlist="0" phi="0" fkey_table="" fkey_field=""/>
    <bb_table_field table_name="bb_table_fields_x_fields" field_name="uppercaseonly" sort_num="9" primary_key="0" incremented_key="0" hilo_block_size="" seq_name="" required="0" defaultlist="0" phi="0" fkey_table="" fkey_field=""/>
    <bb_table_field table_name="bb_table_fields_x_fields" field_name="primary_key" sort_num="10" primary_key="0" incremented_key="0" hilo_block_size="" seq_name="" required="0" defaultlist="0" phi="0" fkey_table="" fkey_field=""/>
    <bb_table_field table_name="bb_table_fields_x_fields" field_name="field_xref" sort_num="11" primary_key="0" incremented_key="0" hilo_block_size="" seq_name="" required="0" defaultlist="0" phi="0" fkey_table="" fkey_field=""/>
    <bb_table_field table_name="bb_table_fields_x_fields" field_name="table_descriptiontext" sort_num="12" primary_key="0" incremented_key="0" hilo_block_size="" seq_name="" required="0" defaultlist="0" phi="0" fkey_table="" fkey_field=""/>
    <bb_table_field table_name="bb_table_fields_x_fields" field_name="table_or_view" sort_num="13" primary_key="0" incremented_key="0" hilo_block_size="" seq_name="" required="0" defaultlist="0" phi="0" fkey_table="" fkey_field=""/>
</bb_table_fieldsList>