{
  "payerName": "ORx Gene Therapy",
  "payerAbbreviation": "ORx Gene Therapy",
  "logoURL": "images/optum_logo_v2.svg",
  "logoAltText": "Optum Medical Benefits Management",
  "internalOpsLogoAltText": "Optum Medical Benefits Management",
  "operationsPhone": "1-855-875-6594",
  "servicingProviderHelpPhone": "1-855-875-6594",
  "contactUsText": "<p>We welcome your feedback about our website. If you have any technical problems, please access our <a href=\"\">User Guide</a>. For clinical operations support, please use the contact information below:</p><br/></div><div class=\"contact\"><h3><strong>Specialty Guidance Program</strong></h3><p><strong>Hours: </strong>Monday - Friday, 7:00am - 7:00pm CT</p><p><strong>Phone: </strong>1-855-875-6594</p><p><strong>Email:</strong><a href=\"mailto:specialtyguidanceprogram@optum.com\">specialtyguidanceprogram@optum.com</a></p></div>",
  "historyTab": "History",
  "memberSearchText": "We currently only require authorizations for specific Commercial members. For any other questions about member eligibility and authorization requirements, please contact the number on the back of the member's insurance card",
  "memberSearchNoRecordFound": ["No members found."],
  "networkManagementRepQuery": "<p style=\"margin: 5px\">If you have questions, please contact your Network Management representative.</p>",
  "providerSearchHelperText": "<span class='cux-icon-info_filled' style='margin-right: 4px; font-size: 16px;'></span><span><strong>It may be necessary to click \"Next\" in the table navigation tool to view additional results even if there is a small number of results displayed.</strong></span>",
  "coverPagePhoneNumber": "888-464-6579"
}
