{
    "payerName": "Peoples Health Network",
    "payerAbbreviation": "PHN",
    "logoURL": "images/optum_logo_v2.svg",
    "logoAltText": "Optum Medical Benefits Management",
    "operationsPhone": "1-888-832-0972",
    "servicingProviderHelpPhone": "1-888-832-0972",
    "commercialInsuranceMembersPhone": "1-800-222-8600",
    "clinicalTrialMessage": "A Chemotherapy Clinical Trial authorization cannot be submitted through this application for this member. Please contact Peoples Health at 1-800-222-8600 for additional questions.",
    "dashboardMessage": "This tool is only for outpatient injectable chemotherapy, therapeutic radiopharmaceuticals, and specific supportive care drugs. This tool is not used for cancer drugs that are requested and/or administered as part of Home Health or Inpatient care. Oral Chemo agents covered under Medicare Part D need to be approved through the member’s pharmacy benefit manager (PBM). Please contact the number on the member's insurance card for more information.",
    "contactUsText": "<p>We welcome your feedback about our website. If you have any technical problems or comments, please access our <a href=\"\">User Guide,</a> or find our contact information below:</p><br/></div><div class=\"contact\"><h3><strong>Cancer Guidance Program</strong></h3><p><strong>Hours: </strong>Monday - Friday, 7:00am - 7:00pm CT</p><p><strong>Phone: </strong>888-832-0972</p><p><strong>Email:</strong><a href=\"mailto:cancerauthorizationprogram@optum.com\">cancerauthorizationprogram@optum.com</a></p></div>",
    "userGuideLink": "/userGuide/CGP_User_Guide_PHN.pdf",
    "memberSearchText": "We currently only require authorization for specific Peoples Health members. For any other question about member eligibility and authorization requirements, please contact the number on the back of the member's insurance card.",
    "cancerTherapyFaqLink": "http://www.peopleshealth.com/providerportal",
    "pathwaysProgramRaw": "<div style=\"width: 100%;\"><p>Cancer treatment pathway regimens are identified on the basis of clinical benefit (efficacy) and side-effect profile (toxicity). Among regimens with comparable efficacy and toxicity, additional consideration is given to the frequency of hospitalizations during treatment, duration of therapy, drug costs, and total cost of care.</p><br><p>Pathways will be available for most common cancer types and will include options for defined biomarker subsets and lines of therapy. However, given the complexity of cancer, pathways are not expected for every medical condition.</p><br><p>Pathways are not a substitute for the experience and judgment of a physician or other health care professional. Clinicians must use independent medical judgment in the context of individual clinical circumstances to determine any patient's care or treatment. Care decisions are between the physician and the patient. We do not make decisions about the kind of care that should or should not be received.</p><br><p>The selection of a pathway regimen is not required to receive a prior authorization for therapy. Peoples Health criteria for cancer therapy coverage determinations will not change as a result of this program.</p><br><p>Learn more about cancer treatment pathways at <a href=\"https://www.peopleshealth.com/providerportal\" target=\"_blank\" style =\"text-decoration : none\">Cancer Therapy Pathways Program</a>&nbsp page.</p></div>",
    "priorAuthorizationProgramPage": "http://www.peopleshealth.com/providerportal",
    "regimen": {
        "offPathwayRegimenWarningPopupText": "<p>The regimen you have selected is not part of the Cancer Therapy Pathway Program. Would you like to continue using this option?</p><br/><p>If you are asked for a Regimen Justification, enter \"NCCN recommended\" in the box provided prior to clicking submit.</p>"
    },
    "memberSearchNoRecordFound": ["No members found."],
    "nationalAvgWidgetSubHeader": "Compare against all PHN providers in MBMNow",
    "nationalAvgWidgetHeader": "All PHN Providers",
    "providerSearchHelperText": "It may be necessary to click \"Next\" in the table navigation tool to view additional results even if there is a small number of results displayed."
}
