<?xml version="1.0" encoding="UTF-8"?>
<bb_fieldsList>
    <bb_field field_name="changeDateTime" data_type="TIMESTAMP" field_length="14" field_precision="0" descriptiontext="Date and time that the record was last updated." doubleclick_uri="" doubleclick="" uppercaseonly="1" field_xref="" field_name_physical="chg_dttm"/>
    <bb_field field_name="changeUserID" data_type="VARCHAR" field_length="64" field_precision="0" descriptiontext="User id that last updated the record." doubleclick_uri="" doubleclick="" uppercaseonly="1" field_xref="" field_name_physical="chg_user_id"/>
    <bb_field field_name="clinicalApplication" data_type="VARCHAR" field_length="3" field_precision="0" descriptiontext="Unique identifier of clinical application that the submission is routed to, either HSR or CareOne for Q4 2010." doubleclick_uri="" doubleclick="" uppercaseonly="0" field_xref="" field_name_physical="clin_appl_typ_id"/>
    <bb_field field_name="createDateTime" data_type="TIMESTAMP" field_length="14" field_precision="0" descriptiontext="Date and time that the record was created." doubleclick_uri="" doubleclick="" uppercaseonly="0" field_xref="" field_name_physical="creat_dttm"/>
    <bb_field field_name="createUserID" data_type="VARCHAR" field_length="64" field_precision="0" descriptiontext="User id that created the record." doubleclick_uri="" doubleclick="" uppercaseonly="1" field_xref="" field_name_physical="creat_user_id"/>
    <bb_field field_name="decNumber" data_type="VARCHAR" field_length="10" field_precision="0" descriptiontext="Provider Dec Number" doubleclick_uri="" doubleclick="" uppercaseonly="0" field_xref="" field_name_physical="decNumber"/>
    <bb_field field_name="ediID" data_type="BIGINT" field_length="15" field_precision="0" descriptiontext="Unique identifier of an EDI submission" doubleclick_uri="" doubleclick="" uppercaseonly="0" field_xref="" field_name_physical="edi_id"/>
    <bb_field field_name="ediManualReason" data_type="VARCHAR" field_length="5" field_precision="0" descriptiontext="Unique identifier of the reason that the EDI submission requires manual resolution. Example values are:HSR found multiple lines of eligibility C1 found multiple lines of eligiblity HSR hard system error C1 hard system error UM Case submitted to HSR  COSMOS Case submitted to HSR" doubleclick_uri="" doubleclick="" uppercaseonly="0" field_xref="" field_name_physical="edi_mnl_rsn_typ_id"/>
    <bb_field field_name="ediManualStatus" data_type="VARCHAR" field_length="2" field_precision="0" descriptiontext="EUnique identifier of EDI manual work status, e.g., complete, open" doubleclick_uri="" doubleclick="" uppercaseonly="0" field_xref="" field_name_physical="edi_mnl_sts_typ_id"/>
    <bb_field field_name="ediManualStatusReason" data_type="VARCHAR" field_length="2" field_precision="0" descriptiontext="Unique identifier of the reason/how of manual resolution. E.g., manually submitted to CCS, identified the applicable eligibility among many." doubleclick_uri="" doubleclick="" uppercaseonly="0" field_xref="" field_name_physical="edi_mnl_sts_rsn_typ_id"/>
    <bb_field field_name="searchParmSeqNum" data_type="INTEGER" field_length="2" field_precision="0" descriptiontext="search sequence number" doubleclick_uri="" doubleclick="" uppercaseonly="0" field_xref="" field_name_physical="srch_parm_seq_nbr"/>
    <bb_field field_name="ediSourceType" data_type="VARCHAR" field_length="3" field_precision="0" descriptiontext="Edi Source Code" doubleclick_uri="" doubleclick="" uppercaseonly="0" field_xref="" field_name_physical="edi_src_typ_id"/>
    <bb_field field_name="ediStatusType" data_type="VARCHAR" field_length="2" field_precision="0" descriptiontext="Unique identifier of status of edi transaction. Examples would be received, inprocess, sent, complete" doubleclick_uri="" doubleclick="" uppercaseonly="0" field_xref="" field_name_physical="edi_sts_typ_id"/>
    <bb_field field_name="ediTransactionID" data_type="VARCHAR" field_length="16" field_precision="0" descriptiontext="Transaction ID sent by B2B" doubleclick_uri="" doubleclick="" uppercaseonly="0" field_xref="" field_name_physical=""/>
    <bb_field field_name="ediType" data_type="VARCHAR" field_length="2" field_precision="0" descriptiontext="Unique identifier of a EDI submission type. Example is 278A, 278N, CareCore, etc..." doubleclick_uri="" doubleclick="" uppercaseonly="0" field_xref="" field_name_physical="edi_typ_id"/>
    <bb_field field_name="endDate" data_type="DATE" field_length="10" field_precision="0" descriptiontext="Submitter end date" doubleclick_uri="" doubleclick="" uppercaseonly="0" field_xref="" field_name_physical="end_dt"/>
    <bb_field field_name="errorReasonType" data_type="VARCHAR" field_length="3" field_precision="0" descriptiontext="Unique identifier of a EDI process error reason type." doubleclick_uri="" doubleclick="" uppercaseonly="0" field_xref="" field_name_physical="err_rsn_typ_id"/>
    <bb_field field_name="errorText" data_type="VARCHAR" field_length="4000" field_precision="0" descriptiontext="Error Text" doubleclick_uri="" doubleclick="" uppercaseonly="0" field_xref="" field_name_physical="err_txt"/>
    <bb_field field_name="expectedAdmissionDate" data_type="DATE" field_length="10" field_precision="0" descriptiontext="Expected Admission Date" doubleclick_uri="" doubleclick="" uppercaseonly="0" field_xref="" field_name_physical="expt_admis_dt"/>
    <bb_field field_name="externalMessageDateTime" data_type="TIMESTAMP" field_length="14" field_precision="0" descriptiontext="Application external timestamp of the message. Used for batch transmission time." doubleclick_uri="" doubleclick="" uppercaseonly="0" field_xref="" field_name_physical="extr_msg_dttm"/>
    <bb_field field_name="fromDate" data_type="DATE" field_length="10" field_precision="0" descriptiontext="From date" doubleclick_uri="" doubleclick="" uppercaseonly="0" field_xref="" field_name_physical=""/>
    <bb_field field_name="fromTime" data_type="VARCHAR" field_length="5" field_precision="0" descriptiontext="From Time" doubleclick_uri="" doubleclick="" uppercaseonly="0" field_xref="" field_name_physical="from_tm"/>
    <bb_field field_name="hscCoverageType" data_type="VARCHAR" field_length="1" field_precision="0" descriptiontext="HSC Coverage Type" doubleclick_uri="" doubleclick="" uppercaseonly="0" field_xref="" field_name_physical="srvc_dtl_catgy_typ_id"/>
    <bb_field field_name="id" data_type="SMALLINT" field_length="4" field_precision="0" descriptiontext="ID" doubleclick_uri="" doubleclick="" uppercaseonly="0" field_xref="" field_name_physical="id"/>
    <bb_field field_name="jmsMessageID" data_type="VARCHAR" field_length="100" field_precision="0" descriptiontext="incoming JMS message id for the EDI submission" doubleclick_uri="" doubleclick="" uppercaseonly="0" field_xref="" field_name_physical="jms_msg_id"/>
    <bb_field field_name="messagePayload" data_type="CLOB" field_length="10000" field_precision="0" descriptiontext="Message Payload.  Contains the full message being sent or received" doubleclick_uri="" doubleclick="" uppercaseonly="0" field_xref="" field_name_physical="msg_payload"/>
    <bb_field field_name="messageTypeId" data_type="VARCHAR" field_length="2" field_precision="0" descriptiontext="Unique identifier of a message type. Example values are:B2BToHSR278A In,  HSRToCareOne Out, for EDI transactions" doubleclick_uri="" doubleclick="" uppercaseonly="0" field_xref="" field_name_physical="msg_typ_id"/>
    <bb_field field_name="pcpReferralIDText" data_type="VARCHAR" field_length="20" field_precision="0" descriptiontext="PCP Referral ID as text, to be used in Views" doubleclick_uri="" doubleclick="" uppercaseonly="0" field_xref="" field_name_physical=""/>
    <bb_field field_name="pcpReferralExternalIDText" data_type="VARCHAR" field_length="20" field_precision="0" descriptiontext="PCP Referral External ID as text, to be used in Views" doubleclick_uri="" doubleclick="" uppercaseonly="0" field_xref="" field_name_physical=""/>
    <bb_field field_name="policyIssueState" data_type="VARCHAR" field_length="2" field_precision="0" descriptiontext="State where the policy covering the Member's benefit plan was issue in." doubleclick_uri="" doubleclick="" uppercaseonly="0" field_xref="state" field_name_physical="pol_iss_st_cd"/>
    <bb_field field_name="providerName" data_type="VARCHAR" field_length="80" field_precision="0" descriptiontext="Submitter providerName" doubleclick_uri="" doubleclick="" uppercaseonly="0" field_xref="" field_name_physical="prov_bus_nm"/>
    <bb_field field_name="receivedDate" data_type="DATE" field_length="10" field_precision="0" descriptiontext="EDI submission received date" doubleclick_uri="" doubleclick="" uppercaseonly="0" field_xref="" field_name_physical="recv_dt"/>
    <bb_field field_name="referralNum" data_type="VARCHAR" field_length="25" field_precision="0" descriptiontext="This is med_rec_nbr in HSC_FLWUP_CNTC table" doubleclick_uri="" doubleclick="" uppercaseonly="0" field_xref="" field_name_physical="refferral_num"/>
    <bb_field field_name="replyToQueueName" data_type="VARCHAR" field_length="100" field_precision="0" descriptiontext="Reply to queue name for JMS message" doubleclick_uri="" doubleclick="" uppercaseonly="0" field_xref="" field_name_physical="rply_to_jms_que_nm"/>
    <bb_field field_name="requestingProvider" data_type="VARCHAR" field_length="100" field_precision="0" descriptiontext="Requesting provider name" doubleclick_uri="" doubleclick="" uppercaseonly="0" field_xref="" field_name_physical="requestingProviderName"/>
    <bb_field field_name="searchElementValue" data_type="VARCHAR" field_length="100" field_precision="0" descriptiontext="value of the searchable element of the message" doubleclick_uri="" doubleclick="" uppercaseonly="0" field_xref="" field_name_physical="srch_elem_val"/>
    <bb_field field_name="searchElementID_1" data_type="VARCHAR" field_length="100" field_precision="0" descriptiontext="value of the edi search element type" doubleclick_uri="" doubleclick="" uppercaseonly="0" field_xref="" field_name_physical="searchElementID_1"/>
    <bb_field field_name="searchElementValue_1" data_type="VARCHAR" field_length="100" field_precision="0" descriptiontext="value of the searchable element value" doubleclick_uri="" doubleclick="" uppercaseonly="0" field_xref="" field_name_physical="searchElementValue_1"/>
    <bb_field field_name="searchElementID_2" data_type="VARCHAR" field_length="100" field_precision="0" descriptiontext="value of the edi search element type" doubleclick_uri="" doubleclick="" uppercaseonly="0" field_xref="" field_name_physical="searchElementID_2"/>
    <bb_field field_name="searchElementValue_2" data_type="VARCHAR" field_length="100" field_precision="0" descriptiontext="value of the searchable element value" doubleclick_uri="" doubleclick="" uppercaseonly="0" field_xref="" field_name_physical="searchElementValue_2"/>
    <bb_field field_name="searchElementID_3" data_type="VARCHAR" field_length="100" field_precision="0" descriptiontext="value of the edi search element type" doubleclick_uri="" doubleclick="" uppercaseonly="0" field_xref="" field_name_physical="searchElementID_3"/>
    <bb_field field_name="searchElementValue_3" data_type="VARCHAR" field_length="100" field_precision="0" descriptiontext="value of the searchable element value" doubleclick_uri="" doubleclick="" uppercaseonly="0" field_xref="" field_name_physical="searchElementValue_3"/>
    <bb_field field_name="searchElementID_4" data_type="VARCHAR" field_length="100" field_precision="0" descriptiontext="value of the edi search element type" doubleclick_uri="" doubleclick="" uppercaseonly="0" field_xref="" field_name_physical="searchElementID_4"/>
    <bb_field field_name="searchElementValue_4" data_type="VARCHAR" field_length="100" field_precision="0" descriptiontext="value of the searchable element value" doubleclick_uri="" doubleclick="" uppercaseonly="0" field_xref="" field_name_physical="searchElementValue_4"/>
    <bb_field field_name="searchElementID_5" data_type="VARCHAR" field_length="100" field_precision="0" descriptiontext="value of the edi search element type" doubleclick_uri="" doubleclick="" uppercaseonly="0" field_xref="" field_name_physical="searchElementID_5"/>
    <bb_field field_name="searchElementValue_5" data_type="VARCHAR" field_length="100" field_precision="0" descriptiontext="value of the searchable element value" doubleclick_uri="" doubleclick="" uppercaseonly="0" field_xref="" field_name_physical="searchElementValue_5"/>
    <bb_field field_name="searchElementID_6" data_type="VARCHAR" field_length="100" field_precision="0" descriptiontext="value of the edi search element type" doubleclick_uri="" doubleclick="" uppercaseonly="0" field_xref="" field_name_physical="searchElementID_6"/>
    <bb_field field_name="searchElementValue_6" data_type="VARCHAR" field_length="100" field_precision="0" descriptiontext="value of the searchable element value" doubleclick_uri="" doubleclick="" uppercaseonly="0" field_xref="" field_name_physical="searchElementValue_6"/>
    <bb_field field_name="serviceSettingType" data_type="VARCHAR" field_length="2" field_precision="0" descriptiontext="Unique identifier of the service setting type, e.g., inpatient, outpatient, outpatient facility, of the submission." doubleclick_uri="" doubleclick="" uppercaseonly="0" field_xref="" field_name_physical="srvc_setting_typ_id"/>
    <bb_field field_name="serviceStartDate" data_type="DATE" field_length="10" field_precision="0" descriptiontext="Service Start Date" doubleclick_uri="" doubleclick="" uppercaseonly="0" field_xref="" field_name_physical="srvc_strt_dt"/>
    <bb_field field_name="sourceApplicationType" data_type="VARCHAR" field_length="2" field_precision="0" descriptiontext="Source Application Type" doubleclick_uri="" doubleclick="" uppercaseonly="0" field_xref="" field_name_physical="src_appl_typ_id"/>
    <bb_field field_name="sourceCode" data_type="VARCHAR" field_length="2" field_precision="0" descriptiontext="Edi Member Source Code" doubleclick_uri="" doubleclick="" uppercaseonly="0" field_xref="" field_name_physical=""/>
    <bb_field field_name="sourceMemberID" data_type="VARCHAR" field_length="60" field_precision="0" descriptiontext="CDB member id" doubleclick_uri="" doubleclick="" uppercaseonly="0" field_xref="" field_name_physical="src_mbr_id"/>
    <bb_field field_name="startDate" data_type="DATE" field_length="10" field_precision="0" descriptiontext="Submitter StartDate" doubleclick_uri="" doubleclick="" uppercaseonly="0" field_xref="" field_name_physical="strt_dt"/>
    <bb_field field_name="submitterId" data_type="VARCHAR" field_length="50" field_precision="0" descriptiontext="Submitter ID for Provider" doubleclick_uri="" doubleclick="" uppercaseonly="0" field_xref="" field_name_physical="hsc_submt_id"/>
    <bb_field field_name="thruDate" data_type="DATE" field_length="10" field_precision="0" descriptiontext="Thru date" doubleclick_uri="" doubleclick="" uppercaseonly="0" field_xref="" field_name_physical=""/>
    <bb_field field_name="thruTime" data_type="VARCHAR" field_length="5" field_precision="0" descriptiontext="Thru Time" doubleclick_uri="" doubleclick="" uppercaseonly="0" field_xref="" field_name_physical=""/>
    <bb_field field_name="tin" data_type="VARCHAR" field_length="10" field_precision="0" descriptiontext="Provider Tin Number" doubleclick_uri="" doubleclick="" uppercaseonly="0" field_xref="" field_name_physical="prov_fed_tax_id"/>
    <bb_field field_name="uhcOnlineTxnType" data_type="VARCHAR" field_length="5" field_precision="0" descriptiontext="UHCOnline Txn Type" doubleclick_uri="" doubleclick="" uppercaseonly="0" field_xref="" field_name_physical=""/>
    <bb_field field_name="updateVersion" data_type="INTEGER" field_length="10" field_precision="0" descriptiontext="Most recent version of updated data. This field will be used to sync between legacy applications and new iCUE data base." doubleclick_uri="" doubleclick="" uppercaseonly="0" field_xref="" field_name_physical="updt_ver_nbr"/>
    <bb_field field_name="versionID" data_type="SMALLINT" field_length="4" field_precision="0" descriptiontext="Version ID" doubleclick_uri="" doubleclick="" uppercaseonly="0" field_xref="" field_name_physical="vrsn_id"/>
    <bb_field field_name="warningReasonType" data_type="VARCHAR" field_length="3" field_precision="0" descriptiontext="Unique identifier of a EDI process warning reason type." doubleclick_uri="" doubleclick="" uppercaseonly="0" field_xref="" field_name_physical="wrn_rsn_typ_id"/>
</bb_fieldsList>