<?xml version="1.0" encoding="UTF-8"?>
<bb_table_fieldsList>
    <bb_table_field table_name="edi" field_name="ediID" sort_num="1" primary_key="1" incremented_key="1" hilo_block_size="500" seq_name="" required="1" defaultlist="1" phi="0" fkey_table="" fkey_field=""/>
    <bb_table_field table_name="edi" field_name="createDateTime" sort_num="2" primary_key="0" incremented_key="0" hilo_block_size="" seq_name="" required="0" defaultlist="1" phi="0" fkey_table="" fkey_field=""/>
    <bb_table_field table_name="edi" field_name="createUserID" sort_num="3" primary_key="0" incremented_key="0" hilo_block_size="" seq_name="" required="0" defaultlist="1" phi="0" fkey_table="" fkey_field=""/>
    <bb_table_field table_name="edi" field_name="changeDateTime" sort_num="4" primary_key="0" incremented_key="0" hilo_block_size="" seq_name="" required="0" defaultlist="1" phi="0" fkey_table="" fkey_field=""/>
    <bb_table_field table_name="edi" field_name="changeUserID" sort_num="5" primary_key="0" incremented_key="0" hilo_block_size="" seq_name="" required="0" defaultlist="1" phi="0" fkey_table="" fkey_field=""/>
    <bb_table_field table_name="edi" field_name="updateVersion" sort_num="6" primary_key="0" incremented_key="0" hilo_block_size="" seq_name="" required="0" defaultlist="1" phi="0" fkey_table="" fkey_field=""/>
    <bb_table_field table_name="edi" field_name="ediType" sort_num="7" primary_key="0" incremented_key="0" hilo_block_size="" seq_name="" required="1" defaultlist="1" phi="0" fkey_table="" fkey_field=""/>
    <bb_table_field table_name="edi" field_name="ediStatusType" sort_num="8" primary_key="0" incremented_key="0" hilo_block_size="" seq_name="" required="1" defaultlist="1" phi="0" fkey_table="" fkey_field=""/>
    <bb_table_field table_name="edi" field_name="errorReasonType" sort_num="9" primary_key="0" incremented_key="0" hilo_block_size="" seq_name="" required="0" defaultlist="1" phi="0" fkey_table="" fkey_field=""/>
    <bb_table_field table_name="edi" field_name="errorText" sort_num="10" primary_key="0" incremented_key="0" hilo_block_size="" seq_name="" required="0" defaultlist="1" phi="0" fkey_table="" fkey_field=""/>
    <bb_table_field table_name="edi" field_name="jmsMessageID" sort_num="11" primary_key="0" incremented_key="0" hilo_block_size="" seq_name="" required="0" defaultlist="1" phi="0" fkey_table="" fkey_field=""/>
    <bb_table_field table_name="edi" field_name="replyToQueueName" sort_num="12" primary_key="0" incremented_key="0" hilo_block_size="" seq_name="" required="0" defaultlist="1" phi="0" fkey_table="" fkey_field=""/>
    <bb_table_field table_name="edi" field_name="submitterId" sort_num="13" primary_key="0" incremented_key="0" hilo_block_size="" seq_name="" required="0" defaultlist="1" phi="0" fkey_table="" fkey_field=""/>
    <bb_table_field table_name="edi" field_name="warningReasonType" sort_num="14" primary_key="0" incremented_key="0" hilo_block_size="" seq_name="" required="0" defaultlist="1" phi="0" fkey_table="" fkey_field=""/>
    <bb_table_field table_name="edi_msg_log" field_name="ediID" sort_num="1" primary_key="1" incremented_key="0" hilo_block_size="" seq_name="" required="1" defaultlist="1" phi="0" fkey_table="edi" fkey_field="ediID"/>
    <bb_table_field table_name="edi_msg_log" field_name="messageTypeId" sort_num="2" primary_key="1" incremented_key="0" hilo_block_size="" seq_name="" required="1" defaultlist="1" phi="0" fkey_table="" fkey_field=""/>
    <bb_table_field table_name="edi_msg_log" field_name="createDateTime" sort_num="3" primary_key="0" incremented_key="0" hilo_block_size="" seq_name="" required="0" defaultlist="0" phi="0" fkey_table="" fkey_field=""/>
    <bb_table_field table_name="edi_msg_log" field_name="createUserID" sort_num="4" primary_key="0" incremented_key="0" hilo_block_size="" seq_name="" required="0" defaultlist="0" phi="0" fkey_table="" fkey_field=""/>
    <bb_table_field table_name="edi_msg_log" field_name="changeDateTime" sort_num="5" primary_key="0" incremented_key="0" hilo_block_size="" seq_name="" required="0" defaultlist="0" phi="0" fkey_table="" fkey_field=""/>
    <bb_table_field table_name="edi_msg_log" field_name="changeUserID" sort_num="6" primary_key="0" incremented_key="0" hilo_block_size="" seq_name="" required="0" defaultlist="0" phi="0" fkey_table="" fkey_field=""/>
    <bb_table_field table_name="edi_msg_log" field_name="updateVersion" sort_num="7" primary_key="0" incremented_key="0" hilo_block_size="" seq_name="" required="0" defaultlist="0" phi="0" fkey_table="" fkey_field=""/>
    <bb_table_field table_name="edi_msg_log" field_name="externalMessageDateTime" sort_num="8" primary_key="0" incremented_key="0" hilo_block_size="" seq_name="" required="0" defaultlist="1" phi="0" fkey_table="" fkey_field=""/>
    <bb_table_field table_name="edi_msg_log" field_name="messagePayload" sort_num="9" primary_key="0" incremented_key="0" hilo_block_size="" seq_name="" required="0" defaultlist="1" phi="0" fkey_table="" fkey_field=""/>
    <bb_table_field table_name="edi_srch_elem" field_name="ediID" sort_num="1" primary_key="1" incremented_key="0" hilo_block_size="" seq_name="" required="1" defaultlist="0" phi="0" fkey_table="edi" fkey_field="ediID"/>
    <bb_table_field table_name="edi_srch_elem" field_name="searchElementId" sort_num="2" primary_key="1" incremented_key="0" hilo_block_size="" seq_name="" required="1" defaultlist="0" phi="0" fkey_table="" fkey_field=""/>
    <bb_table_field table_name="edi_srch_elem" field_name="createDateTime" sort_num="3" primary_key="0" incremented_key="0" hilo_block_size="" seq_name="" required="0" defaultlist="0" phi="0" fkey_table="" fkey_field=""/>
    <bb_table_field table_name="edi_srch_elem" field_name="createUserID" sort_num="4" primary_key="0" incremented_key="0" hilo_block_size="" seq_name="" required="0" defaultlist="0" phi="0" fkey_table="" fkey_field=""/>
    <bb_table_field table_name="edi_srch_elem" field_name="changeDateTime" sort_num="5" primary_key="0" incremented_key="0" hilo_block_size="" seq_name="" required="0" defaultlist="0" phi="0" fkey_table="" fkey_field=""/>
    <bb_table_field table_name="edi_srch_elem" field_name="changeUserID" sort_num="6" primary_key="0" incremented_key="0" hilo_block_size="" seq_name="" required="0" defaultlist="0" phi="0" fkey_table="" fkey_field=""/>
    <bb_table_field table_name="edi_srch_elem" field_name="updateVersion" sort_num="7" primary_key="0" incremented_key="0" hilo_block_size="" seq_name="" required="0" defaultlist="0" phi="0" fkey_table="" fkey_field=""/>
    <bb_table_field table_name="edi_srch_elem" field_name="searchElementValue" sort_num="8" primary_key="0" incremented_key="0" hilo_block_size="" seq_name="" required="1" defaultlist="0" phi="0" fkey_table="" fkey_field=""/>
    <bb_table_field table_name="edi_srch_parm" field_name="ediType" sort_num="1" primary_key="1" incremented_key="0" hilo_block_size="" seq_name="" required="1" defaultlist="0" phi="0" fkey_table="" fkey_field=""/>
    <bb_table_field table_name="edi_srch_parm" field_name="createDateTime" sort_num="2" primary_key="0" incremented_key="0" hilo_block_size="" seq_name="" required="0" defaultlist="0" phi="0" fkey_table="" fkey_field=""/>
    <bb_table_field table_name="edi_srch_parm" field_name="createUserID" sort_num="3" primary_key="0" incremented_key="0" hilo_block_size="" seq_name="" required="0" defaultlist="0" phi="0" fkey_table="" fkey_field=""/>
    <bb_table_field table_name="edi_srch_parm" field_name="changeDateTime" sort_num="4" primary_key="0" incremented_key="0" hilo_block_size="" seq_name="" required="0" defaultlist="0" phi="0" fkey_table="" fkey_field=""/>
    <bb_table_field table_name="edi_srch_parm" field_name="changeUserID" sort_num="5" primary_key="0" incremented_key="0" hilo_block_size="" seq_name="" required="0" defaultlist="0" phi="0" fkey_table="" fkey_field=""/>
    <bb_table_field table_name="edi_srch_parm" field_name="updateVersion" sort_num="6" primary_key="0" incremented_key="0" hilo_block_size="" seq_name="" required="0" defaultlist="0" phi="0" fkey_table="" fkey_field=""/>
    <bb_table_field table_name="edi_srch_parm" field_name="searchElementId" sort_num="7" primary_key="0" incremented_key="0" hilo_block_size="" seq_name="" required="0" defaultlist="0" phi="0" fkey_table="" fkey_field=""/>
    <bb_table_field table_name="edi_srch_parm" field_name="searchParmSeqNum" sort_num="8" primary_key="1" incremented_key="1" hilo_block_size="" seq_name="" required="1" defaultlist="0" phi="0" fkey_table="" fkey_field=""/>
</bb_table_fieldsList>