{
    "outputMetadata": {
        "externalCorrelationId": "f68dee2d-e7ea-4af5-bac1-ce9c2a9cf09e",
        "internalCorrelationId": "395e5f86-fc27-4620-bb59-5c0296c3e5af",
        "invocationTimestamp": "2022-05-02T13:27:27.344Z",
        "responseCode": "200",
        "responseCodeDescription": "Success"
    },
    "invocationContext": {
        "regimenId": "23791",
        "instanceId": "A5-CTR"
    },
    "txnData": {
        "responseMessages": [
            "Member found, target trial claim successful from BPE, no alts found."
        ],
        "scenarioClaims": [
            {
                "osfRank": 1,
                "scenarioDrug": null,
                "scenarioPharmacy": null,
                "scenarioType": "M",
                "bpeTxnId": null,
                "responseHeaderSegment": {
                    "servicingPharmacyQualifier": null,
                    "serviceProviderId": null,
                    "placeOfServiceCode": 11,
                    "dateOfService": 20220502,
                    "serviceProviderTypes": null,
                    "servicingPharmacyIdQualifier": null,
                    "servicingPharmacyId": null
                },
                "responseMessageSegment": {
                    "message": "This medication is covered by the patient’s medical benefit plan.",
                    "osfResult": [
                        {
                            "osfResultTypeCd": "AA",
                            "osfMessage": "Manufacturer Assistance Message",
                            "osfMessageURL": null,
                            "osfResultTypeCode": "AA"
                        },
                        {
                            "osfResultTypeCd": "MSHI",
                            "osfMessage": "Network Management Message",
                            "osfMessageURL": null,
                            "osfResultTypeCode": "MSHI"
                        },
                        {
                            "osfResultTypeCd": "MR",
                            "osfMessage": "Manufacturer rebate applies.",
                            "osfMessageURL": null,
                            "osfResultTypeCode": "MR"
                        }
                    ]
                },
                "responseInsuranceSegment": {
                    "planId": null,
                    "lineOfBusinessCode": null
                },
                "responseStatusSegment": {
                    "internalControlNumber": "2f04d910-0dc5-4a87-a0f3-5d44be3b973b",
                    "rejectInformation": [],
                    "requiresPriorAuthorization": null,
                    "transactionResponseStatus": null
                },
                "responseClaimSegment": {
                    "productLabelName": "Nivestym",
                    "jCode": "Q5110",
                    "productOrServiceId": "00069029301",
                    "productOrServiceIdQualifier": "01",
                    "productSubstitutionCode": null,
                    "quantityDispensed": 12,
                    "daysSupply": null
                },
                "responsePricingSegment": {
                    "showPricing": true,
                    "patientPayAmount": null,
                    "planPayAmount": null,
                    "revisedAmount": 15772
                }
            },
            {
                "osfRank": 2,
                "scenarioDrug": null,
                "scenarioPharmacy": null,
                "scenarioType": "M",
                "bpeTxnId": null,
                "responseHeaderSegment": {
                    "servicingPharmacyQualifier": null,
                    "serviceProviderId": null,
                    "placeOfServiceCode": 12,
                    "dateOfService": 20220502,
                    "serviceProviderTypes": null,
                    "servicingPharmacyIdQualifier": null,
                    "servicingPharmacyId": null
                },
                "responseMessageSegment": {
                    "message": "This medication is covered by the patient’s medical benefit plan.",
                    "osfResult": [
                        {
                            "osfResultTypeCd": "AA",
                            "osfMessage": "Manufacturer Assistance Message",
                            "osfMessageURL": null,
                            "osfResultTypeCode": "AA"
                        },
                        {
                            "osfResultTypeCd": "MSMD",
                            "osfMessage": "Network Management Message",
                            "osfMessageURL": null,
                            "osfResultTypeCode": "MSMD"
                        },
                        {
                            "osfResultTypeCd": "MR",
                            "osfMessage": "Manufacturer rebate applies.",
                            "osfMessageURL": null,
                            "osfResultTypeCode": "MR"
                        }
                    ]
                },
                "responseInsuranceSegment": {
                    "planId": null,
                    "lineOfBusinessCode": null
                },
                "responseStatusSegment": {
                    "internalControlNumber": "73d27e9b-742b-40ff-a0e0-c1ffd65cb8ba",
                    "rejectInformation": [],
                    "requiresPriorAuthorization": null,
                    "transactionResponseStatus": null
                },
                "responseClaimSegment": {
                    "productLabelName": "Nivestym",
                    "jCode": "Q5110",
                    "productOrServiceId": "00069029301",
                    "productOrServiceIdQualifier": "01",
                    "productSubstitutionCode": null,
                    "quantityDispensed": 12,
                    "daysSupply": null
                },
                "responsePricingSegment": {
                    "showPricing": true,
                    "patientPayAmount": null,
                    "planPayAmount": null,
                    "revisedAmount": 15949.153999999999
                }
            },
            {
                "osfRank": 3,
                "scenarioDrug": 0,
                "scenarioPharmacy": 0,
                "scenarioType": "P",
                "bpeTxnId": "ISDM-1651499946-770",
                "responseHeaderSegment": {
                    "servicingPharmacyQualifier": "01",
                    "serviceProviderId": "1154306801",
                    "placeOfServiceCode": 11,
                    "dateOfService": 20220502,
                    "serviceProviderTypes": [
                        "SP"
                    ],
                    "servicingPharmacyIdQualifier": "01",
                    "servicingPharmacyId": "1154306801"
                },
                "responseMessageSegment": {
                    "message": null,
                    "osfResult": [
                        {
                            "osfResultTypeCd": "AA",
                            "osfResultTypeCode": "AA"
                        },
                        {
                            "osfResultTypeCd": "PR",
                            "osfMessage": "Manufacturer rebate applies.",
                            "osfMessageURL": null,
                            "osfResultTypeCode": "PR"
                        }
                    ]
                },
                "responseInsuranceSegment": {
                    "planId": "DISHRXM",
                    "lineOfBusinessCode": "ORXCOM"
                },
                "responseStatusSegment": {
                    "internalControlNumber": "221222514792119999A",
                    "rejectInformation": [
                        {
                            "rejectCd": "75",
                            "rejectDesc": "Prior Authorization Reqrd"
                        }
                    ],
                    "requiresPriorAuthorization": true,
                    "transactionResponseStatus": "R"
                },
                "responseClaimSegment": {
                    "productLabelName": "NIVESTYM SOLN 480.0 MCG/1.6ML",
                    "jCode": "Q5110",
                    "productOrServiceId": "00069029410",
                    "productOrServiceIdQualifier": "03",
                    "productSubstitutionCode": "1",
                    "quantityDispensed": 1.2,
                    "daysSupply": 28
                },
                "responsePricingSegment": {
                    "showPricing": true,
                    "patientPayAmount": 6000,
                    "planPayAmount": 20959.74,
                    "revisedAmount": 26899.74
                }
            },
            {
                "osfRank": 4,
                "scenarioDrug": 0,
                "scenarioPharmacy": 1,
                "scenarioType": "P",
                "bpeTxnId": "ISDM-1651499946-770",
                "responseHeaderSegment": {
                    "servicingPharmacyQualifier": "01",
                    "serviceProviderId": "1053488122",
                    "placeOfServiceCode": 11,
                    "dateOfService": 20220502,
                    "serviceProviderTypes": [
                        "SP"
                    ],
                    "servicingPharmacyIdQualifier": "01",
                    "servicingPharmacyId": "1053488122"
                },
                "responseMessageSegment": {
                    "message": null,
                    "osfResult": [
                        {
                            "osfResultTypeCd": "",
                            "osfMessage": "This medication will require a prior authorization.",
                            "osfMessageURL": null,
                            "osfResultTypeCode": ""
                        },
                        {
                            "osfResultTypeCd": "PR",
                            "osfMessage": "Manufacturer rebate applies.",
                            "osfMessageURL": null,
                            "osfResultTypeCode": "PR"
                        }
                    ]
                },
                "responseInsuranceSegment": {
                    "planId": "DISHRXM",
                    "lineOfBusinessCode": "ORXCOM"
                },
                "responseStatusSegment": {
                    "internalControlNumber": "221222514812130999B",
                    "rejectInformation": [
                        {
                            "rejectCd": "75",
                            "rejectDesc": "Prior Authorization Reqrd"
                        }
                    ],
                    "requiresPriorAuthorization": true,
                    "transactionResponseStatus": "R"
                },
                "responseClaimSegment": {
                    "productLabelName": "NIVESTYM SOLN 300.0 MCG/ML",
                    "jCode": "Q5110",
                    "productOrServiceId": "00069029301",
                    "productOrServiceIdQualifier": "03",
                    "productSubstitutionCode": "1",
                    "quantityDispensed": 1.2,
                    "daysSupply": 28
                },
                "responsePricingSegment": {
                    "showPricing": true,
                    "patientPayAmount": 6000,
                    "planPayAmount": 20959.74,
                    "revisedAmount": 26899.74
                }
            }
        ]
    }
}
