{
    "invocationContext": {
        "bpeTxnId": null,
        "invocationTimestamp": "2021-10-04T15:06:49.228Z",
        "instanceId": null,
        "externalCorrelationId": "SC000010009",
        "internalCorrelationId": "309319f1-2020-446c-a30f-0664d7106a25"
    },
    "serviceContext": {
        "bpeStatus": {
            "bpeCorrelationId": null,
            "respCode": null,
            "respMessage": [
                null
            ]
        }
    },
    "txnData": {
        "scenarioClaims": [
            {
                "osfRank": 1,
                "scenarioDrug": 0,
                "scenarioPharmacy": 0,
                "scenarioType": "M",
                "responseHeaderSegment": {
                    "serviceProviderIdQualifier": null,
                    "serviceProviderId": "1093248288",
                    "placeOfServiceCode": 12,
                    "dateOfService": 20211004,
                    "serviceProviderTypes": []
                },
                "responseMessageSegment": {
                    "isdmMessage": null,
                    "isdmResultType": "",
                    "message": null
                },
                "responseStatusSegment": {
                    "internalControlNumber": "309db375-02ca-424f-89d7-c6b0022a9eb6",
                    "rejectInformation": [],
                    "requiresPriorAuthorization": null,
                    "transactionResponseStatus": null
                },
                "responseInsuranceSegment": {
                    "planId": "008521",
                    "lineOfBusinessCode": null
                },
                "responseClaimSegment": {
                    "productLabelName": "Target Drug",
                    "productOrServiceId": "00078062651",
                    "productOrServiceIdQualifier": "01",
                    "productSubstitutionCode": null,
                    "quantityDispensed": 1,
                    "daysSupply": null
                },
                "responsePricingSegment": {
                    "showPricing": true,
                    "patientPayAmount": null,
                    "planPayAmount": 429.64
                }
            },
            {
                "osfRank": 2,
                "scenarioDrug": 0,
                "scenarioPharmacy": 0,
                "scenarioType": "P",
                "responseHeaderSegment": {
                    "serviceProviderIdQualifier": "01",
                    "serviceProviderId": "1093248288",
                    "placeOfServiceCode": 12,
                    "dateOfService": 20211004,
                    "serviceProviderTypes": []
                },
                "responseMessageSegment": {
                    "isdmMessage": null,
                    "isdmResultType": "",
                    "message": "This medication is not covered at the selected pharmacy.",
                    "osfResult": [
                        {
                            "osfResultTypeCd": "MA",
                            "osfMessage": "Manufacturer Assistance"
                        },
                        {
                            "osfResultTypeCd": "DM",
                            "osfMessage": "Dosage Management"
                        },
                        {
                            "osfResultTypeCd": "NM",
                            "osfMessage": "Network Management"
                        },
                        {
                            "osfResultTypeCd": "PP",
                            "osfMessage": "Preferred Products"
                        },
                        {
                            "osfResultTypeCd": "RP",
                            "osfMessage": "Recommended Product"
                        }]
                },
                "responseStatusSegment": {
                    "internalControlNumber": "212772921189101999",
                    "rejectInformation": [
                        {
                            "rejectCd": "12",
                            "rejectDesc": "M/I Place of Service"
                        },
                        {
                            "rejectCd": "50",
                            "rejectDesc": "Non-Matched Pharmacy Nbr"
                        }
                    ],
                    "requiresPriorAuthorization": false,
                    "transactionResponseStatus": "R"
                },
                "responseInsuranceSegment": {
                    "planId": "008521",
                    "lineOfBusinessCode": "UND"
                },
                "responseClaimSegment": {
                    "productLabelName": "AFINITOR DIS TAB 2MG",
                    "productOrServiceId": "00078062651",
                    "productOrServiceIdQualifier": "03",
                    "productSubstitutionCode": "0",
                    "quantityDispensed": 1,
                    "daysSupply": 28
                },
                "responsePricingSegment": {
                    "showPricing": true,
                    "patientPayAmount": null,
                    "planPayAmount": null
                }
            },
            {
                "osfRank": 3,
                "scenarioDrug": 0,
                "scenarioPharmacy": 0,
                "scenarioType": "P",
                "responseHeaderSegment": {
                    "serviceProviderIdQualifier": "01",
                    "serviceProviderId": "1093248288",
                    "placeOfServiceCode": 12,
                    "dateOfService": 20211004,
                    "serviceProviderTypes": []
                },
                "responseMessageSegment": {
                    "isdmMessage": null,
                    "isdmResultType": "",
                    "message": "This medication is not covered at the selected pharmacy.",
                    "osfResult": [
                    {
                        "osfResultTypeCd": "PP",
                        "osfMessage": "Preferred Products"
                    },
                    {
                        "osfResultTypeCd": "RP",
                        "osfMessage": "Recommended Product"
                    }]
                },
                "responseStatusSegment": {
                    "internalControlNumber": "212772921189101999",
                    "rejectInformation": [
                        {
                            "rejectCd": "12",
                            "rejectDesc": "M/I Place of Service"
                        },
                        {
                            "rejectCd": "50",
                            "rejectDesc": "Non-Matched Pharmacy Nbr"
                        }
                    ],
                    "requiresPriorAuthorization": false,
                    "transactionResponseStatus": "R"
                },
                "responseInsuranceSegment": {
                    "planId": "008521",
                    "lineOfBusinessCode": "UND"
                },
                "responseClaimSegment": {
                    "productLabelName": "AFINITOR DIS TAB 2MG",
                    "productOrServiceId": "00078062651",
                    "productOrServiceIdQualifier": "03",
                    "productSubstitutionCode": "0",
                    "quantityDispensed": 1,
                    "daysSupply": 28
                },
                "responsePricingSegment": {
                    "showPricing": true,
                    "patientPayAmount": null,
                    "planPayAmount": null
                }
            },
            {
                "osfRank": 4,
                "scenarioDrug": 0,
                "scenarioPharmacy": 0,
                "scenarioType": "M",
                "responseHeaderSegment": {
                    "serviceProviderIdQualifier": "01",
                    "serviceProviderId": "1093248288",
                    "placeOfServiceCode": 12,
                    "dateOfService": 20211004,
                    "serviceProviderTypes": []
                },
                "responseMessageSegment": {
                    "isdmMessage": null,
                    "isdmResultType": "",
                    "message": "This medication is not covered at the selected pharmacy.",
                    "osfResult": [
                    {
                        "osfResultTypeCd": "MA",
                        "osfMessage": "Manufacturer Assistance"
                    },
                    {
                        "osfResultTypeCd": "DM",
                        "osfMessage": "Dosage Management"
                    },
                    {
                        "osfResultTypeCd": "RP",
                        "osfMessage": "Recommended Product"
                    }]
                },
                "responseStatusSegment": {
                    "internalControlNumber": "212772921189101999",
                    "rejectInformation": [
                        {
                            "rejectCd": "12",
                            "rejectDesc": "M/I Place of Service"
                        },
                        {
                            "rejectCd": "50",
                            "rejectDesc": "Non-Matched Pharmacy Nbr"
                        }
                    ],
                    "requiresPriorAuthorization": false,
                    "transactionResponseStatus": "R"
                },
                "responseInsuranceSegment": {
                    "planId": "008521",
                    "lineOfBusinessCode": "UND"
                },
                "responseClaimSegment": {
                    "productLabelName": "AFINITOR DIS TAB 2MG",
                    "productOrServiceId": "00078062651",
                    "productOrServiceIdQualifier": "03",
                    "productSubstitutionCode": "0",
                    "quantityDispensed": 1,
                    "daysSupply": 28
                },
                "responsePricingSegment": {
                    "showPricing": true,
                    "patientPayAmount": null,
                    "planPayAmount": null
                }
            }
        ]
    }
}
