<?xml version="1.0" encoding="UTF-8"?>
<bb_indicesList>
    <bb_index index_name="mbr_appt_idx56" sort="1" table_name="mbr_appt" field_name="providerClinicalID" order_by="ASC" unique_indicator="0" function="" num_partitions="0"/>
    <bb_index index_name="mbr_aud_dtl_idx1" sort="1" table_name="mbr_aud_dtl" field_name="memberID" order_by="ASC" unique_indicator="0" function="" num_partitions="0"/>
    <bb_index index_name="mbr_edu_idx1" sort="1" table_name="mbr_educ" field_name="memberID" order_by="ASC" unique_indicator="0" function="" num_partitions="0"/>
    <bb_index index_name="mbr_edu_idx2" sort="1" table_name="mbr_educ" field_name="educationType" order_by="ASC" unique_indicator="0" function="" num_partitions="0"/>
    <bb_index index_name="mbr_race_idx1" sort="1" table_name="mbr_race" field_name="memberID" order_by="ASC" unique_indicator="1" function="" num_partitions="0"/>
    <bb_index index_name="mbr_race_idx1" sort="2" table_name="mbr_race" field_name="raceType" order_by="ASC" unique_indicator="1" function="" num_partitions="0"/>
    <bb_index index_name="mbr_email_idx1" sort="1" table_name="mbr_email" field_name="memberID" order_by="ASC" unique_indicator="0" function="" num_partitions="0"/>
    <bb_index index_name="mbr_search_idx1" sort="1" table_name="mbr" field_name="lastName" order_by="ASC" unique_indicator="0" function="" num_partitions="0"/>
    <bb_index index_name="mbr_search_idx1" sort="2" table_name="mbr" field_name="firstName" order_by="ASC" unique_indicator="0" function="" num_partitions="0"/>
    <bb_index index_name="mbr_id_search_idx1" sort="1" table_name="mbr_id" field_name="memberIDText" order_by="ASC" unique_indicator="0" function="" num_partitions="0"/>
    <bb_index index_name="mbr_idx1" sort="1" table_name="mbr_id" field_name="memberID" order_by="ASC" unique_indicator="1" function="" num_partitions="0"/>
    <bb_index index_name="mbr_idx1" sort="2" table_name="mbr_id" field_name="memberIDType" order_by="ASC" unique_indicator="1" function="" num_partitions="0"/>
    <bb_index index_name="mbr_prov_clin_idx1" sort="1" table_name="mbr_prov_clin" field_name="memberID" order_by="ASC" unique_indicator="0" function="" num_partitions="0"/>
    <bb_index index_name="mbr_prov_clin_idx1" sort="2" table_name="mbr_prov_clin" field_name="providerClinicalID" order_by="ASC" unique_indicator="0" function="" num_partitions="0"/>
    <bb_index index_name="mbr_prov_clin_idx1" sort="3" table_name="mbr_prov_clin" field_name="memberProviderDisplayInd" order_by="ASC" unique_indicator="0" function="" num_partitions="0"/>
    <bb_index index_name="mbr_prov_clin_idx2" sort="1" table_name="mbr_prov_clin" field_name="providerClinicalID" order_by="ASC" unique_indicator="0" function="" num_partitions="0"/>
    <bb_index index_name="mbr_prov_clin_prob_idx1" sort="1" table_name="mbr_prov_clin_prob" field_name="providerClinicalID" order_by="ASC" unique_indicator="0" function="" num_partitions="0"/>
</bb_indicesList>