<?xml version="1.0" encoding="UTF-8"?>
<bb_tablesList>
    <bb_table table_name="aud_ctrl" descriptiontext="Control table to define which audit records should be displayed in each history section." voclass="com.optum.app.common.member.core.data.AuditControlVO" daoclass="" daoclassimpl="" auditnotestable="" view_indicator="0" distinct_indicator="0" virtual_indicator="0" under_construction="0" secured="0" logHistory="0" num_pk_index_partitions="0" pk_partitioned_index_name="" db_category="" translatable="0"/>
    <bb_table table_name="mbr" descriptiontext="A Person who has benefit plan coverage and has been engaged in a Clinical product or program. Within the Clinical Toolbox, this is only a subset of the total members having medical benefit plan coverage by UHG or alliance partner (i.e. will consist of only those members that have had a health event that we have decided to track)." voclass="com.optum.app.common.member.core.data.MemberVO" daoclass="com.optum.app.common.member.core.sql.MemberDAO" daoclassimpl="com.optum.app.common.member.core.sql.impl.MemberDAOImpl" auditnotestable="mbr_aud_dtl" view_indicator="0" distinct_indicator="0" virtual_indicator="0" under_construction="0" secured="0" logHistory="0" num_pk_index_partitions="0" pk_partitioned_index_name="" db_category="" translatable="0"/>
    <bb_table table_name="mbr_actv_montr" descriptiontext="Member touch table for monitoring activity across multiple tables" voclass="com.optum.app.common.member.core.data.MemberActivityMonitorVO" daoclass="" daoclassimpl="" auditnotestable="" view_indicator="0" distinct_indicator="0" virtual_indicator="0" under_construction="0" secured="0" logHistory="0" num_pk_index_partitions="0" pk_partitioned_index_name="" db_category="" translatable="0"/>
    <bb_table table_name="mbr_add_pln_ftur" descriptiontext="An additonal plan feature (one of several)." voclass="com.optum.app.common.member.core.data.MemberAdditionalPlanFeatureVO" daoclass="" daoclassimpl="" auditnotestable="" view_indicator="0" distinct_indicator="0" virtual_indicator="0" under_construction="0" secured="0" logHistory="0" num_pk_index_partitions="0" pk_partitioned_index_name="" db_category="" translatable="0"/>
    <bb_table table_name="mbr_adr" descriptiontext="An address (one of several) that a Member uses (and that clinical people can use for contacting them). A Member Address can be supplied by an Eligibility System OR can be entered manually. Note: only the current addresses for a Member are maintained." voclass="com.optum.app.common.member.core.data.MemberAddressVO" daoclass="" daoclassimpl="" auditnotestable="mbr_aud_dtl" view_indicator="0" distinct_indicator="0" virtual_indicator="0" under_construction="0" secured="0" logHistory="1" num_pk_index_partitions="0" pk_partitioned_index_name="" db_category="" translatable="0"/>
    <bb_table table_name="mbr_alrg" descriptiontext="Member allergy" voclass="com.optum.app.common.member.core.data.MemberAllergyVO" daoclass="" daoclassimpl="" auditnotestable="mbr_aud_dtl" view_indicator="0" distinct_indicator="0" virtual_indicator="0" under_construction="0" secured="0" logHistory="0" num_pk_index_partitions="0" pk_partitioned_index_name="" db_category="" translatable="0"/>
    <bb_table table_name="mbr_alrt" descriptiontext="Member alert" voclass="com.optum.app.common.member.core.data.MemberAlertVO" daoclass="" daoclassimpl="" auditnotestable="mbr_aud_dtl" view_indicator="0" distinct_indicator="0" virtual_indicator="0" under_construction="0" secured="0" logHistory="0" num_pk_index_partitions="0" pk_partitioned_index_name="" db_category="" translatable="0"/>
    <bb_table table_name="mbr_appt" descriptiontext="Member appointments" voclass="com.optum.app.common.member.core.data.MemberAppointmentVO" daoclass="" daoclassimpl="" auditnotestable="mbr_aud_dtl" view_indicator="0" distinct_indicator="0" virtual_indicator="0" under_construction="0" secured="0" logHistory="0" num_pk_index_partitions="0" pk_partitioned_index_name="" db_category="" translatable="0"/>
    <bb_table table_name="mbr_asmt_trig" descriptiontext="Member Assignment Trigger" voclass="com.optum.app.common.member.core.data.MemberAssignmentTriggerVO" daoclass="" daoclassimpl="" auditnotestable="mbr_aud_dtl" view_indicator="0" distinct_indicator="0" virtual_indicator="0" under_construction="0" secured="0" logHistory="0" num_pk_index_partitions="0" pk_partitioned_index_name="" db_category="" translatable="0"/>
    <bb_table table_name="mbr_aud_dtl" descriptiontext="System audit trial of MEMBER record changes including who, and when changed what data field and before/after values." voclass="com.optum.app.common.member.core.data.MemberAuditDetailVO" daoclass="" daoclassimpl="" auditnotestable="" view_indicator="0" distinct_indicator="0" virtual_indicator="0" under_construction="0" secured="0" logHistory="0" num_pk_index_partitions="0" pk_partitioned_index_name="" db_category="" translatable="0"/>
    <bb_table table_name="mbr_care_lvl" descriptiontext="member care level" voclass="com.optum.app.common.member.core.data.MemberCareLevelVO" daoclass="" daoclassimpl="" auditnotestable="mbr_care_lvl_aud_dtl" view_indicator="0" distinct_indicator="0" virtual_indicator="0" under_construction="0" secured="0" logHistory="1" num_pk_index_partitions="0" pk_partitioned_index_name="" db_category="" translatable="0"/>
    <bb_table table_name="mbr_care_lvl_aud_dtl" descriptiontext="System audit trial of Level Of  Care record changes including who, and when changed what data field and before/after values." voclass="com.optum.app.common.member.core.data.MemberCareLevelAuditDetailVO" daoclass="" daoclassimpl="" auditnotestable="" view_indicator="0" distinct_indicator="0" virtual_indicator="0" under_construction="0" secured="0" logHistory="0" num_pk_index_partitions="0" pk_partitioned_index_name="" db_category="" translatable="0"/>
    <bb_table table_name="mbr_care_mgr" descriptiontext="member care manager" voclass="com.optum.app.common.member.core.data.MemberCareManagerVO" daoclass="" daoclassimpl="" auditnotestable="" view_indicator="0" distinct_indicator="0" virtual_indicator="0" under_construction="0" secured="0" logHistory="0" num_pk_index_partitions="0" pk_partitioned_index_name="" db_category="" translatable="0"/>
    <bb_table table_name="mbr_care_mgr_risks_hist" descriptiontext="member care manager history" voclass="com.optum.app.common.member.core.data.MemberCareManagerRisksHistoryVO" daoclass="" daoclassimpl="" auditnotestable="" view_indicator="0" distinct_indicator="0" virtual_indicator="0" under_construction="0" secured="0" logHistory="0" num_pk_index_partitions="0" pk_partitioned_index_name="" db_category="" translatable="0"/>
    <bb_table table_name="mbr_care_mgr_risk" descriptiontext="member care manager risk" voclass="com.optum.app.common.member.core.data.MemberCareManagerRiskVO" daoclass="" daoclassimpl="" auditnotestable="" view_indicator="0" distinct_indicator="0" virtual_indicator="0" under_construction="0" secured="0" logHistory="0" num_pk_index_partitions="0" pk_partitioned_index_name="" db_category="" translatable="0"/>
    <bb_table table_name="mbr_care_mgr_note" descriptiontext="member care manager note" voclass="com.optum.app.common.member.core.data.MemberCareManagerNoteVO" daoclass="" daoclassimpl="" auditnotestable="" view_indicator="0" distinct_indicator="0" virtual_indicator="0" under_construction="0" secured="0" logHistory="0" num_pk_index_partitions="0" pk_partitioned_index_name="" db_category="" translatable="0"/>
    <bb_table table_name="mbr_clin_cond" descriptiontext="Member clinical condition as a subtype of member problem" voclass="com.optum.app.common.member.core.data.MemberClinicalConditionVO" daoclass="" daoclassimpl="" auditnotestable="mbr_aud_dtl" view_indicator="0" distinct_indicator="0" virtual_indicator="0" under_construction="0" secured="0" logHistory="0" num_pk_index_partitions="0" pk_partitioned_index_name="" db_category="" translatable="0"/>
    <bb_table table_name="mbr_clin_trial" descriptiontext="Associates members with a particular clinical trial" voclass="com.optum.app.common.member.core.data.MemberClinicalTrialVO" daoclass="" daoclassimpl="" auditnotestable="mbr_aud_dtl" view_indicator="0" distinct_indicator="0" virtual_indicator="0" under_construction="0" secured="0" logHistory="0" num_pk_index_partitions="0" pk_partitioned_index_name="" db_category="" translatable="0"/>
    <bb_table table_name="mbr_cntc" descriptiontext="Member Contact" voclass="com.optum.app.common.member.core.data.MemberContactVO" daoclass="" daoclassimpl="" auditnotestable="" view_indicator="0" distinct_indicator="0" virtual_indicator="0" under_construction="0" secured="0" logHistory="0" num_pk_index_partitions="0" pk_partitioned_index_name="" db_category="" translatable="0"/>
    <bb_table table_name="mbr_cntc_adr" descriptiontext="Member Contact Address" voclass="com.optum.app.common.member.core.data.MemberContactAddressVO" daoclass="" daoclassimpl="" auditnotestable="" view_indicator="0" distinct_indicator="0" virtual_indicator="0" under_construction="0" secured="0" logHistory="0" num_pk_index_partitions="0" pk_partitioned_index_name="" db_category="" translatable="0"/>
    <bb_table table_name="mbr_cntc_email" descriptiontext="Member Contact Email" voclass="com.optum.app.common.member.core.data.MemberContactEmailVO" daoclass="" daoclassimpl="" auditnotestable="" view_indicator="0" distinct_indicator="0" virtual_indicator="0" under_construction="0" secured="0" logHistory="0" num_pk_index_partitions="0" pk_partitioned_index_name="" db_category="" translatable="0"/>
    <bb_table table_name="mbr_cntc_prtl" descriptiontext="Member Contact Portal Access Definitions" voclass="com.optum.app.common.member.core.data.MemberContactPortalVO" daoclass="" daoclassimpl="" auditnotestable="" view_indicator="0" distinct_indicator="0" virtual_indicator="0" under_construction="0" secured="0" logHistory="0" num_pk_index_partitions="0" pk_partitioned_index_name="" db_category="" translatable="0"/>
    <bb_table table_name="mbr_cntc_rel" descriptiontext="Member to Generic Contact Relationship" voclass="com.optum.app.common.member.core.data.MemberContactRelationshipVO" daoclass="" daoclassimpl="" auditnotestable="" view_indicator="0" distinct_indicator="0" virtual_indicator="0" under_construction="0" secured="0" logHistory="0" num_pk_index_partitions="0" pk_partitioned_index_name="" db_category="" translatable="0"/>
    <bb_table table_name="mbr_cntc_rel_imp_aud_dtl" descriptiontext="Member Contact Relationship Improved Audit Table" voclass="com.optum.app.common.member.core.data.MemberContactRelationshipImprovedAuditDetailVO" daoclass="" daoclassimpl="" auditnotestable="" view_indicator="0" distinct_indicator="0" virtual_indicator="0" under_construction="0" secured="0" logHistory="0" num_pk_index_partitions="0" pk_partitioned_index_name="" db_category="" translatable="0"/>
    <bb_table table_name="mbr_cntc_tel" descriptiontext="Member Contact Telephone" voclass="com.optum.app.common.member.core.data.MemberContactTelephoneVO" daoclass="" daoclassimpl="" auditnotestable="" view_indicator="0" distinct_indicator="0" virtual_indicator="0" under_construction="0" secured="0" logHistory="0" num_pk_index_partitions="0" pk_partitioned_index_name="" db_category="" translatable="0"/>
    <bb_table table_name="mbr_cov" descriptiontext="Standalone Member Coverage" voclass="com.optum.app.common.member.core.data.MemberCoverageVO" daoclass="" daoclassimpl="" auditnotestable="" view_indicator="0" distinct_indicator="0" virtual_indicator="0" under_construction="0" secured="0" logHistory="0" num_pk_index_partitions="0" pk_partitioned_index_name="" db_category="" translatable="0"/>
    <bb_table table_name="mbr_docmnt" descriptiontext="Member Document Table" voclass="com.optum.app.common.document.data.MemberDocumentVO" daoclass="" daoclassimpl="" auditnotestable="" view_indicator="0" distinct_indicator="0" virtual_indicator="0" under_construction="0" secured="0" logHistory="0" num_pk_index_partitions="0" pk_partitioned_index_name="" db_category="" translatable="0"/>
    <bb_table table_name="mbr_educ" descriptiontext="Member Education table" voclass="com.optum.app.common.member.core.data.MemberEducationVO" daoclass="" daoclassimpl="" auditnotestable="" view_indicator="0" distinct_indicator="0" virtual_indicator="0" under_construction="0" secured="0" logHistory="0" num_pk_index_partitions="0" pk_partitioned_index_name="" db_category="" translatable="0"/>
    <bb_table table_name="mbr_email" descriptiontext="Member E-mail table" voclass="com.optum.app.common.member.core.data.MemberEmailVO" daoclass="" daoclassimpl="" auditnotestable="" view_indicator="0" distinct_indicator="0" virtual_indicator="0" under_construction="0" secured="0" logHistory="0" num_pk_index_partitions="0" pk_partitioned_index_name="" db_category="" translatable="0"/>
    <bb_table table_name="mbr_email_imp_aud_dtl" descriptiontext="Member E-mail Audit table" voclass="com.optum.app.common.member.core.data.MemberEmailImprovedAuditDetailVO" daoclass="" daoclassimpl="" auditnotestable="" view_indicator="0" distinct_indicator="0" virtual_indicator="0" under_construction="0" secured="0" logHistory="0" num_pk_index_partitions="0" pk_partitioned_index_name="" db_category="" translatable="0"/>
    <bb_table table_name="mbr_ethnc" descriptiontext="Member Ethnicity Table" voclass="com.optum.app.common.member.core.data.MemberEthnicityVO" daoclass="" daoclassimpl="" auditnotestable="" view_indicator="0" distinct_indicator="0" virtual_indicator="0" under_construction="0" secured="0" logHistory="0" num_pk_index_partitions="0" pk_partitioned_index_name="" db_category="" translatable="0"/>
    <bb_table table_name="mbr_extr_facl" descriptiontext="Member External Facility" voclass="com.optum.app.common.member.core.data.MemberExternalFacilityVO" daoclass="" daoclassimpl="" auditnotestable="" view_indicator="0" distinct_indicator="0" virtual_indicator="0" under_construction="0" secured="0" logHistory="0" num_pk_index_partitions="0" pk_partitioned_index_name="" db_category="" translatable="0"/>
    <bb_table table_name="mbr_diag" descriptiontext="Member Diagnosis table" voclass="com.optum.app.common.member.core.data.MemberDiagnosisVO" daoclass="" daoclassimpl="" auditnotestable="" view_indicator="0" distinct_indicator="0" virtual_indicator="0" under_construction="0" secured="0" logHistory="0" num_pk_index_partitions="0" pk_partitioned_index_name="" db_category="" translatable="0"/>
    <bb_table table_name="memberDiagnosisView" descriptiontext="Member Diagnosis table view " voclass="com.optum.app.common.member.core.data.MemberDiagnosisViewVO" daoclass="" daoclassimpl="" auditnotestable="" view_indicator="1" distinct_indicator="0" virtual_indicator="0" under_construction="0" secured="0" logHistory="0" num_pk_index_partitions="0" pk_partitioned_index_name="" db_category="" translatable="0"/>
    <bb_table table_name="mbr_id" descriptiontext="An identifier (one of possibility several) that maybe used to uniquely identify a Member. Example: a Medicare id, an employee id, a social security number, etc." voclass="com.optum.app.common.member.core.data.MemberIdentifierVO" daoclass="" daoclassimpl="" auditnotestable="mbr_id_aud_dtl" view_indicator="0" distinct_indicator="0" virtual_indicator="0" under_construction="0" secured="0" logHistory="0" num_pk_index_partitions="0" pk_partitioned_index_name="" db_category="" translatable="0"/>
    <bb_table table_name="mbr_id_aud_dtl" descriptiontext="System audit trial of mbr_id record changes including who, and when changed what data field and before/after values." voclass="com.optum.app.common.member.core.data.MemberIdentifierAuditDetailVO" daoclass="" daoclassimpl="" auditnotestable="" view_indicator="0" distinct_indicator="0" virtual_indicator="0" under_construction="0" secured="0" logHistory="0" num_pk_index_partitions="0" pk_partitioned_index_name="" db_category="" translatable="0"/>
    <bb_table table_name="mbr_hlth_evnt" descriptiontext="Member Health Event" voclass="com.optum.app.common.member.core.data.MemberHealthEventVO" daoclass="" daoclassimpl="" auditnotestable="mbr_aud_dtl" view_indicator="0" distinct_indicator="0" virtual_indicator="0" under_construction="0" secured="0" logHistory="0" num_pk_index_partitions="0" pk_partitioned_index_name="" db_category="" translatable="0"/>
    <bb_table table_name="mbr_hlth_evnt_rel_id" descriptiontext="Relative IDs associated with Member Health Event" voclass="com.optum.app.common.member.core.data.MemberHealthEventRelatedIDVO" daoclass="" daoclassimpl="" auditnotestable="mbr_aud_dtl" view_indicator="0" distinct_indicator="0" virtual_indicator="0" under_construction="0" secured="0" logHistory="0" num_pk_index_partitions="0" pk_partitioned_index_name="" db_category="" translatable="0"/>
    <bb_table table_name="mbr_id_repl" descriptiontext="Member Identifier Replacement table" voclass="com.optum.app.common.member.core.data.MemberIdentifierReplacementVO" daoclass="" daoclassimpl="" auditnotestable="" view_indicator="0" distinct_indicator="0" virtual_indicator="0" under_construction="0" secured="0" logHistory="0" num_pk_index_partitions="0" pk_partitioned_index_name="" db_category="" translatable="0"/>
    <bb_table table_name="mbr_ins_cov" descriptiontext="Member Insurance Coverage" voclass="com.optum.app.common.member.core.data.MemberInsuranceCoverageVO" daoclass="" daoclassimpl="" auditnotestable="mbr_aud_dtl" view_indicator="0" distinct_indicator="0" virtual_indicator="0" under_construction="0" secured="0" logHistory="0" num_pk_index_partitions="0" pk_partitioned_index_name="" db_category="" translatable="0"/>
    <bb_table table_name="mbr_imp_aud_dtl" descriptiontext="Member Audit table" voclass="com.optum.app.common.member.core.data.MemberImprovedAuditDetailVO" daoclass="" daoclassimpl="" auditnotestable="" view_indicator="0" distinct_indicator="0" virtual_indicator="0" under_construction="0" secured="0" logHistory="0" num_pk_index_partitions="0" pk_partitioned_index_name="" db_category="" translatable="0"/>
    <bb_table table_name="mbr_legal" descriptiontext="Member Legal table" voclass="com.optum.app.common.member.core.data.MemberLegalVO" daoclass="" daoclassimpl="" auditnotestable="" view_indicator="0" distinct_indicator="0" virtual_indicator="0" under_construction="0" secured="0" logHistory="0" num_pk_index_partitions="0" pk_partitioned_index_name="" db_category="" translatable="0"/>
    <bb_table table_name="mbr_legal_imp_aud_dtl" descriptiontext="Member Legal Audit table" voclass="com.optum.app.common.member.core.data.MemberLegalImprovedAuditDetailVO" daoclass="" daoclassimpl="" auditnotestable="" view_indicator="0" distinct_indicator="0" virtual_indicator="0" under_construction="0" secured="0" logHistory="0" num_pk_index_partitions="0" pk_partitioned_index_name="" db_category="" translatable="0"/>
    <bb_table table_name="mbr_medcn" descriptiontext="reported medication taken by member" voclass="com.optum.app.common.member.core.data.MemberMedicationVO" daoclass="" daoclassimpl="" auditnotestable="mbr_aud_dtl" view_indicator="0" distinct_indicator="0" virtual_indicator="0" under_construction="0" secured="0" logHistory="0" num_pk_index_partitions="0" pk_partitioned_index_name="" db_category="" translatable="0"/>
    <bb_table table_name="mbr_mo_finc" descriptiontext="Member Monthly Finance" voclass="com.optum.app.common.member.core.data.MemberMonthlyFinanceVO" daoclass="" daoclassimpl="" auditnotestable="" view_indicator="0" distinct_indicator="0" virtual_indicator="0" under_construction="0" secured="0" logHistory="0" num_pk_index_partitions="0" pk_partitioned_index_name="" db_category="" translatable="0"/>
    <bb_table table_name="mbr_mo_finc_srcs" descriptiontext="Member Monthly Finance Sources" voclass="com.optum.app.common.member.core.data.MemberMonthlyFinanceSourcesVO" daoclass="" daoclassimpl="" auditnotestable="" view_indicator="0" distinct_indicator="0" virtual_indicator="0" under_construction="0" secured="0" logHistory="0" num_pk_index_partitions="0" pk_partitioned_index_name="" db_category="" translatable="0"/>
    <bb_table table_name="mbr_pcp" descriptiontext="member pcp with risk types" voclass="com.optum.app.common.member.core.data.MemberPcpVO" daoclass="" daoclassimpl="" auditnotestable="" view_indicator="0" distinct_indicator="0" virtual_indicator="0" under_construction="0" secured="0" logHistory="0" num_pk_index_partitions="0" pk_partitioned_index_name="" db_category="" translatable="0"/>
    <bb_table table_name="mbr_prob" descriptiontext="Current or past health related problems of member, such as diagnosis, condition, complaint, symptom that require clinical treatment by health care professionals, or other non-clinical problems, e.g., social or life style, that need to be addressed as a part of Total Health Management" voclass="com.optum.app.common.member.core.data.MemberProblemVO" daoclass="" daoclassimpl="" auditnotestable="mbr_aud_dtl" view_indicator="0" distinct_indicator="0" virtual_indicator="0" under_construction="0" secured="0" logHistory="0" num_pk_index_partitions="0" pk_partitioned_index_name="" db_category="" translatable="0"/>
    <bb_table table_name="mbr_prov_clin" descriptiontext="Provider records associated with member in various context. Mostly related to CPM at this point. System updates to the most recent record retrieved from the enterprise provider source for the same unique provider or provider address/TIN. Member specific provider attributes, e.g., specialty and Q and E scores, are also updated to the most recent values by the application." voclass="com.optum.app.common.member.core.data.MemberProviderClinicalVO" daoclass="" daoclassimpl="" auditnotestable="mbr_aud_dtl" view_indicator="0" distinct_indicator="0" virtual_indicator="0" under_construction="0" secured="0" logHistory="0" num_pk_index_partitions="0" pk_partitioned_index_name="" db_category="" translatable="0"/>
    <bb_table table_name="mbr_prov_clin_func" descriptiontext="History of provider association, per function role, with member" voclass="com.optum.app.common.member.core.data.MemberProviderClinicalFunctionVO" daoclass="" daoclassimpl="" auditnotestable="mbr_aud_dtl" view_indicator="0" distinct_indicator="0" virtual_indicator="0" under_construction="0" secured="0" logHistory="0" num_pk_index_partitions="0" pk_partitioned_index_name="" db_category="" translatable="0"/>
    <bb_table table_name="mbr_prov_clin_prob" descriptiontext="Health care provider associated with member problem with a specific role, e.g., treating physician" voclass="com.optum.app.common.member.core.data.MemberProviderClinicalProblemVO" daoclass="" daoclassimpl="" auditnotestable="mbr_aud_dtl" view_indicator="0" distinct_indicator="0" virtual_indicator="0" under_construction="0" secured="0" logHistory="0" num_pk_index_partitions="0" pk_partitioned_index_name="" db_category="" translatable="0"/>
    <bb_table table_name="mbr_prov_recom" descriptiontext="Provider recommendation records associated with member." voclass="com.optum.app.common.member.core.data.MemberProviderRecommendationVO" daoclass="" daoclassimpl="" auditnotestable="mbr_aud_dtl" view_indicator="0" distinct_indicator="0" virtual_indicator="0" under_construction="0" secured="0" logHistory="0" num_pk_index_partitions="0" pk_partitioned_index_name="" db_category="" translatable="0"/>
    <bb_table table_name="mbr_race" descriptiontext="Member Race Table" voclass="com.optum.app.common.member.core.data.MemberRaceVO" daoclass="" daoclassimpl="" auditnotestable="" view_indicator="0" distinct_indicator="0" virtual_indicator="0" under_construction="0" secured="0" logHistory="0" num_pk_index_partitions="0" pk_partitioned_index_name="" db_category="" translatable="0"/>
    <bb_table table_name="mbr_rel" descriptiontext="Member Related Family Members" voclass="com.optum.app.common.member.core.data.MemberRelationshipsVO" daoclass="" daoclassimpl="" auditnotestable="" view_indicator="0" distinct_indicator="0" virtual_indicator="0" under_construction="0" secured="0" logHistory="0" num_pk_index_partitions="0" pk_partitioned_index_name="" db_category="" translatable="0"/>
    <bb_table table_name="mbr_risk" descriptiontext="member risk" voclass="com.optum.app.common.member.core.data.MemberRiskVO" daoclass="" daoclassimpl="" auditnotestable="mbr_aud_dtl" view_indicator="0" distinct_indicator="0" virtual_indicator="0" under_construction="0" secured="0" logHistory="1" num_pk_index_partitions="0" pk_partitioned_index_name="" db_category="" translatable="0"/>
    <bb_table table_name="mbr_sec_atr" descriptiontext="secondary attribute table" voclass="com.optum.app.common.member.core.data.MemberSecondaryAttributeVO" daoclass="" daoclassimpl="" auditnotestable="mbr_aud_dtl" view_indicator="0" distinct_indicator="0" virtual_indicator="0" under_construction="0" secured="0" logHistory="0" num_pk_index_partitions="0" pk_partitioned_index_name="" db_category="" translatable="0"/>
    <bb_table table_name="memberAlertView" descriptiontext="member alert view" voclass="com.optum.app.common.member.core.data.MemberAlertViewVO" daoclass="" daoclassimpl="" auditnotestable="" view_indicator="0" distinct_indicator="0" virtual_indicator="1" under_construction="0" secured="0" logHistory="0" num_pk_index_partitions="0" pk_partitioned_index_name="" db_category="" translatable="0"/>
    <bb_table table_name="memberCareManagerView" descriptiontext="member care manager view" voclass="com.optum.app.common.member.core.data.MemberCareManagerViewVO" daoclass="" daoclassimpl="" auditnotestable="" view_indicator="0" distinct_indicator="0" virtual_indicator="1" under_construction="0" secured="0" logHistory="0" num_pk_index_partitions="0" pk_partitioned_index_name="" db_category="" translatable="0"/>
    <bb_table table_name="memberClinicalConditionView" descriptiontext="Member Clinical Condition List" voclass="com.optum.app.common.member.core.data.MemberClinicalConditionViewVO" daoclass="" daoclassimpl="" auditnotestable="" view_indicator="0" distinct_indicator="0" virtual_indicator="1" under_construction="0" secured="0" logHistory="0" num_pk_index_partitions="0" pk_partitioned_index_name="" db_category="" translatable="0"/>
    <bb_table table_name="memberClinicalMedicationView" descriptiontext="Member Clinical Medications List" voclass="com.optum.app.common.member.core.data.MemberClinicalMedicationViewVO" daoclass="" daoclassimpl="" auditnotestable="" view_indicator="0" distinct_indicator="0" virtual_indicator="1" under_construction="0" secured="0" logHistory="0" num_pk_index_partitions="0" pk_partitioned_index_name="" db_category="" translatable="0"/>
    <bb_table table_name="memberContactView" descriptiontext="Member Contacts View" voclass="com.optum.app.common.member.core.data.MemberContactViewVO" daoclass="" daoclassimpl="" auditnotestable="" view_indicator="0" distinct_indicator="0" virtual_indicator="1" under_construction="0" secured="0" logHistory="0" num_pk_index_partitions="0" pk_partitioned_index_name="" db_category="" translatable="0"/>
    <bb_table table_name="memberProviderView" descriptiontext="Member Provider View" voclass="com.optum.app.common.member.core.data.MemberProviderViewVO" daoclass="" daoclassimpl="" auditnotestable="" view_indicator="0" distinct_indicator="0" virtual_indicator="1" under_construction="0" secured="0" logHistory="0" num_pk_index_partitions="0" pk_partitioned_index_name="" db_category="" translatable="0"/>
    <bb_table table_name="memberWorkListView" descriptiontext="member work list view" voclass="com.optum.app.common.worklist.data.MemberWorkListViewVO" daoclass="" daoclassimpl="" auditnotestable="" view_indicator="0" distinct_indicator="0" virtual_indicator="1" under_construction="0" secured="0" logHistory="0" num_pk_index_partitions="0" pk_partitioned_index_name="" db_category="" translatable="0"/>
    <bb_table table_name="mbr_tel" descriptiontext="A phone (one of several) that a Member uses (and that clinical people can use for contacting them). A Member Phone can be supplied by an Eligibility System OR can be entered manually. Note: only the current phones for a Member are maintained." voclass="com.optum.app.common.member.core.data.MemberTelephoneVO" daoclass="" daoclassimpl="" auditnotestable="mbr_aud_dtl" view_indicator="0" distinct_indicator="0" virtual_indicator="0" under_construction="0" secured="0" logHistory="0" num_pk_index_partitions="0" pk_partitioned_index_name="" db_category="" translatable="0"/>
    <bb_table table_name="mbr_va_dist_elig" descriptiontext="VA member distance based eligibility table" voclass="com.optum.app.common.member.core.data.MemberDistanceBasedEligibilityVO" daoclass="" daoclassimpl="" auditnotestable="mbr_aud_dtl" view_indicator="0" distinct_indicator="0" virtual_indicator="0" under_construction="0" secured="0" logHistory="0" num_pk_index_partitions="0" pk_partitioned_index_name="" db_category="" translatable="0"/>
    <bb_table table_name="mbr_wait_list" descriptiontext="Member Wait List table" voclass="com.optum.app.common.member.core.data.MemberWaitListVO" daoclass="" daoclassimpl="" auditnotestable="" view_indicator="0" distinct_indicator="0" virtual_indicator="0" under_construction="0" secured="0" logHistory="0" num_pk_index_partitions="0" pk_partitioned_index_name="" db_category="" translatable="0"/>
    <bb_table table_name="mbr_wait_list_imp_aud_dtl" descriptiontext="Member Wait List Improved Audit Detail table" voclass="com.optum.app.common.member.core.data.MemberWaitListImprovedAuditDetailVO" daoclass="" daoclassimpl="" auditnotestable="" view_indicator="0" distinct_indicator="0" virtual_indicator="0" under_construction="0" secured="0" logHistory="0" num_pk_index_partitions="0" pk_partitioned_index_name="" db_category="" translatable="0"/>
    <bb_table table_name="mbr_wrk_list" descriptiontext="Member Work Queue table" voclass="com.optum.app.common.worklist.data.MemberWorkListVO" daoclass="" daoclassimpl="" auditnotestable="" view_indicator="0" distinct_indicator="0" virtual_indicator="0" under_construction="0" secured="0" logHistory="0" num_pk_index_partitions="0" pk_partitioned_index_name="" db_category="" translatable="0"/>
    <bb_table table_name="mbr_wrk_hist" descriptiontext="Work History" voclass="com.optum.app.common.member.core.data.MemberWorkHistoryVO" daoclass="" daoclassimpl="" auditnotestable="mbr_aud_dtl" view_indicator="0" distinct_indicator="0" virtual_indicator="0" under_construction="0" secured="0" logHistory="0" num_pk_index_partitions="0" pk_partitioned_index_name="" db_category="" translatable="0"/>
    <bb_table table_name="mbr_srvc_pln_elig" descriptiontext="Member Service Funding Eligibility" voclass="com.optum.app.common.member.core.data.MemberFundingEligVO" daoclass="" daoclassimpl="" auditnotestable="mbr_aud_dtl" view_indicator="0" distinct_indicator="0" virtual_indicator="0" under_construction="0" secured="0" logHistory="1" num_pk_index_partitions="0" pk_partitioned_index_name="" db_category="" translatable="0"/>
    <bb_table table_name="mbr_ins_cov_imp_aud_dtl" descriptiontext="System audit trial of member insurance coverage record changes including who, and when changed what data field and before/after values broken into separate records." voclass="com.optum.app.common.member.core.data.MemberInsuranceCoverageImprovedAuditDetailVO" daoclass="" daoclassimpl="" auditnotestable="" view_indicator="0" distinct_indicator="0" virtual_indicator="0" under_construction="0" secured="0" logHistory="0" num_pk_index_partitions="0" pk_partitioned_index_name="" db_category="" translatable="0"/>
    <bb_table table_name="mbr_fund_elig_imp_aud_dtl" descriptiontext="System audit trial of member insurance coverage record changes including who, and when changed what data field and before/after values broken into separate records." voclass="com.optum.app.common.member.core.data.MemberFundingEligImprovedAuditDetailVO" daoclass="" daoclassimpl="" auditnotestable="" view_indicator="0" distinct_indicator="0" virtual_indicator="0" under_construction="0" secured="0" logHistory="0" num_pk_index_partitions="0" pk_partitioned_index_name="" db_category="" translatable="0"/>
    <bb_table table_name="memberFundingEligibilityView" descriptiontext="Member Funding Eligibility View" voclass="com.optum.app.common.member.core.data.MemberFundingEligibilityViewVO" daoclass="" daoclassimpl="" auditnotestable="" view_indicator="0" distinct_indicator="0" virtual_indicator="1" under_construction="0" secured="0" logHistory="0" num_pk_index_partitions="0" pk_partitioned_index_name="" db_category="" translatable="0"/>
    <bb_table table_name="memberFundingEligHistoryView" descriptiontext="Member Funding Eligibility History View" voclass="com.optum.app.common.member.core.data.MemberFundingEligHistoryViewVO" daoclass="" daoclassimpl="" auditnotestable="" view_indicator="0" distinct_indicator="0" virtual_indicator="1" under_construction="0" secured="0" logHistory="0" num_pk_index_partitions="0" pk_partitioned_index_name="" db_category="" translatable="0"/>
    <bb_table table_name="memberCareLevelHistoryView" descriptiontext="Member Care Level History View" voclass="com.optum.app.common.member.core.data.MemberCareLevelHistoryViewVO" daoclass="" daoclassimpl="" auditnotestable="" view_indicator="0" distinct_indicator="0" virtual_indicator="1" under_construction="0" secured="0" logHistory="0" num_pk_index_partitions="0" pk_partitioned_index_name="" db_category="" translatable="0"/>
    <bb_table table_name="membercontactrelview" descriptiontext="Member to Generic Contact Relationship View" voclass="com.optum.app.common.member.core.data.MemberContactRelationshipViewVO" daoclass="" daoclassimpl="" auditnotestable="" view_indicator="0" distinct_indicator="0" virtual_indicator="1" under_construction="0" secured="0" logHistory="0" num_pk_index_partitions="0" pk_partitioned_index_name="" db_category="" translatable="0"/>
    <bb_table table_name="memberproviderrecomview" descriptiontext="Member Provider Recommendation View" voclass="com.optum.app.common.member.core.data.MemberProviderRecommendationViewVO" daoclass="" daoclassimpl="" auditnotestable="" view_indicator="0" distinct_indicator="0" virtual_indicator="1" under_construction="0" secured="0" logHistory="0" num_pk_index_partitions="0" pk_partitioned_index_name="" db_category="" translatable="0"/>
    <bb_table table_name="prov_clin_docmnt" descriptiontext="Provider Clinical Document Table" voclass="com.optum.app.common.document.data.ProviderClinicalDocumentVO" daoclass="" daoclassimpl="" auditnotestable="prov_clin_aud_dtl" view_indicator="0" distinct_indicator="0" virtual_indicator="0" under_construction="0" secured="0" logHistory="0" num_pk_index_partitions="0" pk_partitioned_index_name="" db_category="" translatable="0"/>
    <bb_table table_name="wsp_cntc_rel" descriptiontext="Member Contact to Provider Relationship" voclass="com.optum.app.common.member.core.data.WSPContactRelationshipVO" daoclass="" daoclassimpl="" auditnotestable="" view_indicator="0" distinct_indicator="0" virtual_indicator="0" under_construction="0" secured="0" logHistory="0" num_pk_index_partitions="0" pk_partitioned_index_name="" db_category="" translatable="0"/>
    <bb_table table_name="cr_ben_pln_tier_ntwk" descriptiontext="Cirrus Member Benefit Plan Tier Network" voclass="com.optum.app.common.member.core.data.BenefitPlanTierNetworkVO" daoclass="" daoclassimpl="" auditnotestable="" view_indicator="0" distinct_indicator="0" virtual_indicator="0" under_construction="0" secured="0" logHistory="0" num_pk_index_partitions="0" pk_partitioned_index_name="" db_category="" translatable="0"/>
    <bb_table table_name="mbr_clm_hist" descriptiontext="Member Claim History" voclass="com.optum.app.common.member.core.data.MemberClaimHistoryVO" daoclass="" daoclassimpl="" auditnotestable="" view_indicator="0" distinct_indicator="0" virtual_indicator="0" under_construction="0" secured="0" logHistory="0" num_pk_index_partitions="0" pk_partitioned_index_name="" db_category="" translatable="0"/>
    <bb_table table_name="mbr_clm_elg" descriptiontext="Member Claim Eligibility" voclass="com.optum.app.common.member.core.data.MemberClaimEligibilityVO" daoclass="" daoclassimpl="" auditnotestable="" view_indicator="0" distinct_indicator="0" virtual_indicator="0" under_construction="0" secured="0" logHistory="0" num_pk_index_partitions="0" pk_partitioned_index_name="" db_category="" translatable="0"/>
</bb_tablesList>
