<?xml version="1.0" encoding="UTF-8"?>
<bb_viewsList>
    <bb_view view_name="memberDiagnosisView" table_name="mbr_diag" table_as_name="a" field="memberID" field_as_name="memberID" key_indicator="1" />
    <bb_view view_name="memberDiagnosisView" table_name="mbr_diag" table_as_name="a" field="diagnosisSequenceNumber" field_as_name="diagnosisSequenceNumber" key_indicator="1" />
    <bb_view view_name="memberDiagnosisView" table_name="mbr_diag" table_as_name="a" field="diagnosisCode" field_as_name="diagnosisCode" key_indicator="0" />
    <bb_view view_name="memberDiagnosisView" table_name="icd10"  table_as_name="b" field="codeDescription" field_as_name="codeDescription" key_indicator="0"/>
    <bb_view view_name="memberDiagnosisView" table_name="mbr_diag" table_as_name="a" field="diagnosisStatusType" field_as_name="diagnosisStatusType" key_indicator="0" />
    <bb_view view_name="memberDiagnosisView" table_name="mbr_diag" table_as_name="a" field="diagnosisDate" field_as_name="diagnosisDate" key_indicator="0" />
    <bb_view view_name="memberDiagnosisView" table_name="mbr_diag" table_as_name="a" field="diagnosisEndDate" field_as_name="diagnosisEndDate" key_indicator="0" />
    <bb_view view_name="memberDiagnosisView" table_name="mbr_diag" table_as_name="a" field="diagnosisSource" field_as_name="diagnosisSource" key_indicator="0" />
    <bb_view view_name="memberDiagnosisView" table_name="mbr_diag" table_as_name="a" field="changeUserID" field_as_name="changeUserID" key_indicator="0" />
    <bb_view view_name="memberDiagnosisView" table_name="mbr_diag" table_as_name="a" field="displayOrderNumber" field_as_name="displayOrderNumber" key_indicator="0" />
</bb_viewsList>