<?xml version="1.0" encoding="UTF-8"?>
<bb_fieldsList>
    <bb_field field_name="approvedProcedureUnitCount" data_type="INTEGER" field_length="5" field_precision="0" descriptiontext="Approved Decision Procedure Unit Count" doubleclick_uri="" doubleclick="" uppercaseonly="0" field_xref="" field_name_physical="aprv_proc_unit_cnt"/>
    <bb_field field_name="aprvTreatmentRegimenVersionID" data_type="INTEGER" field_length="11" field_precision="0" descriptiontext="Approved Treatment Regimen Version ID" doubleclick_uri="" doubleclick="" uppercaseonly="0" field_xref="" field_name_physical="aprv_trt_rgmn_ver_id"/>
    <bb_field field_name="approvedUnitPerFrequencyCount" data_type="INTEGER" field_length="4" field_precision="0" descriptiontext="Approved Decision Unit Per Frequency Count" doubleclick_uri="" doubleclick="" uppercaseonly="0" field_xref="" field_name_physical="aprv_unit_per_freq_cnt"/>
    <bb_field field_name="authTypeID" data_type="VARCHAR" field_length="50" field_precision="0" descriptiontext="Authorization type" doubleclick_uri="" doubleclick="" uppercaseonly="0" field_xref="" field_name_physical="auth_typ_id"/>
    <bb_field field_name="assessmentSubjectUuid" data_type="VARCHAR" field_length="100" field_precision="0" descriptiontext="assement subject unique identifier" doubleclick_uri="" doubleclick="" uppercaseonly="0" field_xref="" field_name_physical="asmt_sbj_uuid"/>
    <bb_field field_name="assessmentTypeID" data_type="VARCHAR" field_length="10" field_precision="0" descriptiontext="Assessment Characteristic Type ID" doubleclick_uri="" doubleclick="" uppercaseonly="0" field_xref="" field_name_physical="asmt_typ_id"/>
    <bb_field field_name="assessmentSubTypeText" data_type="VARCHAR" field_length="50" field_precision="0" descriptiontext="Assessment sub-type" doubleclick_uri="" doubleclick="" uppercaseonly="0" field_xref="" field_name_physical="asmt_sub_typ_txt"/>
    <bb_field field_name="authState" data_type="VARCHAR" field_length="30" field_precision="0" descriptiontext="Inferred value for auth state in the AuthErrorReportView" doubleclick_uri="" doubleclick="" uppercaseonly="0" field_xref="" field_name_physical="authState"/>
    <bb_field field_name="authStatus" data_type="VARCHAR" field_length="30" field_precision="0" descriptiontext="Inferred value for auth status in the AuthErrorReportView" doubleclick_uri="" doubleclick="" uppercaseonly="0" field_xref="" field_name_physical="authStatus"/>
    <bb_field field_name="authSubmissionDate" data_type="DATE" field_length="10" field_precision="0" descriptiontext="Date when the authorization was submitted" doubleclick_uri="" doubleclick="" uppercaseonly="0" field_xref="" field_name_physical="auth_submt_dt"/>
    <bb_field field_name="autoAssignmentDescriptionType" data_type="VARCHAR" field_length="3" field_precision="0" descriptiontext="Identifier for auto assignments description types" doubleclick_uri="" doubleclick="" uppercaseonly="0" field_xref="" field_name_physical="auto_asgn_desc_typ_id"/>
    <bb_field field_name="behavioralHealthEpisodeID" data_type="BIGINT" field_length="15" field_precision="0" descriptiontext="Unique identifier of Behavioral Health Episode" doubleclick_uri="" doubleclick="" uppercaseonly="0" field_xref="" field_name_physical="bhv_hlth_epsd_id"/>
    <bb_field field_name="carrier" data_type="VARCHAR" field_length="30" field_precision="0" descriptiontext="Default value for carrier in the AuthErrorReportView" doubleclick_uri="" doubleclick="" uppercaseonly="0" field_xref="" field_name_physical="carrier"/>
    <bb_field field_name="cirrusBenefitBundleID" data_type="VARCHAR" field_length="30" field_precision="0" descriptiontext="Cirrus coverageSetID equivalent, coupled with cirrusBenefitBundleOptionID." doubleclick_uri="" doubleclick="" uppercaseonly="0" field_xref="" field_name_physical="cr_ben_bndl_id"/>
    <bb_field field_name="cirrusBenefitBundleName" data_type="VARCHAR" field_length="50" field_precision="0" descriptiontext="CirrusBenefitBundleID name" doubleclick_uri="" doubleclick="" uppercaseonly="0" field_xref="" field_name_physical="cr_ben_bndl_nm"/>
    <bb_field field_name="cirrusBenefitBundleOptionID" data_type="VARCHAR" field_length="30" field_precision="0" descriptiontext="Cirrus coverageSetID equivalent, coupled with cirrusBenefitBundleID." doubleclick_uri="" doubleclick="" uppercaseonly="0" field_xref="" field_name_physical="cr_ben_bndl_opt_id"/>
    <bb_field field_name="cirrusBenefitBundleOptionName" data_type="VARCHAR" field_length="80" field_precision="0" descriptiontext="CirrusBenefitBundleOptionID name" doubleclick_uri="" doubleclick="" uppercaseonly="0" field_xref="" field_name_physical="cr_ben_bndl_opt_nm"/>
    <bb_field field_name="cirrusBenefitPlanID" data_type="VARCHAR" field_length="30" field_precision="0" descriptiontext="Cirrus planVariationID equivalent." doubleclick_uri="" doubleclick="" uppercaseonly="0" field_xref="" field_name_physical="cr_ben_pln_id"/>
    <bb_field field_name="cirrusBenefitPlanName" data_type="VARCHAR" field_length="40" field_precision="0" descriptiontext="CirrusBenefitPlanID name." doubleclick_uri="" doubleclick="" uppercaseonly="0" field_xref="" field_name_physical="cr_ben_pln_nm"/>
    <bb_field field_name="cirrusNetworkScheduleIDType" data_type="VARCHAR" field_length="10" field_precision="0" descriptiontext="Cirrus marketType equivalent." doubleclick_uri="" doubleclick="" uppercaseonly="0" field_xref="" field_name_physical="cr_ntwk_sched_id_typ_id"/>
    <bb_field field_name="cirrusProductID" data_type="VARCHAR" field_length="30" field_precision="0" descriptiontext="Cirrus Product ID." doubleclick_uri="" doubleclick="" uppercaseonly="0" field_xref="" field_name_physical="cr_prdct_id"/>
    <bb_field field_name="cirrusProductName" data_type="VARCHAR" field_length="40" field_precision="0" descriptiontext="CirrusProductID name" doubleclick_uri="" doubleclick="" uppercaseonly="0" field_xref="" field_name_physical="cr_prdct_nm"/>
    <bb_field field_name="cirrusProviderAddressType" data_type="VARCHAR" field_length="7" field_precision="0" descriptiontext="Provider Address Type ID for CIRRUS" doubleclick_uri="" doubleclick="" uppercaseonly="0" field_xref="" field_name_physical="mdm_prov_adr_typ_id"/>
    <bb_field field_name="cirrusServiceAreaIDType" data_type="VARCHAR" field_length="30" field_precision="0" descriptiontext="Cirrus marketNumber equivalent" doubleclick_uri="" doubleclick="" uppercaseonly="0" field_xref="" field_name_physical="cr_srvc_area_id_typ_id"/>
    <bb_field field_name="cirrusCustomerPurchaseID" data_type="VARCHAR" field_length="50" field_precision="0" descriptiontext="Cirrus customer purchase Id" doubleclick_uri="" doubleclick="" uppercaseonly="0" field_xref="" field_name_physical="cr_cust_pchs_id"/>
    <bb_field field_name="cirrusBookOfBusinessTypeID" data_type="VARCHAR" field_length="2" field_precision="0" descriptiontext="Cirrus book of business type id" doubleclick_uri="" doubleclick="" uppercaseonly="0" field_xref="" field_name_physical="cr_bob_typ_id"/>
    <bb_field field_name="cirrusPlanOptionStartDate" data_type="DATE" field_length="10" field_precision="0" descriptiontext="Contract Option Start Date of Cirrus Coverage" doubleclick_uri="" doubleclick="" uppercaseonly="0" field_xref="" field_name_physical="cr_pln_opt_strt_dt"/>
    <bb_field field_name="cirrusPlanOptionEndDate" data_type="DATE" field_length="10" field_precision="0" descriptiontext="Contract Option End Date of Cirrus Coverage" doubleclick_uri="" doubleclick="" uppercaseonly="0" field_xref="" field_name_physical="cr_pln_opt_end_dt"/>
    <bb_field field_name="commentText" data_type="VARCHAR" field_length="256" field_precision="0" descriptiontext="HSC Document comment text" doubleclick_uri="" doubleclick="" uppercaseonly="0" field_xref="" field_name_physical="commt_txt"/>
    <bb_field field_name="contactSeqNum" data_type="SMALLINT" field_length="2" field_precision="0" descriptiontext="system generated sequence number that uniquely identifies a followup contact." doubleclick_uri="" doubleclick="" uppercaseonly="0" field_xref="" field_name_physical="cntc_seq_num"/>
    <bb_field field_name="creatorFirstName" data_type="VARCHAR" field_length="50" field_precision="0" descriptiontext="User First Name" doubleclick_uri="" doubleclick="" uppercaseonly="0" field_xref="" field_name_physical="creatorFirstName"/>
    <bb_field field_name="creatorLastName" data_type="VARCHAR" field_length="80" field_precision="0" descriptiontext="User Last Name" doubleclick_uri="" doubleclick="" uppercaseonly="0" field_xref="" field_name_physical="creatorLastName"/>
    <bb_field field_name="customerID" data_type="INTEGER" field_length="10" field_precision="0" descriptiontext="Customer ID " doubleclick_uri="" doubleclick="" uppercaseonly="0" field_xref="" field_name_physical="cust_id"/>
    <bb_field field_name="customerShortName" data_type="VARCHAR" field_length="50" field_precision="0" descriptiontext="Customers short name description" doubleclick_uri="" doubleclick="" uppercaseonly="0" field_xref="" field_name_physical="cust_shrt_nm"/>
    <bb_field field_name="customRequestReasonType" data_type="VARCHAR" field_length="2" field_precision="0" descriptiontext="Type ID for justification for custom regimen for decisions" doubleclick_uri="" doubleclick="" uppercaseonly="0" field_xref="" field_name_physical="cstm_rgmn_rqst_rsn_typ_id"/>
    <bb_field field_name="customTreatmentRegimenDesc" data_type="VARCHAR" field_length="1000" field_precision="0" descriptiontext="Justification for custom regimen" doubleclick_uri="" doubleclick="" uppercaseonly="0" field_xref="" field_name_physical="cstm_trt_rgmn_desc"/>
    <bb_field field_name="cycleCount" data_type="SMALLINT" field_length="2" field_precision="0" descriptiontext="Cycle Count" doubleclick_uri="" doubleclick="" uppercaseonly="0" field_xref="" field_name_physical="cyc_cnt"/>
    <bb_field field_name="cycleUnitDesc" data_type="VARCHAR" field_length="500" field_precision="0" descriptiontext="Regimen Version Cycle Count Description" doubleclick_uri="" doubleclick="" uppercaseonly="0" field_xref="" field_name_physical="cyc_cnt_desc"/>
    <bb_field field_name="decisionDate" data_type="VARCHAR" field_length="16" field_precision="0" descriptiontext="Formatted Decision Date (mm/dd/yyyy) for the Auth Error Report " doubleclick_uri="" doubleclick="" uppercaseonly="1" field_xref="" field_name_physical="decisionDate"/>
    <bb_field field_name="decisionID" data_type="VARCHAR" field_length="16" field_precision="0" descriptiontext="alternate id exposed to users on the UI to be user friendly, format is 'D'and exec_log_id.Usage -- To populate the NotificationEvaluationResponse and the QuestionnaireEvaluationResponse from the Decision Service webservice to B2C - To populate the QuestionnaireEvaluationRequest from B2C to the Decision Service webservice. - For the Rules data extract from HSR to C1 - For the Decision ID search in the Decision View - For all displays in the Decision View For the data propagation to downstream systems from B2C" doubleclick_uri="" doubleclick="" uppercaseonly="1" field_xref="" field_name_physical="decn_id"/>
    <bb_field field_name="defaultTextCriteriaID" data_type="INTEGER" field_length="9" field_precision="0" descriptiontext="default text criteria ID" doubleclick_uri="" doubleclick="" uppercaseonly="0" field_xref="" field_name_physical="dflt_txt_crit_id"/>
    <bb_field field_name="delegatedEntityInd" data_type="BOOLEAN" field_length="1" field_precision="0" descriptiontext="Indicates that care for this member is being handled by a delegated entity." doubleclick_uri="" doubleclick="" uppercaseonly="0" field_xref="" field_name_physical="dlgt_enty_ind"/>
    <bb_field field_name="diseaseState" data_type="VARCHAR" field_length="255" field_precision="0" descriptiontext="Disease State" doubleclick_uri="" doubleclick="" uppercaseonly="0" field_xref="" field_name_physical="dses_st"/>
    <bb_field field_name="diseaseTraversalID" data_type="INTEGER" field_length="11" field_precision="0" descriptiontext="Disease Traversal ID " doubleclick_uri="" doubleclick="" uppercaseonly="0" field_xref="" field_name_physical="dses_trvrs_id"/>
    <bb_field field_name="docFileName" data_type="VARCHAR" field_length="260" field_precision="0" descriptiontext="HSC Document file name" doubleclick_uri="" doubleclick="" uppercaseonly="0" field_xref="" field_name_physical="hsc_doc_req_attch_fl_nm"/>
    <bb_field field_name="documentRequestStatus" data_type="VARCHAR" field_length="10" field_precision="0" descriptiontext="HSC Document Request status" doubleclick_uri="" doubleclick="" uppercaseonly="0" field_xref="" field_name_physical="doc_req_sts_typ_id"/>
    <bb_field field_name="documentProcessingTimeMs" data_type="INTEGER" field_length="11" field_precision="0" descriptiontext="HSC Document Request processing time in ms" doubleclick_uri="" doubleclick="" uppercaseonly="0" field_xref="" field_name_physical="doc_req_proc_tm_ms"/>
    <bb_field field_name="episodeDate" data_type="VARCHAR" field_length="16" field_precision="0" descriptiontext="Formatted Auth Submission Date (mm/dd/yyyy) for the Auth Error Report " doubleclick_uri="" doubleclick="" uppercaseonly="1" field_xref="" field_name_physical="episodeDate"/>
    <bb_field field_name="estSrvcEndDt" data_type="DATE" field_length="10" field_precision="0" descriptiontext="Estimated Member Program Service End Date" doubleclick_uri="" doubleclick="" uppercaseonly="0" field_xref="" field_name_physical="est_srvc_end_dt"/>
    <bb_field field_name="estSrvcStartDt" data_type="DATE" field_length="10" field_precision="0" descriptiontext="Estimated Member Program Service Start Date" doubleclick_uri="" doubleclick="" uppercaseonly="0" field_xref="" field_name_physical="est_srvc_strt_dt"/>
    <bb_field field_name="faxExt" data_type="VARCHAR" field_length="5" field_precision="0" descriptiontext="Fax Extension Number" doubleclick_uri="" doubleclick="" uppercaseonly="0" field_xref="" field_name_physical="fax_ext_nbr"/>
    <bb_field field_name="fdsAttachmentId" data_type="VARCHAR" field_length="60" field_precision="0" descriptiontext="HSC Document's correlating FDS attachment ID" doubleclick_uri="" doubleclick="" uppercaseonly="0" field_xref="" field_name_physical="fds_attch_id"/>
    <bb_field field_name="fdsDocumentId" data_type="VARCHAR" field_length="30" field_precision="0" descriptiontext="HSC Document's correlating FDS document ID" doubleclick_uri="" doubleclick="" uppercaseonly="0" field_xref="" field_name_physical="fds_doc_id"/>
    <bb_field field_name="fileExtensionType" data_type="VARCHAR" field_length="10" field_precision="0" descriptiontext="HSC Document file extension type" doubleclick_uri="" doubleclick="" uppercaseonly="0" field_xref="" field_name_physical="fl_ext_typ_id"/>
    <bb_field field_name="fileSizeMBNumber" data_type="DECIMAL" field_length="9" field_precision="4" descriptiontext="HSC Document file size in MB" doubleclick_uri="" doubleclick="" uppercaseonly="0" field_xref="" field_name_physical="fl_sz_mb_nbr"/>
    <bb_field field_name="fileType" data_type="VARCHAR" field_length="100" field_precision="0" descriptiontext="HSC file content type" doubleclick_uri="" doubleclick="" uppercaseonly="0" field_xref="" field_name_physical="fl_typ_desc"/>
    <bb_field field_name="geneticTestingMedNecType" data_type="VARCHAR" field_length="1" field_precision="0" descriptiontext="Genetic Testing medical necessity indicator.  Values are ‘A’ – Authorization; ‘E’ – Excluded" doubleclick_uri="" doubleclick="" uppercaseonly="0" field_xref="" field_name_physical="gen_tst_med_necessity_typ_id"/>
    <bb_field field_name="hscAssessmentStatusType" data_type="VARCHAR" field_length="10" field_precision="0" descriptiontext="HSC Assessment Status Type" doubleclick_uri="" doubleclick="" uppercaseonly="0" field_xref="" field_name_physical="hsc_asmt_sts_typ_id"/>
    <bb_field field_name="hscAssessmentStatusReasonType" data_type="VARCHAR" field_length="10" field_precision="0" descriptiontext="HSC Assessment Status Reason Type" doubleclick_uri="" doubleclick="" uppercaseonly="0" field_xref="" field_name_physical="hsc_asmt_sts_rsn_typ_id"/>
    <bb_field field_name="hscAttributeID" data_type="BIGINT" field_length="9" field_precision="0" descriptiontext="HSC Attribute ID" doubleclick_uri="" doubleclick="" uppercaseonly="0" field_xref="" field_name_physical="hsc_atr_id"/>
    <bb_field field_name="hscAttributeType" data_type="VARCHAR" field_length="10" field_precision="0" descriptiontext="HSC Attribute Type ID" doubleclick_uri="" doubleclick="" uppercaseonly="0" field_xref="" field_name_physical="hsc_atr_typ_id"/>
    <bb_field field_name="hscAttributeValue" data_type="VARCHAR" field_length="300" field_precision="0" descriptiontext="HSC Attribute Value" doubleclick_uri="" doubleclick="" uppercaseonly="0" field_xref="" field_name_physical="hsc_atr_val"/>
    <bb_field field_name="hscComponentID" data_type="VARCHAR" field_length="50" field_precision="0" descriptiontext="HSC Component ID" doubleclick_uri="" doubleclick="" uppercaseonly="0" field_xref="" field_name_physical="hsc_cmpnt_id"/>
    <bb_field field_name="hscComponentStatusType" data_type="VARCHAR" field_length="10" field_precision="0" descriptiontext="HSC Component Status Type" doubleclick_uri="" doubleclick="" uppercaseonly="0" field_xref="" field_name_physical="hsc_cmpnt_sts_typ_id"/>
    <bb_field field_name="hscComponentType" data_type="VARCHAR" field_length="10" field_precision="0" descriptiontext="HSC Component Type" doubleclick_uri="" doubleclick="" uppercaseonly="0" field_xref="" field_name_physical="hsc_cmpnt_typ_id"/>
    <bb_field field_name="hscDocumentRequestID" data_type="BIGINT" field_length="9" field_precision="0" descriptiontext="HSC Component Type" doubleclick_uri="" doubleclick="" uppercaseonly="0" field_xref="" field_name_physical="hsc_doc_req_id"/>
    <bb_field field_name="hscDocumentRequestAttachmentID" data_type="BIGINT" field_length="9" field_precision="0" descriptiontext="HSC Component Type" doubleclick_uri="" doubleclick="" uppercaseonly="0" field_xref="" field_name_physical="hsc_doc_req_attch_id"/>
    <bb_field field_name="hscOverallStatusType" data_type="VARCHAR" field_length="10" field_precision="0" descriptiontext="HSC Overall Status Type" doubleclick_uri="" doubleclick="" uppercaseonly="0" field_xref="" field_name_physical="hscOverallStatusType"/>
    <bb_field field_name="hscOverallStatusDesc" data_type="VARCHAR" field_length="300" field_precision="0" descriptiontext="HSC Overall Status Description" doubleclick_uri="" doubleclick="" uppercaseonly="0" field_xref="" field_name_physical="hscOverallStatusDesc"/>
    <bb_field field_name="infoRequestDueDateTime" data_type="TIMESTAMP" field_length="14" field_precision="0" descriptiontext="Info Request Due Date Time" doubleclick_uri="" doubleclick="" uppercaseonly="0" field_xref="" field_name_physical="info_req_due_dttm"/>
    <bb_field field_name="lstMbrCoverageChangeDetectedDate" data_type="DATE" field_length="10" field_precision="0" descriptiontext="Last Member Coverage Change Detected Date" doubleclick_uri="" doubleclick="" uppercaseonly="0" field_xref="" field_name_physical="lst_mbr_cov_chg_detected_dt"/>
    <bb_field field_name="lengthOfCycleDesc" data_type="VARCHAR" field_length="1000" field_precision="0" descriptiontext="Regimen Version Length Of Cycle Description" doubleclick_uri="" doubleclick="" uppercaseonly="0" field_xref="" field_name_physical="len_of_cyc_desc"/>
    <bb_field field_name="mailedMethod" data_type="VARCHAR" field_length="20" field_precision="0" descriptiontext="Mailed Method text" doubleclick_uri="" doubleclick="" uppercaseonly="0" field_xref="" field_name_physical="mail_meth_txt"/>
    <bb_field field_name="mbrFullName" data_type="VARCHAR" field_length="200" field_precision="0" descriptiontext="Member Full Name" doubleclick_uri="" doubleclick="" uppercaseonly="0" field_xref="" field_name_physical="mbrFullName"/>
    <bb_field field_name="mbrConsndTypId" data_type="VARCHAR" field_length="10" field_precision="0" descriptiontext="Member Consent Type ID" doubleclick_uri="" doubleclick="" uppercaseonly="0" field_xref="" field_name_physical="mbr_consnd_typ_id"/>
    <bb_field field_name="medicalBenefitBundleOptionId" data_type="VARCHAR" field_length="30" field_precision="0" descriptiontext="Medical Benefit Bundle Option ID" doubleclick_uri="" doubleclick="" uppercaseonly="0" field_xref="" field_name_physical="med_ben_bun_opt_id"/>
    <bb_field field_name="medicationAdminRouteType" data_type="VARCHAR" field_length="2" field_precision="0" descriptiontext="Medicine Admin Route Type" doubleclick_uri="" doubleclick="" uppercaseonly="0" field_xref="" field_name_physical="medcn_admin_rte_typ_id"/>
    <bb_field field_name="mdmProviderAddressID" data_type="VARCHAR" field_length="19" field_precision="0" descriptiontext="Provider Address ID for CIRRUS" doubleclick_uri="" doubleclick="" uppercaseonly="0" field_xref="" field_name_physical="mdm_prov_adr_id"/>
    <bb_field field_name="mealType" data_type="VARCHAR" field_length="2" field_precision="0" descriptiontext="Meal Type Service" doubleclick_uri="" doubleclick="" uppercaseonly="0" field_xref="" field_name_physical="meal_typ_id"/>
    <bb_field field_name="memberAgeGroup" data_type="VARCHAR" field_length="10" field_precision="0" descriptiontext="Member age group type ID" doubleclick_uri="" doubleclick="" uppercaseonly="0" field_xref="" field_name_physical="mbr_age_grp_typ_id"/>
    <bb_field field_name="mmpInd" data_type="BOOLEAN" field_length="1" field_precision="0" descriptiontext="Medicare/Medicaid Plans Indicator" doubleclick_uri="" doubleclick="" uppercaseonly="0" field_xref="" field_name_physical="mmp_ind"/>
    <bb_field field_name="ndbAddressSequenceNumber" data_type="BIGINT" field_length="9" field_precision="0" descriptiontext="NDB Address Sequence Number" doubleclick_uri="" doubleclick="" uppercaseonly="0" field_xref="" field_name_physical="ndb_adr_seq_nbr"/>
    <bb_field field_name="ndbMpin" data_type="VARCHAR" field_length="20" field_precision="0" descriptiontext="NDB Mpin ID" doubleclick_uri="" doubleclick="" uppercaseonly="0" field_xref="" field_name_physical="ndb_mpin"/>
    <bb_field field_name="nonPreferredAdminRouteInd" data_type="BOOLEAN" field_length="1" field_precision="0" descriptiontext="Non Preferred Admin Route Indicator" doubleclick_uri="" doubleclick="" uppercaseonly="0" field_xref="" field_name_physical="non_pref_adm_rt_ind"/>
    <bb_field field_name="originalFileFDSAttachmentID" data_type="VARCHAR" field_length="60" field_precision="0" descriptiontext="HSC Component Type" doubleclick_uri="" doubleclick="" uppercaseonly="0" field_xref="" field_name_physical="orig_fl_fds_attch_id"/>
    <bb_field field_name="overrideAssessmentSubjectUuid" data_type="VARCHAR" field_length="100" field_precision="0" descriptiontext="the old assessment subject uuid that is deprecated" doubleclick_uri="" doubleclick="" uppercaseonly="0" field_xref="" field_name_physical="ovrd_asmt_sbj_uuid"/>
    <bb_field field_name="patientDOB" data_type="VARCHAR" field_length="16" field_precision="0" descriptiontext="Formatted Member DOB (mm/dd/yyyy) for the Auth Error Report " doubleclick_uri="" doubleclick="" uppercaseonly="1" field_xref="" field_name_physical="patientDOB"/>
    <bb_field field_name="perCycleDayCount" data_type="SMALLINT" field_length="2" field_precision="0" descriptiontext="Per Cycle Day Count" doubleclick_uri="" doubleclick="" uppercaseonly="0" field_xref="" field_name_physical="per_cyc_day_cnt"/>
    <bb_field field_name="preferredDrugInd" data_type="BOOLEAN" field_length="1" field_precision="0" descriptiontext="Preferred Drug Indicator" doubleclick_uri="" doubleclick="" uppercaseonly="0" field_xref="" field_name_physical="pref_drug_ind"/>
    <bb_field field_name="primaryPhoneExt" data_type="VARCHAR" field_length="5" field_precision="0" descriptiontext="Primary Telephone Extension" doubleclick_uri="" doubleclick="" uppercaseonly="0" field_xref="" field_name_physical="pri_tel_ext_nbr"/>
    <bb_field field_name="procedureFrequencyDesc" data_type="VARCHAR" field_length="300" field_precision="0" descriptiontext="Procedure Frequency Description" doubleclick_uri="" doubleclick="" uppercaseonly="0" field_xref="" field_name_physical="proc_freq_desc"/>
    <bb_field field_name="procCategoryType" data_type="VARCHAR" field_length="10" field_precision="0" descriptiontext="Procedure Category Type ID" doubleclick_uri="" doubleclick="" uppercaseonly="0" field_xref="" field_name_physical="proc_catgy_typ_id"/>
    <bb_field field_name="procDayPerCycleDesc" data_type="VARCHAR" field_length="300" field_precision="0" descriptiontext="Procedure Days Per Cycle Description" doubleclick_uri="" doubleclick="" uppercaseonly="0" field_xref="" field_name_physical="proc_day_per_cyc_desc"/>
    <bb_field field_name="procDurationDesc" data_type="VARCHAR" field_length="1000" field_precision="0" descriptiontext="Regimen Version Procedure Unit Description" doubleclick_uri="" doubleclick="" uppercaseonly="0" field_xref="" field_name_physical="proc_dur_desc"/>
    <bb_field field_name="procDurationPerFrequencyMinCount" data_type="SMALLINT" field_length="2" field_precision="0" descriptiontext="Procedure Duration Per Frequency Minimum Count" doubleclick_uri="" doubleclick="" uppercaseonly="0" field_xref="" field_name_physical="proc_dur_per_freq_mn_cnt"/>
    <bb_field field_name="procUnitDesc" data_type="VARCHAR" field_length="300" field_precision="0" descriptiontext="Regimen Version Procedure Unit Description" doubleclick_uri="" doubleclick="" uppercaseonly="0" field_xref="" field_name_physical="proc_unit_desc"/>
    <bb_field field_name="program" data_type="VARCHAR" field_length="30" field_precision="0" descriptiontext="Default value for program in AuthErrorReportView" doubleclick_uri="" doubleclick="" uppercaseonly="0" field_xref="" field_name_physical="program"/>
    <bb_field field_name="providerInfoRequestTypeId" data_type="VARCHAR" field_length="2" field_precision="0" descriptiontext="Ref data to differentiate Review Request and Specialty Ops Request" doubleclick_uri="" doubleclick="" uppercaseonly="0" field_xref="" field_name_physical="prov_info_req_typ_id"/>
    <bb_field field_name="providerGroupNumber" data_type="VARCHAR" field_length="6" field_precision="0" descriptiontext="Provider Group Number" doubleclick_uri="" doubleclick="" uppercaseonly="0" field_xref="" field_name_physical="prov_grp_nbr"/>
    <bb_field field_name="providerNameToDisplay" data_type="VARCHAR" field_length="130" field_precision="0" descriptiontext="Provider name" doubleclick_uri="" doubleclick="" uppercaseonly="0" field_xref="" field_name_physical=""/>
    <bb_field field_name="respondToContactName" data_type="VARCHAR" field_length="80" field_precision="0" descriptiontext="Respond To Person Contact Name" doubleclick_uri="" doubleclick="" uppercaseonly="0" field_xref="" field_name_physical="rspn_cntc_nm"/>
    <bb_field field_name="responseUrgencyType" data_type="VARCHAR" field_length="2" field_precision="0" descriptiontext="Response urgency type" doubleclick_uri="" doubleclick="" uppercaseonly="0" field_xref="" field_name_physical="rspn_urgncy_typ_id"/>
    <bb_field field_name="reviewRequestSendType" data_type="VARCHAR" field_length="1" field_precision="0" descriptiontext="Send Type for RightFax" doubleclick_uri="" doubleclick="" uppercaseonly="0" field_xref="" field_name_physical="info_req_snd_typ_id"/>
    <bb_field field_name="reqCustomTreatmentRegimenInd" data_type="BOOLEAN" field_length="1" field_precision="0" descriptiontext="Req Treatment Regimen Ind" doubleclick_uri="" doubleclick="" uppercaseonly="0" field_xref="" field_name_physical="req_cstm_trt_rgmn_ind"/>
    <bb_field field_name="reqProviderBusinessName" data_type="VARCHAR" field_length="80" field_precision="0" descriptiontext="Requesting Provider Business Name" doubleclick_uri="" doubleclick="" uppercaseonly="0" field_xref="" field_name_physical="reqProviderBusinessName"/>
    <bb_field field_name="reqProviderFullName" data_type="VARCHAR" field_length="138" field_precision="0" descriptiontext="Requesting Provider Fullname" doubleclick_uri="" doubleclick="" uppercaseonly="0" field_xref="" field_name_physical="reqProviderFullName"/>
    <bb_field field_name="reqProviderFullAddress" data_type="VARCHAR" field_length="300" field_precision="0" descriptiontext="Requesting Provider Full Address" doubleclick_uri="" doubleclick="" uppercaseonly="0" field_xref="" field_name_physical="reqProviderFullAddress"/>
    <bb_field field_name="reqProviderFullName" data_type="VARCHAR" field_length="138" field_precision="0" descriptiontext="Requesting Provider Fullname" doubleclick_uri="" doubleclick="" uppercaseonly="0" field_xref="" field_name_physical="reqProviderFullName"/>
    <bb_field field_name="reqProviderNdbMPIN" data_type="VARCHAR" field_length="9" field_precision="0" descriptiontext="Requesting Provider NDB MPIN" doubleclick_uri="" doubleclick="" uppercaseonly="0" field_xref="" field_name_physical="reqProviderNdbMPIN"/>
    <bb_field field_name="reqProviderNPI" data_type="VARCHAR" field_length="30" field_precision="0" descriptiontext="Requesting Provider NPI" doubleclick_uri="" doubleclick="" uppercaseonly="0" field_xref="" field_name_physical="reqProviderNPI"/>
    <bb_field field_name="reqProviderTIN" data_type="VARCHAR" field_length="10" field_precision="0" descriptiontext="Requesting Provider TIN" doubleclick_uri="" doubleclick="" uppercaseonly="0" field_xref="" field_name_physical="reqProviderTIN"/>
    <bb_field field_name="reqTreatmentRegimenVersionID" data_type="INTEGER" field_length="11" field_precision="0" descriptiontext="Req Treatment Regimen Version ID" doubleclick_uri="" doubleclick="" uppercaseonly="0" field_xref="" field_name_physical="req_trt_rgmn_ver_id"/>
    <bb_field field_name="rightLogoImageID" data_type="INTEGER" field_length="4" field_precision="0" descriptiontext="Right logo image id" doubleclick_uri="" doubleclick="" uppercaseonly="0" field_xref="" field_name_physical="rht_logo_img_id"/>
    <bb_field field_name="sendIndicator" data_type="BOOLEAN" field_length="1" field_precision="0" descriptiontext="Send Indicator" doubleclick_uri="" doubleclick="" uppercaseonly="0" field_xref="" field_name_physical="snd_ind"/>
    <bb_field field_name="sendOxfordFaxInd" data_type="BOOLEAN" field_length="1" field_precision="0" descriptiontext="Send Oxford FAX Indicator" doubleclick_uri="" doubleclick="" uppercaseonly="0" field_xref="" field_name_physical="snd_oxford_fax_ind"/>
    <bb_field field_name="reqProviderFirstName" data_type="VARCHAR" field_length="50" field_precision="0" descriptiontext="First name of individual person name of a provider." doubleclick_uri="" doubleclick="" uppercaseonly="0" field_xref="" field_name_physical="reqProviderFirstName"/>
    <bb_field field_name="reqProviderLastName" data_type="VARCHAR" field_length="80" field_precision="0" descriptiontext="Last name of individual person name of a provider." doubleclick_uri="" doubleclick="" uppercaseonly="0" field_xref="" field_name_physical="reqProviderLastName"/>
    <bb_field field_name="reqProviderMiddleName" data_type="VARCHAR" field_length="40" field_precision="0" descriptiontext="Middle Name of individual person name of a provider." doubleclick_uri="" doubleclick="" uppercaseonly="0" field_xref="" field_name_physical="reqProviderMiddleName"/>
    <bb_field field_name="serProviderFirstName" data_type="VARCHAR" field_length="50" field_precision="0" descriptiontext="First name of individual person name of a provider." doubleclick_uri="" doubleclick="" uppercaseonly="0" field_xref="" field_name_physical="serProviderFirstName"/>
    <bb_field field_name="serProviderFullAddress" data_type="VARCHAR" field_length="300" field_precision="0" descriptiontext="Servicing Provider Full Address" doubleclick_uri="" doubleclick="" uppercaseonly="0" field_xref="" field_name_physical="serProviderFullAddress"/>
    <bb_field field_name="serProviderFullName" data_type="VARCHAR" field_length="138" field_precision="0" descriptiontext="Servicing Provider Fullname" doubleclick_uri="" doubleclick="" uppercaseonly="0" field_xref="" field_name_physical="serProviderFullName"/>
    <bb_field field_name="serProviderLastName" data_type="VARCHAR" field_length="80" field_precision="0" descriptiontext="Last name of individual person name of a provider." doubleclick_uri="" doubleclick="" uppercaseonly="0" field_xref="" field_name_physical="serProviderLastName"/>
    <bb_field field_name="serProviderMiddleName" data_type="VARCHAR" field_length="40" field_precision="0" descriptiontext="Middle Name of individual person name of a provider." doubleclick_uri="" doubleclick="" uppercaseonly="0" field_xref="" field_name_physical="serProviderMiddleName"/>
    <bb_field field_name="serProviderNdbMPIN" data_type="VARCHAR" field_length="9" field_precision="0" descriptiontext="Servicing Provider NDB MPIN" doubleclick_uri="" doubleclick="" uppercaseonly="0" field_xref="" field_name_physical="serProviderNdbMPIN"/>
    <bb_field field_name="serProviderNPI" data_type="VARCHAR" field_length="30" field_precision="0" descriptiontext="Servicing Provider NPI" doubleclick_uri="" doubleclick="" uppercaseonly="0" field_xref="" field_name_physical="serProviderNPI"/>
    <bb_field field_name="serProviderTIN" data_type="VARCHAR" field_length="10" field_precision="0" descriptiontext="Servicing Provider TIN" doubleclick_uri="" doubleclick="" uppercaseonly="0" field_xref="" field_name_physical="serProviderTIN"/>
    <bb_field field_name="serviceCount" data_type="SMALLINT" field_length="2" field_precision="0" descriptiontext="Service Count" doubleclick_uri="" doubleclick="" uppercaseonly="0" field_xref="" field_name_physical="srvc_cnt"/>
    <bb_field field_name="servicePlanName" data_type="VARCHAR" field_length="200" field_precision="0" descriptiontext="Name of service plan" doubleclick_uri="" doubleclick="" uppercaseonly="0" field_xref="" field_name_physical="srvc_pln_nm"/>
    <bb_field field_name="specialtyTypeCirrus" data_type="VARCHAR" field_length="10" field_precision="0" descriptiontext="Specialty Type Cirrus" doubleclick_uri="" doubleclick="" uppercaseonly="0" field_xref="" field_name_physical="prov_taxonomy_cd"/>
    <bb_field field_name="specialUserReviewType" data_type="VARCHAR" field_length="10" field_precision="0" descriptiontext="Special User Review or Reviewer Group for HSC table" doubleclick_uri="" doubleclick="" uppercaseonly="0" field_xref="" field_name_physical="spcl_user_rev_typ_id"/>
    <bb_field field_name="specialtyProcedureID" data_type="INTEGER" field_length="11" field_precision="0" descriptiontext="Specialty Procedure ID" doubleclick_uri="" doubleclick="" uppercaseonly="0" field_xref="" field_name_physical="spec_proc_id"/>
    <bb_field field_name="srvcStartDate" data_type="VARCHAR" field_length="16" field_precision="0" descriptiontext="Formatted Service Start Date (mm/dd/yyyy) for the Auth Error Report " doubleclick_uri="" doubleclick="" uppercaseonly="1" field_xref="" field_name_physical="srvcStartDate"/>
    <bb_field field_name="srvcEndDate" data_type="VARCHAR" field_length="16" field_precision="0" descriptiontext="Formatted Service End Date (mm/dd/yyyy) for the Auth Error Report " doubleclick_uri="" doubleclick="" uppercaseonly="1" field_xref="" field_name_physical="srvcEndDate"/>
    <bb_field field_name="stepperLocation" data_type="VARCHAR" field_length="10" field_precision="0" descriptiontext="Stepper Location - used in hscComponentType" doubleclick_uri="" doubleclick="" uppercaseonly="0" field_xref="" field_name_physical=""/>
    <bb_field field_name="stepperStatus" data_type="VARCHAR" field_length="10" field_precision="0" descriptiontext="Stepper Status - used in hscComponentStatusType" doubleclick_uri="" doubleclick="" uppercaseonly="0" field_xref="" field_name_physical=""/>
    <bb_field field_name="tatRsetCount" data_type="SMALLINT" field_length="2" field_precision="0" descriptiontext="Tat Reset Count" doubleclick_uri="" doubleclick="" uppercaseonly="0" field_xref="" field_name_physical="tat_rset_cnt"/>
    <bb_field field_name="tatUnitCount" data_type="SMALLINT" field_length="2" field_precision="0" descriptiontext="Tat Unit Count" doubleclick_uri="" doubleclick="" uppercaseonly="0" field_xref="" field_name_physical="tat_unit_cnt"/>
    <bb_field field_name="topsTieredPlanSetup" data_type="VARCHAR" field_length="20" field_precision="0" descriptiontext="TOPS Tiered Plan Setup" doubleclick_uri="" doubleclick="" uppercaseonly="0" field_xref="" field_name_physical="contr_tier_cd"/>
    <bb_field field_name="therapyType" data_type="VARCHAR" field_length="10" field_precision="0" descriptiontext="Therapy Type" doubleclick_uri="" doubleclick="" uppercaseonly="0" field_xref="" field_name_physical="trpy_typ_id"/>
    <bb_field field_name="treatmentSuppCareProcedureID" data_type="INTEGER" field_length="11" field_precision="0" descriptiontext="Treatment Supportive Care Procedure ID" doubleclick_uri="" doubleclick="" uppercaseonly="0" field_xref="" field_name_physical="trt_sc_proc_id"/>
    <bb_field field_name="uhpdInd" data_type="VARCHAR" field_length="20" field_precision="0" descriptiontext="UHPD Indicator" doubleclick_uri="" doubleclick="" uppercaseonly="0" field_xref="" field_name_physical="uhpd_tier_cd"/>
    <bb_field field_name="umDelegatedDerivationInd" data_type="BOOLEAN" field_length="1" field_precision="0" descriptiontext="Um Delegated Derivation Indicator" doubleclick_uri="" doubleclick="" uppercaseonly="0" field_xref="" field_name_physical="um_dlgt_deriv_ind"/>
    <bb_field field_name="units" data_type="VARCHAR" field_length="30" field_precision="0" descriptiontext="Default value for units in the AuthErrorReportView" doubleclick_uri="" doubleclick="" uppercaseonly="0" field_xref="" field_name_physical="units"/>
    <bb_field field_name="unitOfMeasureType" data_type="VARCHAR" field_length="10" field_precision="0" descriptiontext="Unit of Measurement" doubleclick_uri="" doubleclick="" uppercaseonly="0" field_xref="" field_name_physical="uom_typ_id"/>
    <bb_field field_name="measurementValueDescription" data_type="VARCHAR" field_length="100" field_precision="0" descriptiontext="Measurement Value" doubleclick_uri="" doubleclick="" uppercaseonly="0" field_xref="" field_name_physical="msr_val_desc"/>
    <bb_field field_name="numberOfJoints" data_type="INTEGER" field_length="4" field_precision="0" descriptiontext="Number Of Joints" doubleclick_uri="" doubleclick="" uppercaseonly="0" field_xref="" field_name_physical="nbr_of_joints"/>
    <bb_field field_name="frequencyOfDosage" data_type="INTEGER" field_length="11" field_precision="0" descriptiontext="Frequency of Dosage" doubleclick_uri="" doubleclick="" uppercaseonly="0" field_xref="" field_name_physical="freq_of_dosage"/>
    <bb_field field_name="totalDosageCount" data_type="INTEGER" field_length="11" field_precision="0" descriptiontext="Total Dosage Count" doubleclick_uri="" doubleclick="" uppercaseonly="0" field_xref="" field_name_physical="tot_dosage_cnt"/>
    <bb_field field_name="dosageRoundingInd" data_type="BOOLEAN" field_length="1" field_precision="0" descriptiontext="Drug dosage rounding trigger indicator" doubleclick_uri="" doubleclick="" uppercaseonly="0" field_xref="" field_name_physical="dos_rnd_ind"/>
    <bb_field field_name="dosageAcceptInd" data_type="BOOLEAN" field_length="1" field_precision="0" descriptiontext="Drug dosage rounding Accepted/Rejected" doubleclick_uri="" doubleclick="" uppercaseonly="0" field_xref="" field_name_physical="dos_rnd_acpt"/>
    <bb_field field_name="dosageRoundingReasonTypeID" data_type="VARCHAR" field_length="2" field_precision="0" descriptiontext="Drug dosage rounding indicator reason" doubleclick_uri="" doubleclick="" uppercaseonly="0" field_xref="" field_name_physical="dos_rnd_rsn_typ_id"/>
    <bb_field field_name="roundedDosage" data_type="DECIMAL" field_length="12" field_precision="2" descriptiontext="Drug Dosage Rounding Value" doubleclick_uri="" doubleclick="" uppercaseonly="0" field_xref="" field_name_physical="dos_rnd_val"/>
    <bb_field field_name="totalBillableUnits" data_type="DECIMAL" field_length="12" field_precision="2" descriptiontext="Total Billable HCPCS Units" doubleclick_uri="" doubleclick="" uppercaseonly="0" field_xref="" field_name_physical="ttl_bill_unit"/>
    <bb_field field_name="dosageEditReason" data_type="VARCHAR" field_length="10" field_precision="0" descriptiontext="Reason for Editing the Drug Dosage" doubleclick_uri="" doubleclick="" uppercaseonly="0" field_xref="" field_name_physical="dos_edit_rsn"/>
    <bb_field field_name="socDosageTrimInd" data_type="BOOLEAN" field_length="1" field_precision="0" descriptiontext="SOC Dosage trim indicator" doubleclick_uri="" doubleclick="" uppercaseonly="0" field_xref="" field_name_physical="soc_dos_trm_ind"/>
    <bb_field field_name="seasonalInd" data_type="BOOLEAN" field_length="1" field_precision="0" descriptiontext="Seasonal indicator" doubleclick_uri="" doubleclick="" uppercaseonly="0" field_xref="" field_name_physical="seasonal_ind"/>
    <bb_field field_name="justTypeId" data_type="VARCHAR" field_length="10" field_precision="0" descriptiontext="Justification Type Id" doubleclick_uri="" doubleclick="" uppercaseonly="0" field_xref="" field_name_physical="just_typ_id"/>
    <bb_field field_name="resourceDetails" data_type="VARCHAR" field_length="500" field_precision="0" descriptiontext="Note about a Resource that was reached for a HSC Detail." doubleclick_uri="" doubleclick="" uppercaseonly="0" field_xref="" field_name_physical="resour_dtls_txt"/>
    <bb_field field_name="benefitTypeID" data_type="VARCHAR" field_length="10" field_precision="0" descriptiontext="Benefit Type ID that drives the type of benefit" doubleclick_uri="" doubleclick="" uppercaseonly="0" field_xref="" field_name_physical="benefit_typ_id"/>
    <bb_field field_name="benefitIndicator" data_type="VARCHAR" field_length="10" field_precision="0" descriptiontext="Benefit Indicator to determine benefit type at authorization level" doubleclick_uri="" doubleclick="" uppercaseonly="0" field_xref="" field_name_physical="benefit_ind"/>
    <bb_field field_name="hscCustomReasonID" data_type="BIGINT" field_length="15" field_precision="0" descriptiontext="Unique identifier for a Health Service Case Custom Reason" doubleclick_uri="" doubleclick="" uppercaseonly="0" field_xref="" field_name_physical="hsc_custom_reason_id"/>
    <bb_field field_name="customReasonTypeID" data_type="INTEGER" field_length="5" field_precision="0" descriptiontext="Custom Reason Type ID" doubleclick_uri="" doubleclick="" uppercaseonly="0" field_xref="" field_name_physical="custom_reason_typ_id"/>
    <bb_field field_name="notes" data_type="VARCHAR" field_length="300" field_precision="0" descriptiontext="Notes for a Custom Reason" doubleclick_uri="" doubleclick="" uppercaseonly="0" field_xref="" field_name_physical="notes"/>
    <bb_field field_name="treatmentGuidelineType" data_type="VARCHAR" field_length="10" field_precision="0" descriptiontext="Treatment Guideline Type" doubleclick_uri="" doubleclick="" uppercaseonly="0" field_xref="" field_name_physical="trt_guid_typ_id"/>
    <bb_field field_name="treatmentRegimenName" data_type="VARCHAR" field_length="300" field_precision="0" descriptiontext="Treatment Regimen Name" doubleclick_uri="" doubleclick="" uppercaseonly="0" field_xref="" field_name_physical="trt_rgmn_nm"/>
    <bb_field field_name="payer" data_type="VARCHAR" field_length="2" field_precision="0" descriptiontext="Payer" doubleclick_uri="" doubleclick="" uppercaseonly="0" field_xref="" field_name_physical="payer"/>
    <bb_field field_name="pathwayShown" data_type="BOOLEAN" field_length="1" field_precision="0" descriptiontext="Pathway Shown" doubleclick_uri="" doubleclick="" uppercaseonly="0" field_xref="" field_name_physical="pathwy_shwn"/>
    <bb_field field_name="treatmentRegimenID" data_type="INTEGER" field_length="11" field_precision="0" descriptiontext="Treatment Regimen ID" doubleclick_uri="" doubleclick="" uppercaseonly="0" field_xref="" field_name_physical="trt_rgmn_id"/>
    <bb_field field_name="autoApproveInd" data_type="BOOLEAN" field_length="1" field_precision="0" descriptiontext="Auto Approve" doubleclick_uri="" doubleclick="" uppercaseonly="0" field_xref="" field_name_physical="auto_apprv_ind"/>
    <bb_field field_name="preferredPathway" data_type="VARCHAR" field_length="2" field_precision="0" descriptiontext="Preferred Pathway" doubleclick_uri="" doubleclick="" uppercaseonly="0" field_xref="" field_name_physical="pref_pathwy"/>
    <bb_field field_name="clinicalVariableDescription" data_type="VARCHAR" field_length="1000" field_precision="0" descriptiontext="Clinical Variable Description" doubleclick_uri="" doubleclick="" uppercaseonly="0" field_xref="" field_name_physical="clin_var_desc"/>
    <bb_field field_name="treatmentRegimenVersionID" data_type="INTEGER" field_length="11" field_precision="0" descriptiontext="Treatment Regimen Version ID" doubleclick_uri="" doubleclick="" uppercaseonly="0" field_xref="" field_name_physical="trt_rgmn_ver_id"/>
    <bb_field field_name="automaticAuthorizationInd" data_type="BOOLEAN" field_length="1" field_precision="0" descriptiontext="Automatic Authorization Indicator" doubleclick_uri="" doubleclick="" uppercaseonly="0" field_xref="" field_name_physical="auto_auth_ind"/>
    <bb_field field_name="decnClinicalRespCatgryId" data_type="BIGINT" field_length="19" field_precision="0" descriptiontext="Decision Clinical Response Category Id" doubleclick_uri="" doubleclick="" uppercaseonly="0" field_xref="" field_name_physical="decn_clin_resp_catgy_id"/>
    <bb_field field_name="responseRsnSeqNum" data_type="SMALLINT" field_length="6" field_precision="0" descriptiontext="Response Reason Sequence Number" doubleclick_uri="" doubleclick="" uppercaseonly="0" field_xref="" field_name_physical="resp_rsn_seq_nbr"/>
    <bb_field field_name="responseRsnLvl" data_type="SMALLINT" field_length="1" field_precision="0" descriptiontext="Response Reason Level" doubleclick_uri="" doubleclick="" uppercaseonly="0" field_xref="" field_name_physical="resp_rsn_lvl"/>
    <bb_field field_name="responseRsnVal" data_type="INTEGER" field_length="11" field_precision="0" descriptiontext="Response Reason Value" doubleclick_uri="" doubleclick="" uppercaseonly="0" field_xref="" field_name_physical="resp_rsn_val"/>
    <bb_field field_name="activeIndicator" data_type="VARCHAR" field_length="1" field_precision="0" descriptiontext="Active Indicator" doubleclick_uri="" doubleclick="" uppercaseonly="0" field_xref="" field_name_physical="actv_ind"/>
    <bb_field field_name="hscSubmittedDate" data_type="VARCHAR" field_length="25" field_precision="0" descriptiontext="Initial submission date for an authorization" doubleclick_uri="" doubleclick="" uppercaseonly="0" field_xref="" field_name_physical="hscSubmittedDate"/>
    <bb_field field_name="providerTypeCode" data_type="VARCHAR" field_length="20" field_precision="0" descriptiontext="Provider TIN Type Code for Cirrus Providers." doubleclick_uri="" doubleclick="" uppercaseonly="0" field_xref="" field_name_physical="tax_id_typ_cd"/>
    <bb_field field_name="addressTypeCode" data_type="VARCHAR" field_length="20" field_precision="0" descriptiontext="Address Type Code for Cirrus Providers." doubleclick_uri="" doubleclick="" uppercaseonly="0" field_xref="" field_name_physical="mdm_adr_typ_cd"/>
    <bb_field field_name="mdmProviderID" data_type="VARCHAR" field_length="25" field_precision="0" descriptiontext="Provider ID for Cirrus Providers." doubleclick_uri="" doubleclick="" uppercaseonly="0" field_xref="" field_name_physical="mdm_prov_id"/>
    <bb_field field_name="mdmProviderAddressID" data_type="VARCHAR" field_length="19" field_precision="0" descriptiontext="Address ID for Cirrus Providers." doubleclick_uri="" doubleclick="" uppercaseonly="0" field_xref="" field_name_physical="mdm_prov_adr_id"/>
    <bb_field field_name="scoreTypeID" data_type="VARCHAR" field_length="200" field_precision="0" descriptiontext="List of score Id for a hscID i.e neck, back etc." doubleclick_uri="" doubleclick="" uppercaseonly="0" field_xref="" field_name_physical="scoreTypeID"/>
    <bb_field field_name="scores" data_type="VARCHAR" field_length="200" field_precision="0" descriptiontext="List of score values for a hscID" doubleclick_uri="" doubleclick="" uppercaseonly="0" field_xref="" field_name_physical="scores"/>
    <bb_field field_name="numberOfVisitAuth" data_type="VARCHAR" field_length="10" field_precision="0" descriptiontext="Number of visit authorization" doubleclick_uri="" doubleclick="" uppercaseonly="0" field_xref="" field_name_physical="numberOfVisitAuth"/>
    <bb_field field_name="hscSubmitStatus" data_type="VARCHAR" field_length="1" field_precision="0" descriptiontext="Initial submission status for an authorization" doubleclick_uri="" doubleclick="" uppercaseonly="0" field_xref="" field_name_physical="hscSubmitStatus"/>
    <bb_field field_name="respRsnValues" data_type="VARCHAR" field_length="50" field_precision="0" descriptiontext="List of primary responses for a hscID" doubleclick_uri="" doubleclick="" uppercaseonly="0" field_xref="" field_name_physical="respRsnValues"/>
    <bb_field field_name="lob" data_type="VARCHAR" field_length="300" field_precision="0" descriptiontext="Line of BusinessType" doubleclick_uri="" doubleclick="" uppercaseonly="0" field_xref="" field_name_physical="lob"/>
    <bb_field field_name="requestingPhysician" data_type="VARCHAR" field_length="131" field_precision="0" descriptiontext="Requesting Provider Business Name and First and Last Name" doubleclick_uri="" doubleclick="" uppercaseonly="0" field_xref="" field_name_physical="requesting_physican"/>
    <bb_field field_name="requestingProvPhone" data_type="VARCHAR" field_length="20" field_precision="0" descriptiontext="Requesting Provider Primary Phone" doubleclick_uri="" doubleclick="" uppercaseonly="0" field_xref="" field_name_physical="requesting_prov_phone"/>
    <bb_field field_name="requestingProvFax" data_type="VARCHAR" field_length="20" field_precision="0" descriptiontext="Requesting Provider Primary Fax" doubleclick_uri="" doubleclick="" uppercaseonly="0" field_xref="" field_name_physical="requesting_prov_fax"/>
    <bb_field field_name="memberPhone" data_type="VARCHAR" field_length="300" field_precision="0" descriptiontext="Member Primary Phone" doubleclick_uri="" doubleclick="" uppercaseonly="0" field_xref="" field_name_physical="member_phone"/>
    <bb_field field_name="overallStatus" data_type="VARCHAR" field_length="300" field_precision="0" descriptiontext="Overall Status of HSC" doubleclick_uri="" doubleclick="" uppercaseonly="0" field_xref="" field_name_physical="overall_status"/>
    <bb_field field_name="outboundSystemTypeID" data_type="VARCHAR" field_length="10" field_precision="0" descriptiontext="Outbound System Type ID" doubleclick_uri="" doubleclick="" uppercaseonly="0" field_xref="" field_name_physical="outbound_sys_typ_id"/>
    <bb_field field_name="ipaNumber" data_type="VARCHAR" field_length="10" field_precision="0" descriptiontext="IPA Number" doubleclick_uri="" doubleclick="" uppercaseonly="0" field_xref="" field_name_physical="ipa_nbr"/>
    <bb_field field_name="contractSiteCode" data_type="VARCHAR" field_length="10" field_precision="0" descriptiontext="Contract Site Code" doubleclick_uri="" doubleclick="" uppercaseonly="0" field_xref="" field_name_physical="cntrct_site_cd"/>
    <bb_field field_name="providerDEA" data_type="VARCHAR" field_length="10" field_precision="0" descriptiontext="Provider DEA Number" doubleclick_uri="" doubleclick="" uppercaseonly="0" field_xref="" field_name_physical="dea_nbr"/>
</bb_fieldsList>
