<?xml version="1.0" encoding="UTF-8"?>
<bb_indicesList>
    <bb_index index_name="hsc_idx8" sort="1" table_name="hsc" field_name="hscID" order_by="ASC" unique_indicator="0" function="" num_partitions="0"/>
    <bb_index index_name="hsc_idx8" sort="2" table_name="hsc" field_name="customerID" order_by="ASC" unique_indicator="0" function="" num_partitions="0"/>
    <bb_index index_name="hsc_idx9" sort="1" table_name="hsc" field_name="hscID" order_by="ASC" unique_indicator="0" function="" num_partitions="0"/>
    <bb_index index_name="hsc_idx9" sort="2" table_name="hsc" field_name="customerID" order_by="ASC" unique_indicator="0" function="" num_partitions="0"/>
    <bb_index index_name="hsc_idx9" sort="3" table_name="hsc" field_name="memberID" order_by="ASC" unique_indicator="0" function="" num_partitions="0"/>
    <bb_index index_name="hsc_idx1" sort="1" table_name="hsc" field_name="memberID" order_by="ASC" unique_indicator="0" function="" num_partitions="0"/>
    <bb_index index_name="hsc_idx2" sort="1" table_name="hsc" field_name="globalID" order_by="ASC" unique_indicator="1" function="" num_partitions="0"/>
    <bb_index index_name="hsc_idx3" sort="1" table_name="hsc" field_name="primaryServiceReferenceNum" order_by="ASC" unique_indicator="0" function="" num_partitions="0"/>
    <bb_index index_name="hsc_idx4" sort="1" table_name="hsc" field_name="memberID" order_by="ASC" unique_indicator="0" function="" num_partitions="0"/>
    <bb_index index_name="hsc_idx4" sort="2" table_name="hsc" field_name="serviceSettingType" order_by="ASC" unique_indicator="0" function="" num_partitions="0"/>
    <bb_index index_name="hsc_idx4" sort="3" table_name="hsc" field_name="hscStatusType" order_by="ASC" unique_indicator="0" function="" num_partitions="0"/>
    <bb_index index_name="hsc_idx5" sort="1" table_name="hsc" field_name="vendorCaseID" order_by="ASC" unique_indicator="0" function="" num_partitions="0"/>
    <bb_index index_name="hsc_idx6" sort="1" table_name="hsc" field_name="medicareAutoLetterStatusType" order_by="ASC" unique_indicator="0" function="" num_partitions="0"/>
    <bb_index index_name="hsc_idx7" sort="1" table_name="hsc" field_name="decisionID" order_by="ASC" unique_indicator="0" function="" num_partitions="0"/>
    <bb_index index_name="hsc_add_pln_ftur_idx1" sort="1" table_name="hsc_add_pln_ftur" field_name="hscID" order_by="ASC" unique_indicator="0" function="" num_partitions="0"/>
    <bb_index index_name="hsc_alrt_idx1" sort="1" table_name="hsc_alrt" field_name="alertType" order_by="ASC" unique_indicator="0" function="" num_partitions="0"/>
    <bb_index index_name="hsc_alt_id_idx1" sort="1" table_name="hsc_alt_id" field_name="hscAlternateID" order_by="ASC" unique_indicator="0" function="" num_partitions="0"/>
    <bb_index index_name="hsc_alt_id_idx1" sort="2" table_name="hsc_alt_id" field_name="hscID" order_by="ASC" unique_indicator="0" function="" num_partitions="0"/>
    <bb_index index_name="hsc_asmt_idx1" sort="1" table_name="hsc_asmt" field_name="hscID" order_by="ASC" unique_indicator="0" function="" num_partitions="0"/>
    <bb_index index_name="hsc_asmt_curr_idx1" sort="1" table_name="hsc_asmt_curr" field_name="hscID" order_by="ASC" unique_indicator="0" function="" num_partitions="0"/>
    <bb_index index_name="hsc_aud_dtl_idx1" sort="1" table_name="hsc_aud_dtl" field_name="hscID" order_by="ASC" unique_indicator="0" function="" num_partitions="0"/>
    <bb_index index_name="hsc_auto_ltr_que_idx1" sort="1" table_name="hsc_auto_ltr_que" field_name="hscId" order_by="ASC" unique_indicator="0" function="" num_partitions="0"/>
    <bb_index index_name="hsc_auto_ltr_que_hist_idx1" sort="1" table_name="hsc_auto_ltr_que_hist" field_name="hscId" order_by="ASC" unique_indicator="0" function="" num_partitions="0"/>
    <bb_index index_name="hsc_bed_day_decn_actv_idx1" sort="1" table_name="hsc_bed_day_decn_actv" field_name="hscID" order_by="ASC" unique_indicator="0" function="" num_partitions="0"/>
    <bb_index index_name="hsc_bed_day_decn_actv_idx2" sort="1" table_name="hsc_bed_day_decn_actv" field_name="hscID" order_by="ASC" unique_indicator="0" function="" num_partitions="0"/>
    <bb_index index_name="hsc_bed_day_decn_actv_idx2" sort="2" table_name="hsc_bed_day_decn_actv" field_name="bedDate" order_by="ASC" unique_indicator="0" function="" num_partitions="0"/>
    <bb_index index_name="hsc_bed_day_decn_actv_idx2" sort="3" table_name="hsc_bed_day_decn_actv" field_name="bedDayDecisionSeqNum" order_by="ASC" unique_indicator="0" function="" num_partitions="0"/>
    <bb_index index_name="hsc_bed_day_decn_actv_idx3" sort="1" table_name="hsc_bed_day_decn_actv" field_name="activityID" order_by="ASC" unique_indicator="0" function="" num_partitions="0"/>
    <bb_index index_name="hsc_diag_idx1" sort="1" table_name="hsc_diag" field_name="hscID" order_by="ASC" unique_indicator="0" function="" num_partitions="0"/>
    <bb_index index_name="hsc_diag_idx1" sort="2" table_name="hsc_diag" field_name="primaryInd" order_by="ASC" unique_indicator="0" function="" num_partitions="0"/>
    <bb_index index_name="hsc_facl_decn_bed_day_idx2" sort="1" table_name="hsc_facl_decn_bed_day" field_name="assessmentID" order_by="ASC" unique_indicator="0" function="" num_partitions="0"/>
    <bb_index index_name="hsc_facl_decn_bed_day_idx2" sort="2" table_name="hsc_facl_decn_bed_day" field_name="inactiveInd" order_by="ASC" unique_indicator="0" function="" num_partitions="0"/>
    <bb_index index_name="hsc_facl_decn_bed_day_idx2" sort="3" table_name="hsc_facl_decn_bed_day" field_name="bedDayDecisionOutcomeType" order_by="ASC" unique_indicator="0" function="" num_partitions="0"/>
    <bb_index index_name="hsc_facl_decn_idx1" sort="1" table_name="hsc_facl_decn" field_name="hscID" order_by="ASC" unique_indicator="0" function="" num_partitions="0"/>
    <bb_index index_name="hsc_facl_decn_idx1" sort="2" table_name="hsc_facl_decn" field_name="inactiveInd" order_by="ASC" unique_indicator="0" function="" num_partitions="0"/>
    <bb_index index_name="hsc_facl_idx1" sort="1" table_name="hsc_facl" field_name="serviceReferenceNum" order_by="ASC" unique_indicator="0" function="" num_partitions="0"/>
    <bb_index index_name="hsc_facl_idx2" sort="1" table_name="hsc_facl" field_name="advanceNotifyTransactionID" order_by="ASC" unique_indicator="0" function="" num_partitions="0"/>
    <bb_index index_name="hsc_facl_idx3" sort="1" table_name="hsc_facl" field_name="admissionNotifyTransactionID" order_by="ASC" unique_indicator="0" function="" num_partitions="0"/>
    <bb_index index_name="hsc_facl_idx4" sort="1" table_name="hsc_facl" field_name="dischargeNotifyTransactionID" order_by="ASC" unique_indicator="0" function="" num_partitions="0"/>
    <bb_index index_name="hsc_facl_tat_sum_idx1" sort="1" table_name="hsc_facl_tat_sum" field_name="urJurisCode" order_by="ASC" unique_indicator="0" function="" num_partitions="0"/>
    <bb_index index_name="hsc_facl_tat_sum_idx1" sort="2" table_name="hsc_facl_tat_sum" field_name="tatRqrSeqNum" order_by="ASC" unique_indicator="0" function="" num_partitions="0"/>
    <bb_index index_name="hsc_facl_ur_jurdc_idx1" sort="1" table_name="hsc_facl_ur_jurdc" field_name="urJurisCode" order_by="ASC" unique_indicator="0" function="" num_partitions="0"/>
    <bb_index index_name="hsc_ltr_req_idx1" sort="1" table_name="hsc_ltr_req" field_name="serviceReferenceNum" order_by="ASC" unique_indicator="0" function="" num_partitions="0"/>
    <bb_index index_name="hsc_ltr_req_idx2" sort="1" table_name="hsc_ltr_req" field_name="serviceReferenceNum" order_by="ASC" unique_indicator="0" function="" num_partitions="0"/>
    <bb_index index_name="hsc_ltr_req_idx2" sort="2" table_name="hsc_ltr_req" field_name="letterRequestStatusType" order_by="ASC" unique_indicator="0" function="" num_partitions="0"/>
    <bb_index index_name="hsc_ltr_req_idx3" sort="1" table_name="hsc_ltr_req" field_name="serviceReferenceNum" order_by="ASC" unique_indicator="0" function="" num_partitions="0"/>
    <bb_index index_name="hsc_ltr_req_idx3" sort="2" table_name="hsc_ltr_req" field_name="documentID" order_by="ASC" unique_indicator="0" function="" num_partitions="0"/>
    <bb_index index_name="hsc_ltr_req_idx3" sort="3" table_name="hsc_ltr_req" field_name="templateID" order_by="ASC" unique_indicator="0" function="" num_partitions="0"/>
    <bb_index index_name="hsc_ltr_req_idx3" sort="4" table_name="hsc_ltr_req" field_name="workGroupID" order_by="ASC" unique_indicator="0" function="" num_partitions="0"/>
    <bb_index index_name="hsc_ltr_req_idx3" sort="5" table_name="hsc_ltr_req" field_name="letterRequestLetterGenID" order_by="ASC" unique_indicator="0" function="" num_partitions="0"/>
    <bb_index index_name="hsc_ltr_req_idx3" sort="6" table_name="hsc_ltr_req" field_name="letterRequestRequestID" order_by="ASC" unique_indicator="0" function="" num_partitions="0"/>
    <bb_index index_name="hsc_ltr_req_idx4" sort="1" table_name="hsc_ltr_req" field_name="autoLetterRequestBatchID" order_by="DESC" unique_indicator="0" function="" num_partitions="0"/>
    <bb_index index_name="hsc_prov_idx1" sort="1" table_name="hsc_prov" field_name="providerClinicalID" order_by="ASC" unique_indicator="0" function="" num_partitions="0"/>
    <bb_index index_name="hsc_prov_info_req_idx1" sort="1" table_name="hsc_prov_info_req" field_name="hscID" order_by="ASC" unique_indicator="0" function="" num_partitions="0"/>
    <bb_index index_name="hsc_prov_info_req_idx1" sort="2" table_name="hsc_prov_info_req" field_name="providerSeqNum" order_by="ASC" unique_indicator="0" function="" num_partitions="0"/>
    <bb_index index_name="hsc_prov_info_req_idx1" sort="3" table_name="hsc_prov_info_req" field_name="infoRequestStatusType" order_by="ASC" unique_indicator="0" function="" num_partitions="0"/>
    <bb_index index_name="hsc_prov_info_req_idx2" sort="1" table_name="hsc_prov_info_req" field_name="infoRequestStatusType" order_by="ASC" unique_indicator="0" function="" num_partitions="0"/>
    <bb_index index_name="hsc_prov_info_req_idx2" sort="2" table_name="hsc_prov_info_req" field_name="hscID" order_by="ASC" unique_indicator="0" function="" num_partitions="0"/>
    <bb_index index_name="hsc_prov_info_req_idx2" sort="3" table_name="hsc_prov_info_req" field_name="providerSeqNum" order_by="ASC" unique_indicator="0" function="" num_partitions="0"/>
    <bb_index index_name="hsc_prov_srch_idx1" sort="1" table_name="hsc_prov_srch" field_name="ndbMpin" order_by="ASC" unique_indicator="0" function="" num_partitions="0"/>
    <bb_index index_name="hsc_prov_srch_idx1" sort="2" table_name="hsc_prov_srch" field_name="federalTaxID" order_by="ASC" unique_indicator="0" function="" num_partitions="0"/>
    <bb_index index_name="hsc_prov_srch_idx1" sort="3" table_name="hsc_prov_srch" field_name="serviceStartDate" order_by="ASC" unique_indicator="0" function="" num_partitions="0"/>
    <bb_index index_name="hsc_prov_srch_idx1" sort="4" table_name="hsc_prov_srch" field_name="ndbAddressSequenceNumber" order_by="ASC" unique_indicator="0" function="" num_partitions="0"/>
    <bb_index index_name="hsc_prov_srch_idx1" sort="5" table_name="hsc_prov_srch" field_name="hscStatusType" order_by="ASC" unique_indicator="0" function="" num_partitions="0"/>
    <bb_index index_name="hsc_prov_srch_idx1" sort="6" table_name="hsc_prov_srch" field_name="serviceSettingType" order_by="ASC" unique_indicator="0" function="" num_partitions="0"/>
    <bb_index index_name="hsc_prov_srch_idx2" sort="1" table_name="hsc_prov_srch" field_name="serviceStartDate" order_by="ASC" unique_indicator="0" function="" num_partitions="0"/>
    <bb_index index_name="hsc_prov_srch_idx3" sort="1" table_name="hsc_prov_srch" field_name="niceProviderGroupNumber" order_by="ASC" unique_indicator="0" function="" num_partitions="0"/>
    <bb_index index_name="hsc_prov_srch_idx3" sort="2" table_name="hsc_prov_srch" field_name="niceProviderServiceLocationNum" order_by="ASC" unique_indicator="0" function="" num_partitions="0"/>
    <bb_index index_name="hsc_prov_srch_idx3" sort="3" table_name="hsc_prov_srch" field_name="specialProcessType" order_by="ASC" unique_indicator="0" function="" num_partitions="0"/>
    <bb_index index_name="hsc_prov_srch_idx3" sort="4" table_name="hsc_prov_srch" field_name="niceProviderHcppNumber" order_by="ASC" unique_indicator="0" function="" num_partitions="0"/>
    <bb_index index_name="hsc_prov_srch_idx3" sort="5" table_name="hsc_prov_srch" field_name="serviceStartDate" order_by="ASC" unique_indicator="0" function="" num_partitions="0"/>
    <bb_index index_name="hsc_prov_srch_idx3" sort="6" table_name="hsc_prov_srch" field_name="hscStatusType" order_by="ASC" unique_indicator="0" function="" num_partitions="0"/>
    <bb_index index_name="hsc_prov_srch_idx3" sort="7" table_name="hsc_prov_srch" field_name="serviceSettingType" order_by="ASC" unique_indicator="0" function="" num_partitions="0"/>
    <bb_index index_name="hsc_prov_srch_idx4" sort="1" table_name="hsc_prov_srch" field_name="niceProviderNonContractedNum" order_by="ASC" unique_indicator="0" function="" num_partitions="0"/>
    <bb_index index_name="hsc_prov_srch_idx4" sort="2" table_name="hsc_prov_srch" field_name="specialProcessType" order_by="ASC" unique_indicator="0" function="" num_partitions="0"/>
    <bb_index index_name="hsc_prov_srch_idx4" sort="3" table_name="hsc_prov_srch" field_name="serviceStartDate" order_by="ASC" unique_indicator="0" function="" num_partitions="0"/>
    <bb_index index_name="hsc_prov_srch_idx4" sort="4" table_name="hsc_prov_srch" field_name="hscStatusType" order_by="ASC" unique_indicator="0" function="" num_partitions="0"/>
    <bb_index index_name="hsc_prov_srch_idx4" sort="5" table_name="hsc_prov_srch" field_name="serviceSettingType" order_by="ASC" unique_indicator="0" function="" num_partitions="0"/>
    <bb_index index_name="hsc_prov_srch_idx5" sort="1" table_name="hsc_prov_srch" field_name="mdmProviderID" order_by="ASC" unique_indicator="0" function="" num_partitions="0"/>
    <bb_index index_name="hsc_prov_srch_idx5" sort="2" table_name="hsc_prov_srch" field_name="federalTaxID" order_by="ASC" unique_indicator="0" function="" num_partitions="0"/>
    <bb_index index_name="hsc_prov_srch_idx5" sort="3" table_name="hsc_prov_srch" field_name="serviceStartDate" order_by="ASC" unique_indicator="0" function="" num_partitions="0"/>
    <bb_index index_name="hsc_prov_srch_idx5" sort="4" table_name="hsc_prov_srch" field_name="hscStatusType" order_by="ASC" unique_indicator="0" function="" num_partitions="0"/>
    <bb_index index_name="hsc_prov_srch_idx5" sort="5" table_name="hsc_prov_srch" field_name="serviceSettingType" order_by="ASC" unique_indicator="0" function="" num_partitions="0"/>
    <bb_index index_name="hsc_srvc_decn_idx1" sort="1" table_name="hsc_srvc_decn" field_name="hscID" order_by="ASC" unique_indicator="0" function="" num_partitions="0"/>
    <bb_index index_name="hsc_srvc_decn_idx1" sort="2" table_name="hsc_srvc_decn" field_name="inactiveInd" order_by="ASC" unique_indicator="0" function="" num_partitions="0"/>
    <bb_index index_name="hsc_srvc_idx1" sort="1" table_name="hsc_srvc" field_name="serviceReferenceNum" order_by="ASC" unique_indicator="0" function="" num_partitions="0"/>
    <bb_index index_name="hsc_srvc_idx2" sort="1" table_name="hsc_srvc" field_name="hscID" order_by="ASC" unique_indicator="0" function="" num_partitions="0"/>
    <bb_index index_name="hsc_srvc_idx2" sort="2" table_name="hsc_srvc" field_name="hscServiceLockType" order_by="ASC" unique_indicator="0" function="" num_partitions="0"/>
    <bb_index index_name="hsc_srvc_non_facl_idx1" sort="1" table_name="hsc_srvc_non_facl" field_name="advanceNotifyTransactionID" order_by="ASC" unique_indicator="0" function="" num_partitions="0"/>
    <bb_index index_name="hsc_srvc_tat_sum_idx1" sort="1" table_name="hsc_srvc_tat_sum" field_name="tatPeriodCategoryTypeId" order_by="ASC" unique_indicator="0" function="" num_partitions="0"/>
    <bb_index index_name="hsc_srvc_tat_sum_idx2" sort="1" table_name="hsc_srvc_tat_sum" field_name="urJurisCode" order_by="ASC" unique_indicator="0" function="" num_partitions="0"/>
    <bb_index index_name="hsc_srvc_tat_sum_idx2" sort="2" table_name="hsc_srvc_tat_sum" field_name="tatRqrSeqNum" order_by="ASC" unique_indicator="0" function="" num_partitions="0"/>
    <bb_index index_name="hsc_srvc_ur_jurdc_idx1" sort="1" table_name="hsc_srvc_ur_jurdc" field_name="urJurisCode" order_by="ASC" unique_indicator="0" function="" num_partitions="0"/>
    <bb_index index_name="mbr_pgm_hsc_assoc_idx1" sort="1" table_name="mbr_pgm_hsc_assoc" field_name="memberProgramID" order_by="ASC" unique_indicator="0" function="" num_partitions="0"/>
    <bb_index index_name="mbr_pgm_hsc_assoc_idx2" sort="1" table_name="mbr_pgm_hsc_assoc" field_name="hscID" order_by="ASC" unique_indicator="0" function="" num_partitions="0"/>
    <bb_index index_name="mbr_pgm_hsc_assoc_idx3" sort="1" table_name="mbr_pgm_hsc_assoc" field_name="memberID" order_by="ASC" unique_indicator="0" function="" num_partitions="0"/>
    <bb_index index_name="mbr_pgm_hsc_srvc_diag_idx1" sort="1" table_name="mbr_pgm_hsc_srvc_diag" field_name="hscID" order_by="ASC" unique_indicator="0" function="" num_partitions="0"/>
    <bb_index index_name="mbr_pgm_hsc_srvc_diag_idx1" sort="2" table_name="mbr_pgm_hsc_srvc_diag" field_name="serviceSeqNum" order_by="ASC" unique_indicator="0" function="" num_partitions="0"/>
    <bb_index index_name="user_hsc_hist_1" sort="1" table_name="user_hsc_hist" field_name="userID" order_by="ASC" unique_indicator="0" function="" num_partitions="0"/>
    <bb_index index_name="user_hsc_hist_1" sort="2" table_name="user_hsc_hist" field_name="changeDateTime" order_by="DESC" unique_indicator="0" function="" num_partitions="0"/>
    <bb_index index_name="user_hsc_hist_1" sort="3" table_name="user_hsc_hist" field_name="hscID" order_by="ASC" unique_indicator="0" function="" num_partitions="0"/>
</bb_indicesList>