<?xml version="1.0" encoding="UTF-8"?>
<bb_tablesList>
    <bb_table table_name="authErrorReportView" descriptiontext="Auth Error Report View" voclass="com.optum.app.common.hsr.data.AuthErrorReportViewVO" daoclass="" daoclassimpl="" auditnotestable="" view_indicator="0" distinct_indicator="0" virtual_indicator="0" under_construction="0" secured="0" logHistory="0" num_pk_index_partitions="0" pk_partitioned_index_name="" db_category="" translatable="0"/>
    <bb_table table_name="cos_hsc_facl_typ" descriptiontext="Valid Cosmos Provider Types for corresponding div and conforms TB140 validation" voclass="com.optum.app.common.hsr.data.CosmosHscFacilityTypeVO" daoclass="" daoclassimpl="" auditnotestable="" view_indicator="0" distinct_indicator="0" virtual_indicator="0" under_construction="0" secured="0" logHistory="0" num_pk_index_partitions="0" pk_partitioned_index_name="" db_category="" translatable="0"/>
    <bb_table table_name="hsc" descriptiontext="Health Service Case" voclass="com.optum.app.common.hsr.data.HscVO" daoclass="" daoclassimpl="" auditnotestable="hsc_aud_dtl" view_indicator="0" distinct_indicator="0" virtual_indicator="0" under_construction="0" secured="0" logHistory="0" num_pk_index_partitions="0" pk_partitioned_index_name="" db_category="" translatable="0"/>
    <bb_table table_name="hsc_add_pln_ftur" descriptiontext="hsc additional plan features" voclass="com.optum.app.common.hsr.data.HscAdditionalPlanFeatureVO" daoclass="" daoclassimpl="" auditnotestable="" view_indicator="0" distinct_indicator="0" virtual_indicator="0" under_construction="0" secured="0" logHistory="0" num_pk_index_partitions="0" pk_partitioned_index_name="" db_category="" translatable="0"/>
    <bb_table table_name="hsc_alrt" descriptiontext="HSC alerts based on certain business criteria" voclass="com.optum.app.common.hsr.data.HscAlertVO" daoclass="" daoclassimpl="" auditnotestable="" view_indicator="0" distinct_indicator="0" virtual_indicator="0" under_construction="0" secured="0" logHistory="0" num_pk_index_partitions="0" pk_partitioned_index_name="" db_category="" translatable="0"/>
    <bb_table table_name="hsc_alt_id" descriptiontext="HSC reference numbers and alternate IDs" voclass="com.optum.app.common.hsr.data.HscAlternateIdentifierVO" daoclass="" daoclassimpl="" auditnotestable="" view_indicator="0" distinct_indicator="0" virtual_indicator="0" under_construction="0" secured="0" logHistory="0" num_pk_index_partitions="0" pk_partitioned_index_name="" db_category="" translatable="0"/>
    <bb_table table_name="hsc_asmt" descriptiontext="HSC and Assessment association table" voclass="com.optum.app.common.hsr.data.HscAssessmentVO" daoclass="" daoclassimpl="" auditnotestable="" view_indicator="0" distinct_indicator="0" virtual_indicator="0" under_construction="0" secured="0" logHistory="0" num_pk_index_partitions="0" pk_partitioned_index_name="" db_category="" translatable="0"/>
    <bb_table table_name="hsc_atr" descriptiontext="Hsc Attributes" voclass="com.optum.app.common.hsr.data.HscAttributeVO" daoclass="" daoclassimpl="" auditnotestable="" view_indicator="0" distinct_indicator="0" virtual_indicator="0" under_construction="0" secured="0" logHistory="0" num_pk_index_partitions="0" pk_partitioned_index_name="" db_category="" translatable="0"/>
    <bb_table table_name="hsc_asmt_curr" descriptiontext="Assessments and questionnaire update audit table" voclass="com.optum.app.common.hsr.data.HscAssessmentCurrentVO" daoclass="" daoclassimpl="" auditnotestable="" view_indicator="0" distinct_indicator="0" virtual_indicator="0" under_construction="0" secured="0" logHistory="0" num_pk_index_partitions="0" pk_partitioned_index_name="" db_category="" translatable="0"/>
    <bb_table table_name="hsc_aud_dtl" descriptiontext="Note Details table for Health Service Case" voclass="com.optum.app.common.hsr.data.HscAuditDetailVO" daoclass="" daoclassimpl="" auditnotestable="" view_indicator="0" distinct_indicator="0" virtual_indicator="0" under_construction="0" secured="0" logHistory="0" num_pk_index_partitions="0" pk_partitioned_index_name="" db_category="" translatable="0"/>
    <bb_table table_name="hsc_cgp_hist" descriptiontext="HSC CGP History" voclass="com.optum.app.common.hsr.data.HscCgpHistoryVO" daoclass="" daoclassimpl="" auditnotestable="" view_indicator="0" distinct_indicator="0" virtual_indicator="0" under_construction="0" secured="0" logHistory="0" num_pk_index_partitions="0" pk_partitioned_index_name="" db_category="" translatable="0"/>
    <bb_table table_name="hsc_cmpnt_sts" descriptiontext="Component Status for UI stepper" voclass="com.optum.app.common.hsr.data.HscComponentStatusVO" daoclass="" daoclassimpl="" auditnotestable="" view_indicator="0" distinct_indicator="0" virtual_indicator="0" under_construction="0" secured="0" logHistory="0" num_pk_index_partitions="0" pk_partitioned_index_name="" db_category="" translatable="0"/>
    <bb_table table_name="hsc_diag_auto_asgn_typ" descriptiontext="Health Service Case Diagnosis" voclass="com.optum.app.common.hsr.data.HscDiagnosisAutoAssignmentTypeVO" daoclass="" daoclassimpl="" auditnotestable="hsc_aud_dtl" view_indicator="0" distinct_indicator="0" virtual_indicator="0" under_construction="0" secured="0" logHistory="0" num_pk_index_partitions="0" pk_partitioned_index_name="" db_category="" translatable="0"/>
    <bb_table table_name="hsc_doc_req" descriptiontext="Health Service Case Document Request" voclass="com.optum.app.common.hsr.data.HscDocumentRequestVO" daoclass="" daoclassimpl="" auditnotestable="hsc_aud_dtl" view_indicator="0" distinct_indicator="0" virtual_indicator="0" under_construction="0" secured="0" logHistory="0" num_pk_index_partitions="0" pk_partitioned_index_name="" db_category="" translatable="0"/>
    <bb_table table_name="hsc_doc_req_attch" descriptiontext="Health Service Case Document Request Attachment" voclass="com.optum.app.common.hsr.data.HscDocumentRequestAttachmentVO" daoclass="" daoclassimpl="" auditnotestable="" view_indicator="0" distinct_indicator="0" virtual_indicator="0" under_construction="0" secured="0" logHistory="0" num_pk_index_partitions="0" pk_partitioned_index_name="" db_category="" translatable="0"/>
    <bb_table table_name="hsc_auto_clos_vld_msg" descriptiontext="Stores Auto Closure Validation Messages" voclass="com.optum.app.common.hsr.data.HscAutoClosureValidationMessageVO" daoclass="" daoclassimpl="" auditnotestable="" view_indicator="0" distinct_indicator="0" virtual_indicator="0" under_construction="0" secured="0" logHistory="0" num_pk_index_partitions="0" pk_partitioned_index_name="" db_category="" translatable="0"/>
    <bb_table table_name="hsc_auto_clos_xcpt" descriptiontext="hsc auto closure exclusion table" voclass="com.optum.app.common.hsr.data.HscAutoClosureExclusionVO" daoclass="" daoclassimpl="" auditnotestable="" view_indicator="0" distinct_indicator="0" virtual_indicator="0" under_construction="0" secured="0" logHistory="0" num_pk_index_partitions="0" pk_partitioned_index_name="" db_category="" translatable="0"/>
    <bb_table table_name="hsc_auto_ltr_que" descriptiontext="Hsc Auto Letter Queue for automatically creating letters" voclass="com.optum.app.common.hsr.data.HscAutoLetterQueueVO" daoclass="" daoclassimpl="" auditnotestable="hsc_aud_dtl" view_indicator="0" distinct_indicator="0" virtual_indicator="0" under_construction="0" secured="0" logHistory="0" num_pk_index_partitions="0" pk_partitioned_index_name="" db_category="" translatable="0"/>
    <bb_table table_name="hsc_auto_ltr_que_hist" descriptiontext="Hsc Auto Letter Queue History for hsc_auto_ltr_que table" voclass="com.optum.app.common.hsr.data.HscAutoLetterQueueHistoryVO" daoclass="" daoclassimpl="" auditnotestable="hsc_aud_dtl" view_indicator="0" distinct_indicator="0" virtual_indicator="0" under_construction="0" secured="0" logHistory="0" num_pk_index_partitions="0" pk_partitioned_index_name="" db_category="" translatable="0"/>
    <bb_table table_name="hsc_bed_day_decn_actv" descriptiontext="Cross reference table between bed day decisions and activity" voclass="com.optum.app.common.hsr.data.HscBedDayDecisionActivityVO" daoclass="" daoclassimpl="" auditnotestable="" view_indicator="0" distinct_indicator="0" virtual_indicator="0" under_construction="0" secured="0" logHistory="0" num_pk_index_partitions="0" pk_partitioned_index_name="" db_category="" translatable="0"/>
    <bb_table table_name="hsc_decn_mbr_cov" descriptiontext="Member Coverage Data used for Decisioning" voclass="com.optum.app.common.hsr.data.HscDecisionMemberCoverageVO" daoclass="" daoclassimpl="" auditnotestable="hsc_aud_dtl" view_indicator="0" distinct_indicator="0" virtual_indicator="0" under_construction="0" secured="0" logHistory="0" num_pk_index_partitions="0" pk_partitioned_index_name="" db_category="" translatable="0"/>
    <bb_table table_name="hsc_decn_prov" descriptiontext="Snap-short HSC provider data upon decision (NICE allow provider change after decision)" voclass="com.optum.app.common.hsr.data.HscDecisionProviderVO" daoclass="" daoclassimpl="" auditnotestable="hsc_aud_dtl" view_indicator="0" distinct_indicator="0" virtual_indicator="0" under_construction="0" secured="0" logHistory="0" num_pk_index_partitions="0" pk_partitioned_index_name="" db_category="" translatable="0"/>
    <bb_table table_name="hsc_decn_rsn_deriv" descriptiontext="Decision Reason Mapping Table" voclass="com.optum.app.common.hsr.data.HscDecisionReasonDerivationVO" daoclass="" daoclassimpl="" auditnotestable="" view_indicator="0" distinct_indicator="0" virtual_indicator="0" under_construction="0" secured="0" logHistory="0" num_pk_index_partitions="0" pk_partitioned_index_name="" db_category="" translatable="0"/>
    <bb_table table_name="hsc_diag" descriptiontext="Health Service Case Diagnosis" voclass="com.optum.app.common.hsr.data.HscDiagnosisVO" daoclass="" daoclassimpl="" auditnotestable="hsc_aud_dtl" view_indicator="0" distinct_indicator="0" virtual_indicator="0" under_construction="0" secured="0" logHistory="0" num_pk_index_partitions="0" pk_partitioned_index_name="" db_category="" translatable="0"/>
    <bb_table table_name="hsc_evv" descriptiontext="Health Service Case EVV" voclass="com.optum.app.common.hsr.data.HscEvvVO" daoclass="" daoclassimpl="" auditnotestable="" view_indicator="0" distinct_indicator="0" virtual_indicator="0" under_construction="0" secured="0" logHistory="0" num_pk_index_partitions="0" pk_partitioned_index_name="" db_category="" translatable="0"/>
    <bb_table table_name="hsc_facl" descriptiontext="Health Service Case Facility" voclass="com.optum.app.common.hsr.data.HscFacilityVO" daoclass="" daoclassimpl="" auditnotestable="hsc_aud_dtl" view_indicator="0" distinct_indicator="0" virtual_indicator="0" under_construction="0" secured="0" logHistory="0" num_pk_index_partitions="0" pk_partitioned_index_name="" db_category="" translatable="0"/>
    <bb_table table_name="hsc_facl_decn_bed_day" descriptiontext="HSC Facility Decision Bed Day" voclass="com.optum.app.common.hsr.data.HscFacilityDecisionBedDayVO" daoclass="" daoclassimpl="" auditnotestable="hsc_aud_dtl" view_indicator="0" distinct_indicator="0" virtual_indicator="0" under_construction="0" secured="0" logHistory="0" num_pk_index_partitions="0" pk_partitioned_index_name="" db_category="" translatable="0"/>
    <bb_table table_name="hsc_facl_decn" descriptiontext="Health Service Case Facility Decision" voclass="com.optum.app.common.hsr.data.HscFacilityDecisionVO" daoclass="" daoclassimpl="" auditnotestable="hsc_aud_dtl" view_indicator="0" distinct_indicator="0" virtual_indicator="0" under_construction="0" secured="0" logHistory="0" num_pk_index_partitions="0" pk_partitioned_index_name="" db_category="" translatable="0"/>
    <bb_table table_name="hsc_facl_decn_actv" descriptiontext="HSC Facility Decision Activity" voclass="com.optum.app.common.hsr.data.HscFacilityDecisionActivityVO" daoclass="" daoclassimpl="" auditnotestable="hsc_aud_dtl" view_indicator="0" distinct_indicator="0" virtual_indicator="0" under_construction="0" secured="0" logHistory="0" num_pk_index_partitions="0" pk_partitioned_index_name="" db_category="" translatable="0"/>
    <bb_table table_name="hsc_facl_decn_src" descriptiontext="Health Service Case Facility Decision Source" voclass="com.optum.app.common.hsr.data.HscFacilityDecisionSourceVO" daoclass="" daoclassimpl="" auditnotestable="hsc_aud_dtl" view_indicator="0" distinct_indicator="0" virtual_indicator="0" under_construction="0" secured="0" logHistory="0" num_pk_index_partitions="0" pk_partitioned_index_name="" db_category="" translatable="0"/>
    <bb_table table_name="hsc_facl_hist" descriptiontext="Health Service Case Facility History" voclass="com.optum.app.common.hsr.data.HscFacilityHistoryVO" daoclass="" daoclassimpl="" auditnotestable="" view_indicator="0" distinct_indicator="0" virtual_indicator="0" under_construction="0" secured="0" logHistory="0" num_pk_index_partitions="0" pk_partitioned_index_name="" db_category="" translatable="0"/>
    <bb_table table_name="hsc_facl_spcl_sv" descriptiontext="Special Savings table for Care Programs" voclass="com.optum.app.common.hsr.data.HscFacilitySpecialSavingsVO" daoclass="" daoclassimpl="" auditnotestable="" view_indicator="0" distinct_indicator="0" virtual_indicator="0" under_construction="0" secured="0" logHistory="0" num_pk_index_partitions="0" pk_partitioned_index_name="" db_category="" translatable="0"/>
    <bb_table table_name="hsc_facl_tat_pt" descriptiontext="Qualified time point  that contribute to TAT calculation" voclass="com.optum.app.common.hsr.data.HscFacilityTatPointVO" daoclass="" daoclassimpl="" auditnotestable="hsc_aud_dtl" view_indicator="0" distinct_indicator="0" virtual_indicator="0" under_construction="0" secured="0" logHistory="0" num_pk_index_partitions="0" pk_partitioned_index_name="" db_category="" translatable="0"/>
    <bb_table table_name="hsc_facl_tat_sum" descriptiontext="Calculated actual TAT and related compliance measures for a HSC facility line." voclass="com.optum.app.common.hsr.data.HscFacilityTatSummaryVO" daoclass="" daoclassimpl="" auditnotestable="hsc_aud_dtl" view_indicator="0" distinct_indicator="0" virtual_indicator="0" under_construction="0" secured="0" logHistory="0" num_pk_index_partitions="0" pk_partitioned_index_name="" db_category="" translatable="0"/>
    <bb_table table_name="hsc_facl_ur_jurdc" descriptiontext="applicable UR juris for service or facility line" voclass="com.optum.app.common.hsr.data.HscFacilityUrJurisdictionVO" daoclass="" daoclassimpl="" auditnotestable="hsc_aud_dtl" view_indicator="0" distinct_indicator="0" virtual_indicator="0" under_construction="0" secured="0" logHistory="0" num_pk_index_partitions="0" pk_partitioned_index_name="" db_category="" translatable="0"/>
    <bb_table table_name="hsc_flwup_cntc" descriptiontext="Health Service Case Follow Up Contact" voclass="com.optum.app.common.hsr.data.HscFollowUpContactVO" daoclass="" daoclassimpl="" auditnotestable="hsc_aud_dtl" view_indicator="0" distinct_indicator="0" virtual_indicator="0" under_construction="0" secured="0" logHistory="0" num_pk_index_partitions="0" pk_partitioned_index_name="" db_category="" translatable="0"/>
    <bb_table table_name="hsc_ltr_req" descriptiontext="Client letter status table" voclass="com.optum.app.common.hsr.data.HscLetterRequestVO" daoclass="" daoclassimpl="" auditnotestable="hsc_aud_dtl" view_indicator="0" distinct_indicator="0" virtual_indicator="0" under_construction="0" secured="0" logHistory="0" num_pk_index_partitions="0" pk_partitioned_index_name="" db_category="" translatable="0"/>
    <bb_table table_name="hsc_ltr_req_archv" descriptiontext="History of Hsc Letter Queue Request for creating letters" voclass="com.optum.app.common.hsr.data.HscLetterRequestWSQueueArchiveVO" daoclass="" daoclassimpl="" auditnotestable="" view_indicator="0" distinct_indicator="0" virtual_indicator="0" under_construction="0" secured="0" logHistory="0" num_pk_index_partitions="0" pk_partitioned_index_name="" db_category="" translatable="0"/>
    <bb_table table_name="hsc_ltr_req_atr" descriptiontext="Additional user entered attributes that go into HSC letter requests" voclass="com.optum.app.common.hsr.data.HscLetterRequestAttributeVO" daoclass="" daoclassimpl="" auditnotestable="hsc_aud_dtl" view_indicator="0" distinct_indicator="0" virtual_indicator="0" under_construction="0" secured="0" logHistory="0" num_pk_index_partitions="0" pk_partitioned_index_name="" db_category="" translatable="0"/>
    <bb_table table_name="hsc_ltr_req_decn" descriptiontext="Selected facility, service or bed day decisions for a client letter session" voclass="com.optum.app.common.hsr.data.HscLetterRequestDecisionVO" daoclass="" daoclassimpl="" auditnotestable="hsc_aud_dtl" view_indicator="0" distinct_indicator="0" virtual_indicator="0" under_construction="0" secured="0" logHistory="0" num_pk_index_partitions="0" pk_partitioned_index_name="" db_category="" translatable="0"/>
    <bb_table table_name="hsc_ltr_req_diag" descriptiontext="Diagnosis codes included in a HSC Letter Request" voclass="com.optum.app.common.hsr.data.HscLetterRequestDiagnosisVO" daoclass="" daoclassimpl="" auditnotestable="hsc_aud_dtl" view_indicator="0" distinct_indicator="0" virtual_indicator="0" under_construction="0" secured="0" logHistory="0" num_pk_index_partitions="0" pk_partitioned_index_name="" db_category="" translatable="0"/>
    <bb_table table_name="hsc_ltr_req_elgs_tsk" descriptiontext="HSC Letter Request ELGS Task Activity" voclass="com.optum.app.common.hsr.data.HscLetterRequestElgsTaskVO" daoclass="" daoclassimpl="" auditnotestable="" view_indicator="0" distinct_indicator="0" virtual_indicator="0" under_construction="0" secured="0" logHistory="0" num_pk_index_partitions="0" pk_partitioned_index_name="" db_category="" translatable="0"/>
    <bb_table table_name="hsc_ltr_req_elgs_tsk_var" descriptiontext="hsc letter request elgs task variables" voclass="com.optum.app.common.hsr.data.HscLetterRequestElgsTaskVarVO" daoclass="" daoclassimpl="" auditnotestable="" view_indicator="0" distinct_indicator="0" virtual_indicator="0" under_construction="0" secured="0" logHistory="0" num_pk_index_partitions="0" pk_partitioned_index_name="" db_category="" translatable="0"/>
    <bb_table table_name="hsc_ltr_req_que" descriptiontext="Queue requests for the client letter integration" voclass="com.optum.app.common.hsr.data.HscLetterRequestQueueVO" daoclass="" daoclassimpl="" auditnotestable="" view_indicator="0" distinct_indicator="0" virtual_indicator="0" under_construction="0" secured="0" logHistory="0" num_pk_index_partitions="0" pk_partitioned_index_name="" db_category="" translatable="0"/>
    <bb_table table_name="hsc_ltr_req_sts_hist" descriptiontext="Detail history records for a client letter session" voclass="com.optum.app.common.hsr.data.HscLetterRequestHistoryVO" daoclass="" daoclassimpl="" auditnotestable="hsc_aud_dtl" view_indicator="0" distinct_indicator="0" virtual_indicator="0" under_construction="0" secured="0" logHistory="0" num_pk_index_partitions="0" pk_partitioned_index_name="" db_category="" translatable="0"/>
    <bb_table table_name="hsc_ltr_req_ws_que" descriptiontext="Hsc Letter Queue Request for creating letters" voclass="com.optum.app.common.hsr.data.HscLetterRequestWSQueueVO" daoclass="" daoclassimpl="" auditnotestable="" view_indicator="0" distinct_indicator="0" virtual_indicator="0" under_construction="0" secured="0" logHistory="0" num_pk_index_partitions="0" pk_partitioned_index_name="" db_category="" translatable="0"/>
    <bb_table table_name="hsc_mbr_cov" descriptiontext="Health Service Case Member Coverage" voclass="com.optum.app.common.hsr.data.HscMemberCoverageVO" daoclass="" daoclassimpl="" auditnotestable="hsc_aud_dtl" view_indicator="0" distinct_indicator="0" virtual_indicator="0" under_construction="0" secured="0" logHistory="0" num_pk_index_partitions="0" pk_partitioned_index_name="" db_category="" translatable="0"/>
    <bb_table table_name="hsc_mbr_othr_cov" descriptiontext="Health Service Case Member Other Coverage" voclass="com.optum.app.common.hsr.data.HscMemberOtherCoverageVO" daoclass="" daoclassimpl="" auditnotestable="hsc_aud_dtl" view_indicator="0" distinct_indicator="0" virtual_indicator="0" under_construction="0" secured="0" logHistory="0" num_pk_index_partitions="0" pk_partitioned_index_name="" db_category="" translatable="0"/>
    <bb_table table_name="hsc_msr" descriptiontext="Measurement" voclass="com.optum.app.common.hsr.data.HscMeasurementVO" daoclass="" daoclassimpl="" auditnotestable="" view_indicator="0" distinct_indicator="0" virtual_indicator="0" under_construction="0" secured="0" logHistory="0" num_pk_index_partitions="0" pk_partitioned_index_name="" db_category="" translatable="0"/>
    <bb_table table_name="hsc_prov" descriptiontext="Health Service Case Provider" voclass="com.optum.app.common.hsr.data.HscProviderVO" daoclass="" daoclassimpl="" auditnotestable="hsc_aud_dtl" view_indicator="0" distinct_indicator="0" virtual_indicator="0" under_construction="0" secured="0" logHistory="0" num_pk_index_partitions="0" pk_partitioned_index_name="" db_category="" translatable="0"/>
    <bb_table table_name="hsc_prov_contr_amnd" descriptiontext="Specific provider contract amendment records associated with HSC provider" voclass="com.optum.app.common.hsr.data.HscProviderContractAmendmentVO" daoclass="" daoclassimpl="" auditnotestable="" view_indicator="0" distinct_indicator="0" virtual_indicator="0" under_construction="0" secured="0" logHistory="0" num_pk_index_partitions="0" pk_partitioned_index_name="" db_category="" translatable="0"/>
    <bb_table table_name="hsc_prov_contr_amnd_claus" descriptiontext="Specific provision clause records associated with HSC provider contract amendment" voclass="com.optum.app.common.hsr.data.HscProviderContractAmendmentClauseVO" daoclass="" daoclassimpl="" auditnotestable="" view_indicator="0" distinct_indicator="0" virtual_indicator="0" under_construction="0" secured="0" logHistory="0" num_pk_index_partitions="0" pk_partitioned_index_name="" db_category="" translatable="0"/>
    <bb_table table_name="hsc_prov_info_req" descriptiontext="Hsc Provider Info Request" voclass="com.optum.app.common.hsr.data.HscProviderInfoRequestVO" daoclass="" daoclassimpl="" auditnotestable="" view_indicator="0" distinct_indicator="0" virtual_indicator="0" under_construction="0" secured="0" logHistory="0" num_pk_index_partitions="0" pk_partitioned_index_name="" db_category="" translatable="0"/>
    <bb_table table_name="hsc_prov_role" descriptiontext="Health Service Case Provider Role" voclass="com.optum.app.common.hsr.data.HscProviderRoleVO" daoclass="" daoclassimpl="" auditnotestable="hsc_aud_dtl" view_indicator="0" distinct_indicator="0" virtual_indicator="0" under_construction="0" secured="0" logHistory="0" num_pk_index_partitions="0" pk_partitioned_index_name="" db_category="" translatable="0"/>
    <bb_table table_name="hsc_prov_srch" descriptiontext="Health Service Case Provider Search" voclass="com.optum.app.common.hsr.data.HscProviderSearchVO" daoclass="" daoclassimpl="" auditnotestable="" view_indicator="0" distinct_indicator="0" virtual_indicator="0" under_construction="0" secured="0" logHistory="0" num_pk_index_partitions="0" pk_partitioned_index_name="" db_category="" translatable="0"/>
    <bb_table table_name="hsc_prov_info_req_crit" descriptiontext="Hsc Provider Info Request For Procedure Code" voclass="com.optum.app.common.hsr.data.HscProviderInfoRequestCriteriaVO" daoclass="" daoclassimpl="" auditnotestable="" view_indicator="0" distinct_indicator="0" virtual_indicator="0" under_construction="0" secured="0" logHistory="0" num_pk_index_partitions="0" pk_partitioned_index_name="" db_category="" translatable="0"/>
    <bb_table table_name="hsc_spec_proc" descriptiontext="HSC Specialty Pharmacy Procedure" voclass="com.optum.app.common.hsr.data.HscSpecialtyProcedureVO" daoclass="" daoclassimpl="" auditnotestable="" view_indicator="0" distinct_indicator="0" virtual_indicator="0" under_construction="0" secured="0" logHistory="0" num_pk_index_partitions="0" pk_partitioned_index_name="" db_category="" translatable="0"/>
    <bb_table table_name="hsc_srvc" descriptiontext="Health Service Case Service" voclass="com.optum.app.common.hsr.data.HscServiceVO" daoclass="" daoclassimpl="" auditnotestable="hsc_aud_dtl" view_indicator="0" distinct_indicator="0" virtual_indicator="0" under_construction="0" secured="0" logHistory="0" num_pk_index_partitions="0" pk_partitioned_index_name="" db_category="" translatable="0"/>
    <bb_table table_name="hsc_srvc_decn" descriptiontext="Health Service Case Service Decision" voclass="com.optum.app.common.hsr.data.HscServiceDecisionVO" daoclass="" daoclassimpl="" auditnotestable="hsc_aud_dtl" view_indicator="0" distinct_indicator="0" virtual_indicator="0" under_construction="0" secured="0" logHistory="0" num_pk_index_partitions="0" pk_partitioned_index_name="" db_category="" translatable="0"/>
    <bb_table table_name="hsc_srvc_decn_actv" descriptiontext="HSC Service Decision Activity" voclass="com.optum.app.common.hsr.data.HscServiceDecisionActivityVO" daoclass="" daoclassimpl="" auditnotestable="hsc_aud_dtl" view_indicator="0" distinct_indicator="0" virtual_indicator="0" under_construction="0" secured="0" logHistory="0" num_pk_index_partitions="0" pk_partitioned_index_name="" db_category="" translatable="0"/>
    <bb_table table_name="hsc_srvc_decn_src" descriptiontext="Health Service Case Service Decision Source" voclass="com.optum.app.common.hsr.data.HscServiceDecisionSourceVO" daoclass="" daoclassimpl="" auditnotestable="hsc_aud_dtl" view_indicator="0" distinct_indicator="0" virtual_indicator="0" under_construction="0" secured="0" logHistory="0" num_pk_index_partitions="0" pk_partitioned_index_name="" db_category="" translatable="0"/>
    <bb_table table_name="hsc_srvc_dtl" descriptiontext="Health Service Case Service Detail" voclass="com.optum.app.common.hsr.data.HscServiceDetailVO" daoclass="" daoclassimpl="" auditnotestable="hsc_aud_dtl" view_indicator="0" distinct_indicator="0" virtual_indicator="0" under_construction="0" secured="0" logHistory="0" num_pk_index_partitions="0" pk_partitioned_index_name="" db_category="" translatable="0"/>
    <bb_table table_name="hsc_srvc_dsg_rpt" descriptiontext="Health Service Case Service Dosage Report" voclass="com.optum.app.common.hsr.data.HscServiceDosageReportVO" daoclass="" daoclassimpl="" auditnotestable="hsc_aud_dtl" view_indicator="0" distinct_indicator="0" virtual_indicator="0" under_construction="0" secured="0" logHistory="0" num_pk_index_partitions="0" pk_partitioned_index_name="" db_category="" translatable="0"/>
    <bb_table table_name="hsc_srvc_facl" descriptiontext="Health Service Case Service Facility" voclass="com.optum.app.common.hsr.data.HscServiceFacilityVO" daoclass="" daoclassimpl="" auditnotestable="hsc_aud_dtl" view_indicator="0" distinct_indicator="0" virtual_indicator="0" under_construction="0" secured="0" logHistory="0" num_pk_index_partitions="0" pk_partitioned_index_name="" db_category="" translatable="0"/>
    <bb_table table_name="hsc_srvc_non_facl" descriptiontext="Health Service Case Service Non Facility" voclass="com.optum.app.common.hsr.data.HscServiceNonFacilityVO" daoclass="" daoclassimpl="" auditnotestable="hsc_aud_dtl" view_indicator="0" distinct_indicator="0" virtual_indicator="0" under_construction="0" secured="0" logHistory="0" num_pk_index_partitions="0" pk_partitioned_index_name="" db_category="" translatable="0"/>
    <bb_table table_name="hsc_srvc_non_facl_hist" descriptiontext="Health Service Case Service Non Facility History" voclass="com.optum.app.common.hsr.data.HscServiceNonFacilityHistoryVO" daoclass="" daoclassimpl="" auditnotestable="hsc_aud_dtl" view_indicator="0" distinct_indicator="0" virtual_indicator="0" under_construction="0" secured="0" logHistory="0" num_pk_index_partitions="0" pk_partitioned_index_name="" db_category="" translatable="0"/>
    <bb_table table_name="hsc_srvc_non_facl_sched" descriptiontext="HSC Serice Non Facility Schedule" voclass="com.optum.app.common.hsr.data.HscServiceNonFacilityScheduleVO" daoclass="" daoclassimpl="" auditnotestable="" view_indicator="0" distinct_indicator="0" virtual_indicator="0" under_construction="0" secured="0" logHistory="0" num_pk_index_partitions="0" pk_partitioned_index_name="" db_category="" translatable="0"/>
    <bb_table table_name="hsc_srvc_spcl_sv" descriptiontext="HSC Service Special Savings" voclass="com.optum.app.common.hsr.data.HscServiceSpecialSavingsVO" daoclass="" daoclassimpl="" auditnotestable="" view_indicator="0" distinct_indicator="0" virtual_indicator="0" under_construction="0" secured="0" logHistory="0" num_pk_index_partitions="0" pk_partitioned_index_name="" db_category="" translatable="0"/>
    <bb_table table_name="hsc_srvc_tat_pt" descriptiontext="qualified time point that contibute to TAT calculation during the life cycle of a service" voclass="com.optum.app.common.hsr.data.HscServiceTatPointVO" daoclass="" daoclassimpl="" auditnotestable="hsc_aud_dtl" view_indicator="0" distinct_indicator="0" virtual_indicator="0" under_construction="0" secured="0" logHistory="0" num_pk_index_partitions="0" pk_partitioned_index_name="" db_category="" translatable="0"/>
    <bb_table table_name="hsc_srvc_tat_sum" descriptiontext="Calculated actual TAT and related compliance measures for a HSC service line" voclass="com.optum.app.common.hsr.data.HscServiceTatSummaryVO" daoclass="" daoclassimpl="" auditnotestable="hsc_aud_dtl" view_indicator="0" distinct_indicator="0" virtual_indicator="0" under_construction="0" secured="0" logHistory="0" num_pk_index_partitions="0" pk_partitioned_index_name="" db_category="" translatable="0"/>
    <bb_table table_name="hsc_srvc_ur_jurdc" descriptiontext="all applicable ur juris for a service based on either SOR,SOI or SOS." voclass="com.optum.app.common.hsr.data.HscServiceUrJurisdictionVO" daoclass="" daoclassimpl="" auditnotestable="hsc_aud_dtl" view_indicator="0" distinct_indicator="0" virtual_indicator="0" under_construction="0" secured="0" logHistory="0" num_pk_index_partitions="0" pk_partitioned_index_name="" db_category="" translatable="0"/>
    <bb_table table_name="hscDiagnosisView" descriptiontext="HSC Diagnosis view" voclass="com.optum.app.common.hsr.data.HscDiagnosisViewVO" daoclass="" daoclassimpl="" auditnotestable="" view_indicator="1" distinct_indicator="0" virtual_indicator="0" under_construction="0" secured="0" logHistory="0" num_pk_index_partitions="0" pk_partitioned_index_name="" db_category="" translatable="0"/>
    <bb_table table_name="hscMemberView" descriptiontext="HSC Member view" voclass="com.optum.app.common.hsr.data.HscMemberViewVO" daoclass="" daoclassimpl="" auditnotestable="" view_indicator="0" distinct_indicator="0" virtual_indicator="1" under_construction="0" secured="0" logHistory="0" num_pk_index_partitions="0" pk_partitioned_index_name="" db_category="" translatable="0"/>
    <bb_table table_name="hscMemProvView" descriptiontext="HSC Member Provider view" voclass="com.optum.app.common.hsr.data.HscMemProvViewVO" daoclass="" daoclassimpl="" auditnotestable="" view_indicator="0" distinct_indicator="0" virtual_indicator="0" under_construction="0" secured="0" logHistory="0" num_pk_index_partitions="0" pk_partitioned_index_name="" db_category="" translatable="0"/>
    <bb_table table_name="hscMemProvProvView" descriptiontext="HSC Member Provider view with filtering for provider role" voclass="com.optum.app.common.hsr.data.HscMemProvProvViewVO" daoclass="" daoclassimpl="" auditnotestable="" view_indicator="0" distinct_indicator="0" virtual_indicator="0" under_construction="0" secured="0" logHistory="0" num_pk_index_partitions="0" pk_partitioned_index_name="" db_category="" translatable="0"/>
    <bb_table table_name="hscProcedureView" descriptiontext="HSC Procedure view" voclass="com.optum.app.common.hsr.data.HscProcedureViewVO" daoclass="" daoclassimpl="" auditnotestable="" view_indicator="0" distinct_indicator="0" virtual_indicator="1" under_construction="0" secured="0" logHistory="0" num_pk_index_partitions="0" pk_partitioned_index_name="" db_category="" translatable="0"/>
    <bb_table table_name="lst_cov_dt_hsc_sbmt" descriptiontext="The data for the Last Covered Date Submitters will be stored." voclass="com.optum.app.common.hsr.data.LastCoveredDateSubmitterVO" daoclass="" daoclassimpl="" auditnotestable="" view_indicator="0" distinct_indicator="0" virtual_indicator="0" under_construction="0" secured="0" logHistory="0" num_pk_index_partitions="0" pk_partitioned_index_name="" db_category="" translatable="0"/>
    <bb_table table_name="mbr_pgm_hsc_assoc" descriptiontext="creating table for member program and hsc associations" voclass="com.optum.app.common.hsr.data.MemberProgramHscAssociationVO" daoclass="" daoclassimpl="" auditnotestable="" view_indicator="0" distinct_indicator="0" virtual_indicator="0" under_construction="0" secured="0" logHistory="0" num_pk_index_partitions="0" pk_partitioned_index_name="" db_category="" translatable="0"/>
    <bb_table table_name="mbr_pgm_hsc_srvc_diag" descriptiontext="Member Program Health Service Case Service Diagnosis table" voclass="com.optum.app.common.hsr.data.MemberProgramHscSrvcDiagVO" daoclass="" daoclassimpl="" auditnotestable="" view_indicator="0" distinct_indicator="0" virtual_indicator="0" under_construction="0" secured="0" logHistory="0" num_pk_index_partitions="0" pk_partitioned_index_name="" db_category="" translatable="0"/>
    <bb_table table_name="memberNotificationView" descriptiontext="member notification view" voclass="com.optum.app.common.hsr.data.MemberNotificationViewVO" daoclass="" daoclassimpl="" auditnotestable="" view_indicator="0" distinct_indicator="0" virtual_indicator="1" under_construction="0" secured="0" logHistory="0" num_pk_index_partitions="0" pk_partitioned_index_name="" db_category="" translatable="0"/>
    <bb_table table_name="notificationProviderClinView" descriptiontext="notification provider view" voclass="com.optum.app.common.hsr.data.NotificationProviderClinicalViewVO" daoclass="" daoclassimpl="" auditnotestable="" view_indicator="0" distinct_indicator="0" virtual_indicator="1" under_construction="0" secured="0" logHistory="0" num_pk_index_partitions="0" pk_partitioned_index_name="" db_category="" translatable="0"/>
    <bb_table table_name="pgm_hsc_alrt_typ" descriptiontext="Member Program Alert Type on HSC completion." voclass="com.optum.app.common.hsr.data.ProgramHscAlertTypeVO" daoclass="" daoclassimpl="" auditnotestable="" view_indicator="0" distinct_indicator="0" virtual_indicator="0" under_construction="0" secured="0" logHistory="0" num_pk_index_partitions="0" pk_partitioned_index_name="" db_category="" translatable="0"/>
    <bb_table table_name="user_hsc_hist" descriptiontext="All HSC worked or viewed by individual users in a past period of time. Insert to this table is triggered by certain UI actions, e.g., Complete Intake Action HSC Standalone Search / HSC Intake Search Viewing a HSC from the Member History Viewiing a HSC from the Workqueue Records in this table should be purged periodically based on chg_dttm" voclass="com.optum.app.common.hsr.data.UserHscHistoryVO" daoclass="" daoclassimpl="" auditnotestable="" view_indicator="0" distinct_indicator="0" virtual_indicator="0" under_construction="0" secured="0" logHistory="0" num_pk_index_partitions="0" pk_partitioned_index_name="" db_category="MbmDatasource" translatable="0"/>
    <bb_table table_name="ur_jurdc" descriptiontext="UR Jurisdiction Configurations" voclass="com.optum.app.common.hsr.data.UrJurisdictionVO" daoclass="" daoclassimpl="" auditnotestable="" view_indicator="0" distinct_indicator="0" virtual_indicator="0" under_construction="0" secured="0" logHistory="0" num_pk_index_partitions="0" pk_partitioned_index_name="" db_category="MbmDatasource" translatable="0"/>
    <bb_table table_name="ur_jurdc_xcpt" descriptiontext="UR Jurisdiction Exception Configs" voclass="com.optum.app.common.hsr.data.UrJurisdictionExceptionVO" daoclass="" daoclassimpl="" auditnotestable="" view_indicator="0" distinct_indicator="0" virtual_indicator="0" under_construction="0" secured="0" logHistory="0" num_pk_index_partitions="0" pk_partitioned_index_name="" db_category="MbmDatasource" translatable="0"/>
    <bb_table table_name="hsc_custom_reason" descriptiontext="Health Service Case Custom Reasons" voclass="com.optum.app.common.hsr.data.HscCustomReasonVO" daoclass="" daoclassimpl="" auditnotestable="" view_indicator="0" distinct_indicator="0" virtual_indicator="0" under_construction="0" secured="0" logHistory="0" num_pk_index_partitions="0" pk_partitioned_index_name="" db_category="" translatable="0"/>
    <bb_table table_name="hsc_srvc_respn" descriptiontext="Health Service Case Service Decision Response Reason" voclass="com.optum.app.common.hsr.data.HscServiceDecisionResponseReasonVO" daoclass="" daoclassimpl="" auditnotestable="" view_indicator="0" distinct_indicator="0" virtual_indicator="0" under_construction="0" secured="0" logHistory="0" num_pk_index_partitions="0" pk_partitioned_index_name="" db_category="" translatable="0"/>
    <bb_table table_name="hscSubmittedAuthView" descriptiontext="HSC Submitted Auth View" voclass="com.optum.app.common.hsr.data.HscSubmittedAuthViewVO" daoclass="" daoclassimpl="" auditnotestable="" view_indicator="0" distinct_indicator="0" virtual_indicator="0" under_construction="0" secured="0" logHistory="0" num_pk_index_partitions="0" pk_partitioned_index_name="" db_category="" translatable="0"/>
    <bb_table table_name="mso_auth_report" descriptiontext="MSO Auth Report View" voclass="com.optum.app.common.hsr.data.MsoAuthReportViewVO" daoclass="" daoclassimpl="" auditnotestable="" view_indicator="0" distinct_indicator="0" virtual_indicator="0" under_construction="0" secured="0" logHistory="0" num_pk_index_partitions="0" pk_partitioned_index_name="" db_category="" translatable="0"/>
    <bb_table table_name="hsc_prov_unet_cntrct" descriptiontext="Hsc Provider Unet Contract List" voclass="com.optum.app.common.hsr.data.HscProviderUnetContractVO" daoclass="" daoclassimpl="" auditnotestable="" view_indicator="0" distinct_indicator="0" virtual_indicator="0" under_construction="0" secured="0" logHistory="0" num_pk_index_partitions="0" pk_partitioned_index_name="" db_category="" translatable="0"/>
</bb_tablesList>
