<?xml version="1.0" encoding="UTF-8"?>
<bb_viewsList>
    <bb_view view_name="hscDiagnosisView" table_name="hsc_diag" table_as_name="a" field="hscID" field_as_name="hscID" key_indicator="1"/>
    <bb_view view_name="hscDiagnosisView" table_name="hsc_diag" table_as_name="a" field="diagnosisSeqNum" field_as_name="diagnosisSeqNum" key_indicator="1"/>
    <bb_view view_name="hscDiagnosisView" table_name="hsc_diag" table_as_name="a" field="diagnosisCode" field_as_name="diagnosisCode" key_indicator="0"/>
    <bb_view view_name="hscDiagnosisView" table_name="hsc_diag" table_as_name="a" field="primaryInd" field_as_name="primaryInd" key_indicator="0"/>
    <bb_view view_name="hscDiagnosisView" table_name="hsc_diag" table_as_name="a" field="admitInd" field_as_name="admitInd" key_indicator="0"/>
    <bb_view view_name="hscDiagnosisView" table_name="hsc_diag" table_as_name="a" field="inactiveInd" field_as_name="inactiveInd" key_indicator="0"/>
    <bb_view view_name="hscDiagnosisView" table_name="icd10" table_as_name="b" field="codeDescription" field_as_name="codeDescription" key_indicator="0"/>
    <bb_view view_name="hscMemProvView" table_name="hsc" table_as_name="a" field="hscID" field_as_name="hsc_id" key_indicator="0"/>
    <bb_view view_name="hscMemProvView" table_name="hsc" table_as_name="a" field="createDateTime" field_as_name="creat_dttm" key_indicator="0"/>
    <bb_view view_name="hscMemProvView" table_name="hsc" table_as_name="a" field="createUserID" field_as_name="creat_user_id" key_indicator="0"/>
    <bb_view view_name="hscMemProvView" table_name="hsclastupdated" table_as_name="h" field="changeDateTime" field_as_name="chg_dttm" key_indicator="0"/>
    <bb_view view_name="hscMemProvView" table_name="hsclastupdated" table_as_name="h" field="changeUserID" field_as_name="chg_user_id" key_indicator="0"/>
    <bb_view view_name="hscMemProvView" table_name="hsc" table_as_name="a" field="hscStatusReasonType" field_as_name="hsc_sts_rsn_typ_id" key_indicator="0"/>
    <bb_view view_name="hscMemProvView" table_name="hsc" table_as_name="a" field="hscStatusType" field_as_name="hsc_sts_typ_id" key_indicator="0"/>
    <bb_view view_name="hscMemProvView" table_name="hsc" table_as_name="a" field="reviewPriorityType" field_as_name="rev_prr_typ_id" key_indicator="0"/>
    <bb_view view_name="hscMemProvView" table_name="hsc" table_as_name="a" field="memberID" field_as_name="mbr_id" key_indicator="0"/>
    <bb_view view_name="hscMemProvView" table_name="hsc" table_as_name="a" field="primaryServiceReferenceNum" field_as_name="pri_srvc_ref_nbr" key_indicator="0"/>
    <bb_view view_name="hscMemProvView" table_name="hsc" table_as_name="a" field="vendorCaseID" field_as_name="vend_cse_id" key_indicator="0"/>
    <bb_view view_name="hscMemProvView" table_name="hsc" table_as_name="a" field="vendorTypeID" field_as_name="vend_typ_id" key_indicator="0"/>
    <bb_view view_name="hscMemProvView" table_name="mbr" table_as_name="b" field="firstName" field_as_name="fst_nm" key_indicator="0"/>
    <bb_view view_name="hscMemProvView" table_name="mbr" table_as_name="b" field="lastName" field_as_name="lst_nm" key_indicator="0"/>
    <bb_view view_name="hscMemProvView" table_name="mbr_id" table_as_name="c" field="memberIDText" field_as_name="mbr_id_txt" key_indicator="0"/>
    <bb_view view_name="hscMemProvView" table_name="hsc_prov" table_as_name="d" field="providerFullName" field_as_name="reqProviderFullName" key_indicator="0"/>
    <bb_view view_name="hscMemProvView" table_name="hsc_prov" table_as_name="d" field="federalTaxID" field_as_name="reqProviderTIN" key_indicator="0"/>
    <bb_view view_name="hscMemProvView" table_name="hsc_prov" table_as_name="d" field="ndbMpin" field_as_name="reqProviderNdbMPIN" key_indicator="0"/>
    <bb_view view_name="hscMemProvView" table_name="hsc_prov" table_as_name="e" field="providerFullName" field_as_name="serProviderFullName" key_indicator="0"/>
    <bb_view view_name="hscMemProvView" table_name="hsc_prov" table_as_name="e" field="federalTaxID" field_as_name="serProviderTIN" key_indicator="0"/>
    <bb_view view_name="hscMemProvView" table_name="hsc_prov" table_as_name="e" field="ndbMpin" field_as_name="serProviderNdbMPIN" key_indicator="0"/>
    <bb_view view_name="hscMemProvView" table_name="hsc_srvc_decn" table_as_name="f" field="decisionOutcomeType" field_as_name="decn_otcome_typ_id" key_indicator="0"/>
    <bb_view view_name="hscMemProvView" table_name="hsc_srvc_non_facl" table_as_name="g" field="serviceStartDate" field_as_name="srvc_strt_dt" key_indicator="0"/>
    <bb_view view_name="hscMemProvView" table_name="hsc_srvc_non_facl" table_as_name="g" field="serviceEndDate" field_as_name="srvc_end_dt" key_indicator="0"/>
    <bb_view view_name="hscMemProvView" table_name="user_tbl" table_as_name="i" field="firstName" field_as_name="creatorFirstName" key_indicator="0"/>
    <bb_view view_name="hscMemProvView" table_name="user_tbl" table_as_name="i" field="lastName" field_as_name="creatorLastName" key_indicator="0"/>
    <bb_view view_name="hscMemProvView" table_name="cust_ref" table_as_name="j" field="referenceCode" field_as_name="hscOverallStatusType" key_indicator="0"/>
    <bb_view view_name="hscMemProvView" table_name="cust_ref" table_as_name="j" field="referenceDesc" field_as_name="hscOverallStatusDesc" key_indicator="0"/>
    <bb_view view_name="hscMemProvView" table_name="cust" table_as_name="cu" field="customerShortName" field_as_name="cust_shrt_nm" key_indicator="0"/>
    <bb_view view_name="hscMemProvProvView" table_name="hsc" table_as_name="a" field="hscID" field_as_name="hsc_id" key_indicator="0"/>
    <bb_view view_name="hscMemProvProvView" table_name="hsc" table_as_name="a" field="createDateTime" field_as_name="creat_dttm" key_indicator="0"/>
    <bb_view view_name="hscMemProvProvView" table_name="hsc" table_as_name="a" field="createUserID" field_as_name="creat_user_id" key_indicator="0"/>
    <bb_view view_name="hscMemProvProvView" table_name="hsclastupdated" table_as_name="h" field="changeDateTime" field_as_name="chg_dttm" key_indicator="0"/>
    <bb_view view_name="hscMemProvProvView" table_name="hsclastupdated" table_as_name="h" field="changeUserID" field_as_name="chg_user_id" key_indicator="0"/>
    <bb_view view_name="hscMemProvProvView" table_name="hsc" table_as_name="a" field="hscStatusReasonType" field_as_name="hsc_sts_rsn_typ_id" key_indicator="0"/>
    <bb_view view_name="hscMemProvProvView" table_name="hsc" table_as_name="a" field="hscStatusType" field_as_name="hsc_sts_typ_id" key_indicator="0"/>
    <bb_view view_name="hscMemProvProvView" table_name="hsc" table_as_name="a" field="reviewPriorityType" field_as_name="rev_prr_typ_id" key_indicator="0"/>
    <bb_view view_name="hscMemProvProvView" table_name="hsc" table_as_name="a" field="memberID" field_as_name="mbr_id" key_indicator="0"/>
    <bb_view view_name="hscMemProvProvView" table_name="hsc" table_as_name="a" field="primaryServiceReferenceNum" field_as_name="pri_srvc_ref_nbr" key_indicator="0"/>
    <bb_view view_name="hscMemProvProvView" table_name="hsc" table_as_name="a" field="vendorCaseID" field_as_name="vend_cse_id" key_indicator="0"/>
    <bb_view view_name="hscMemProvProvView" table_name="hsc" table_as_name="a" field="vendorTypeID" field_as_name="vend_typ_id" key_indicator="0"/>
    <bb_view view_name="hscMemProvProvView" table_name="mbr" table_as_name="b" field="firstName" field_as_name="fst_nm" key_indicator="0"/>
    <bb_view view_name="hscMemProvProvView" table_name="mbr" table_as_name="b" field="lastName" field_as_name="lst_nm" key_indicator="0"/>
    <bb_view view_name="hscMemProvProvView" table_name="mbr_id" table_as_name="c" field="memberIDText" field_as_name="mbr_id_txt" key_indicator="0"/>
    <bb_view view_name="hscMemProvProvView" table_name="hsc_prov" table_as_name="d" field="providerFullName" field_as_name="reqProviderFullName" key_indicator="0"/>
    <bb_view view_name="hscMemProvProvView" table_name="hsc_prov" table_as_name="d" field="federalTaxID" field_as_name="reqProviderTIN" key_indicator="0"/>
    <bb_view view_name="hscMemProvProvView" table_name="hsc_prov" table_as_name="d" field="ndbMpin" field_as_name="reqProviderNdbMPIN" key_indicator="0"/>
    <bb_view view_name="hscMemProvProvView" table_name="hsc_prov" table_as_name="e" field="providerFullName" field_as_name="serProviderFullName" key_indicator="0"/>
    <bb_view view_name="hscMemProvProvView" table_name="hsc_prov" table_as_name="e" field="federalTaxID" field_as_name="serProviderTIN" key_indicator="0"/>
    <bb_view view_name="hscMemProvProvView" table_name="hsc_prov" table_as_name="e" field="ndbMpin" field_as_name="serProviderNdbMPIN" key_indicator="0"/>
    <bb_view view_name="hscMemProvProvView" table_name="hsc_srvc_decn" table_as_name="f" field="decisionOutcomeType" field_as_name="decn_otcome_typ_id" key_indicator="0"/>
    <bb_view view_name="hscMemProvProvView" table_name="hsc_srvc_non_facl" table_as_name="g" field="serviceStartDate" field_as_name="srvc_strt_dt" key_indicator="0"/>
    <bb_view view_name="hscMemProvProvView" table_name="hsc_srvc_non_facl" table_as_name="g" field="serviceEndDate" field_as_name="srvc_end_dt" key_indicator="0"/>
    <bb_view view_name="hscMemProvProvView" table_name="user_tbl" table_as_name="i" field="firstName" field_as_name="creatorFirstName" key_indicator="0"/>
    <bb_view view_name="hscMemProvProvView" table_name="user_tbl" table_as_name="i" field="lastName" field_as_name="creatorLastName" key_indicator="0"/>
    <bb_view view_name="hscMemProvProvView" table_name="cust_ref" table_as_name="j" field="referenceCode" field_as_name="hscOverallStatusType" key_indicator="0"/>
    <bb_view view_name="hscMemProvProvView" table_name="cust_ref" table_as_name="j" field="referenceDesc" field_as_name="hscOverallStatusDesc" key_indicator="0"/>
</bb_viewsList>
