{
  "opsProgram": "Cancer Support Program",
  "template": {
    "Cancer CGP Approved": "<p>This communication is in regards to the noted reference number pertaining to your authorization request.  The procedures requested have been approved for the following duration XX/XX/XXXX - XX/xx/xxxx.  Authorization details are available from your provider portal. If you need to add a new chemotherapy drug, supportive care drug, or a new chemotherapy regimen you will need to submit a new authorization request</p><p>If this is not the correct department, please fax back correct department name and contact information.</p><p>Important Phone Numbers:<br>&nbsp;&nbsp;&nbsp;&nbsp;&nbsp;Intake:  888-397-8129<br>&nbsp;&nbsp;&nbsp;&nbsp;&nbsp;Fax:  844-284-8068<p><p>The authorization provided is not a guarantee of payment to the provider. Payment is based on the patient's benefit plan and eligibility when the services are received.</p>",
    "Cancer CGP Cancelled": "<p>This communication is in regards to the noted reference number pertaining to your authorization request.The requested services have been cancelled per your verbal request on XX/XX/XXXX.Authorization details are available from your provider portal.</p><p>If this is not the correct department, please fax back correct department name and contact information.</p><p>Important Phone Numbers:<br>&nbsp;&nbsp;&nbsp;&nbsp;&nbsp;Intake:  888-397-8129<br>&nbsp;&nbsp;&nbsp;&nbsp;&nbsp;Fax:  844-284-8068</p>",
    "Cancer CGP Peer to Peer": "<p>This communication is in regards to the noted reference number pertaining to your authorization request.  The requested services will receive an adverse determination if you do not respond.  We have made two attempts to reach you telephonically. Please contact us immediately to review your request.</p><p>If this is not the correct department, please fax back correct department name and contact information.</p><p>Medical Director Name:<br>Medical Director Contact Number:",
    "CGP Escalation Request": "<p>Thank you for your request to escalate your Cancer services or Clinical Trial request.  In order to qualify for an escalation, the request must contain a member appointment/treatment date within the next 2 business days.  In addition, all required clinical information and program enrollment requirements must be completed.  At this time, your request does not meet the criteria for immediate case review escalation guidelines.  Optum will adhere to state regulated and contracted review turnaround times.<p>",
    "Cancer CGP Lack of Information": "</br>Please fax the following information:</br>Clinical information including:</br>&nbsp;&nbsp;Initial consultation notes</br>   &nbsp;&nbsp;Latest treatment notes including prior treatment history</br> &nbsp;&nbsp;Cytology / Pathology results</br>   &nbsp;&nbsp;Current imaging if applicable</br>&nbsp;&nbsp;Peer reviewed articles supporting treatment request  - if appropriate</br>Also please also provide:</br>&nbsp;&nbsp;Patient Primary Phone #</br>&nbsp;&nbsp;Patient Alternate Phone #</br>&nbsp;&nbsp;Patient Email Address</br>&nbsp;&nbsp;Patient Home Address</br>&nbsp;&nbsp;Medical Power of Attorney if applicable</br>If this is not the correct department, please fax back correct department name and contact information.</br>Please call with any questions:</br>Nurse Case Manager Name </br> Intake:  888-397-8129 ext.</br>Fax:  844-284-8068"
  }
}
