<?xml version="1.0" encoding="UTF-8"?>
<bb_fieldsList>
    <bb_field field_name="changeDateTime" data_type="TIMESTAMP" field_length="14" field_precision="0" descriptiontext="Change Date/Time - date/time stamp indicating when table info was changed {CCYYMMDDHH24MMSS}." doubleclick_uri="" doubleclick="" uppercaseonly="1" field_xref="" field_name_physical="chg_dttm"/>
    <bb_field field_name="changeUserID" data_type="VARCHAR" field_length="64" field_precision="0" descriptiontext="User ID - identifier of user or device that initiated change to table data." doubleclick_uri="" doubleclick="" uppercaseonly="1" field_xref="" field_name_physical="chg_user_id"/>
    <bb_field field_name="createDateTime" data_type="TIMESTAMP" field_length="14" field_precision="0" descriptiontext="Create Date/Time - date/time stamp specifying corresponding record's original creation date {CCYYMMDDHH24MMSS}." doubleclick_uri="" doubleclick="" uppercaseonly="0" field_xref="" field_name_physical="creat_dttm"/>
    <bb_field field_name="createUserID" data_type="VARCHAR" field_length="64" field_precision="0" descriptiontext="Record created by user" doubleclick_uri="" doubleclick="" uppercaseonly="1" field_xref="" field_name_physical="creat_user_id"/>
    <bb_field field_name="criteriaDesc" data_type="VARCHAR" field_length="100" field_precision="0" descriptiontext="Short description of the input report criteria." doubleclick_uri="" doubleclick="" uppercaseonly="0" field_xref="" field_name_physical="crit_desc"/>
    <bb_field field_name="criteriaString" data_type="VARCHAR" field_length="2000" field_precision="0" descriptiontext="All Report input Criteria Details" doubleclick_uri="" doubleclick="" uppercaseonly="0" field_xref="" field_name_physical="crit_strng_txt"/>
    <bb_field field_name="dueDate" data_type="DATE" field_length="10" field_precision="0" descriptiontext="Due Date" doubleclick_uri="" doubleclick="" uppercaseonly="0" field_xref="" field_name_physical="due_dt"/>
    <bb_field field_name="faxDateTime" data_type="TIMESTAMP" field_length="14" field_precision="0" descriptiontext="fax date time" doubleclick_uri="" doubleclick="" uppercaseonly="0" field_xref="" field_name_physical="fax_dttm"/>
    <bb_field field_name="faxStatusReasonType" data_type="VARCHAR" field_length="2" field_precision="0" descriptiontext="Fax Status Reason Type" doubleclick_uri="" doubleclick="" uppercaseonly="0" field_xref="" field_name_physical="fax_sts_rsn_typ_id"/>
    <bb_field field_name="faxStatusType" data_type="VARCHAR" field_length="2" field_precision="0" descriptiontext="unique identifier of fax status, e.g. failed, successful. Applicable to reports sent through RightFax." doubleclick_uri="" doubleclick="" uppercaseonly="0" field_xref="" field_name_physical="fax_sts_typ_id"/>
    <bb_field field_name="fileName" data_type="VARCHAR" field_length="100" field_precision="0" descriptiontext="Report result file name" doubleclick_uri="" doubleclick="" uppercaseonly="0" field_xref="" field_name_physical="fl_nm"/>
    <bb_field field_name="filePath" data_type="VARCHAR" field_length="100" field_precision="0" descriptiontext="report result file path" doubleclick_uri="" doubleclick="" uppercaseonly="0" field_xref="" field_name_physical="fl_pth"/>
    <bb_field field_name="icmReviewType" data_type="VARCHAR" field_length="2" field_precision="0" descriptiontext="Unique identifier of ICM review type, e.g. concerrent review, discharge review, etc." doubleclick_uri="" doubleclick="" uppercaseonly="0" field_xref="" field_name_physical="icm_rev_typ_id"/>
    <bb_field field_name="infoRequestDueDate" data_type="DATE" field_length="10" field_precision="0" descriptiontext="Info Request Due Date" doubleclick_uri="" doubleclick="" uppercaseonly="0" field_xref="" field_name_physical="info_req_due_dt"/>
    <bb_field field_name="infoRequestSeqNum" data_type="SMALLINT" field_length="2" field_precision="0" descriptiontext="system generated number to uniquely identify an information request for a given HSC provider." doubleclick_uri="" doubleclick="" uppercaseonly="0" field_xref="" field_name_physical="info_req_seq_nbr"/>
    <bb_field field_name="infoRequestStatusType" data_type="VARCHAR" field_length="1" field_precision="0" descriptiontext="unique identifier of information request status, i.e., open or sent sent status will be set upon provider info request fax report completion. Records with sent status will not be included in info. request fax report generation." doubleclick_uri="" doubleclick="" uppercaseonly="0" field_xref="" field_name_physical="info_req_sts_typ_id"/>
    <bb_field field_name="infoRequestText" data_type="VARCHAR" field_length="4000" field_precision="0" descriptiontext="Info Request Text" doubleclick_uri="" doubleclick="" uppercaseonly="0" field_xref="" field_name_physical="info_req_txt"/>
    <bb_field field_name="faxErrorText" data_type="VARCHAR" field_length="200" field_precision="0" descriptiontext="Fax Error Text" doubleclick_uri="" doubleclick="" uppercaseonly="0" field_xref="" field_name_physical="fax_err_txt"/>
    <bb_field field_name="jobSeqNum" data_type="INTEGER" field_length="10" field_precision="0" descriptiontext="System assigned sequence number uniquely identifies an execution instance of a pre-defined system job." doubleclick_uri="" doubleclick="" uppercaseonly="1" field_xref="" field_name_physical="job_seq_nbr"/>
    <bb_field field_name="leftLogoImageID" data_type="INTEGER" field_length="4" field_precision="0" descriptiontext="Left logo image id" doubleclick_uri="" doubleclick="" uppercaseonly="0" field_xref="" field_name_physical="lft_logo_img_id"/>
    <bb_field field_name="outputType" data_type="VARCHAR" field_length="3" field_precision="0" descriptiontext="Unique identifier of the output Format of the report.  Valid Values include CSV, TXT, PDF, RTF, XLS, HTM" doubleclick_uri="" doubleclick="" uppercaseonly="0" field_xref="" field_name_physical="op_typ_id"/>
    <bb_field field_name="ownerUserID" data_type="VARCHAR" field_length="64" field_precision="0" descriptiontext="The User ID of the person who owns the report(also the same person who submitted the report)" doubleclick_uri="" doubleclick="" uppercaseonly="1" field_xref="" field_name_physical="ownr_user_id"/>
    <bb_field field_name="primaryContactInd" data_type="BOOLEAN" field_length="1" field_precision="0" descriptiontext="Primary Contact Indicator" doubleclick_uri="" doubleclick="" uppercaseonly="0" field_xref="" field_name_physical="pri_cntc_ind"/>
    <bb_field field_name="primaryContactType" data_type="VARCHAR" field_length="10" field_precision="0" descriptiontext="Provider Clinical Contact Type" doubleclick_uri="" doubleclick="" uppercaseonly="0" field_xref="" field_name_physical="prov_clin_cntc_type_id"/>
    <bb_field field_name="primaryContactTitle" data_type="VARCHAR" field_length="30" field_precision="0" descriptiontext="Provider Clinical Contact Title" doubleclick_uri="" doubleclick="" uppercaseonly="0" field_xref="" field_name_physical="prov_clin_cntc_title"/>
    <bb_field field_name="providerClinicalContactID" data_type="BIGINT" field_length="15" field_precision="0" descriptiontext="Provider Clinical Contact ID" doubleclick_uri="" doubleclick="" uppercaseonly="0" field_xref="" field_name_physical="prov_clin_cntc_id"/>
    <bb_field field_name="providerClinicalReportID" data_type="BIGINT" field_length="15" field_precision="0" descriptiontext="Provider Clinical Report ID" doubleclick_uri="" doubleclick="" uppercaseonly="0" field_xref="" field_name_physical="prov_clin_rpt_id"/>
    <bb_field field_name="providerClinicalReportType" data_type="VARCHAR" field_length="2" field_precision="0" descriptiontext="Provider Clinical Report Type" doubleclick_uri="" doubleclick="" uppercaseonly="0" field_xref="" field_name_physical="prov_clin_rpt_typ_id"/>
    <bb_field field_name="providerClinicalUhgContactID" data_type="BIGINT" field_length="15" field_precision="0" descriptiontext="Provider Clinical UHG Contact ID" doubleclick_uri="" doubleclick="" uppercaseonly="0" field_xref="" field_name_physical="prov_clin_uhg_cntc_id"/>
    <bb_field field_name="providerFederalTaxID" data_type="VARCHAR" field_length="10" field_precision="0" descriptiontext="Provider Federal Tax ID" doubleclick_uri="" doubleclick="" uppercaseonly="0" field_xref="" field_name_physical="prov_fed_tax_id"/>
    <bb_field field_name="providerSeqNum" data_type="SMALLINT" field_length="2" field_precision="0" descriptiontext="system generated unique identifier of a provider for HSC. To be removed in Q2 as a result of provider refactor" doubleclick_uri="" doubleclick="" uppercaseonly="0" field_xref="" field_name_physical="prov_seq_nbr"/>
    <bb_field field_name="reportExecutionID" data_type="BIGINT" field_length="12" field_precision="0" descriptiontext="System generated number for an execution of report" doubleclick_uri="" doubleclick="" uppercaseonly="0" field_xref="" field_name_physical="rpt_exec_id"/>
    <bb_field field_name="reportID" data_type="VARCHAR" field_length="10" field_precision="0" descriptiontext="Unique Identifier for this type of Report" doubleclick_uri="" doubleclick="" uppercaseonly="0" field_xref="" field_name_physical="rpt_id"/>
    <bb_field field_name="reportResultsRawData" data_type="BLOB" field_length="5000" field_precision="0" descriptiontext="Report Results stored as a Serialized Object to be uploaded in any format at a later time." doubleclick_uri="" doubleclick="" uppercaseonly="0" field_xref="" field_name_physical="rpt_rslt_lobj"/>
    <bb_field field_name="reportStorageType" data_type="VARCHAR" field_length="1" field_precision="0" descriptiontext="Unique identifier of the storage or the location of the report.  Values include F(File) and D(Database)" doubleclick_uri="" doubleclick="" uppercaseonly="1" field_xref="" field_name_physical="rpt_stor_typ_id"/>
    <bb_field field_name="resendCount" data_type="SMALLINT" field_length="2" field_precision="0" descriptiontext="number of times the report is resent to RightFax" doubleclick_uri="" doubleclick="" uppercaseonly="0" field_xref="" field_name_physical="resnd_cnt"/>
    <bb_field field_name="resendIndicator" data_type="BOOLEAN" field_length="1" field_precision="0" descriptiontext="Resend Indicator" doubleclick_uri="" doubleclick="" uppercaseonly="0" field_xref="" field_name_physical="resnd_ind"/>
    <bb_field field_name="reviewRequestSendType" data_type="VARCHAR" field_length="1" field_precision="0" descriptiontext="Send Type for RightFax" doubleclick_uri="" doubleclick="" uppercaseonly="0" field_xref="" field_name_physical="info_req_snd_typ_id"/>
    <bb_field field_name="rightLogoImageID" data_type="INTEGER" field_length="4" field_precision="0" descriptiontext="Right logo image id" doubleclick_uri="" doubleclick="" uppercaseonly="0" field_xref="" field_name_physical="rht_logo_img_id"/>
    <bb_field field_name="sendOxfordFaxInd" data_type="BOOLEAN" field_length="1" field_precision="0" descriptiontext="Send Oxford FAX Indicator" doubleclick_uri="" doubleclick="" uppercaseonly="0" field_xref="" field_name_physical="snd_oxford_fax_ind"/>
    <bb_field field_name="servicePlanName" data_type="VARCHAR" field_length="200" field_precision="0" descriptiontext="Name of service plan" doubleclick_uri="" doubleclick="" uppercaseonly="0" field_xref="" field_name_physical="srvc_pln_nm"/>
    <bb_field field_name="uhgContactName" data_type="VARCHAR" field_length="80" field_precision="0" descriptiontext="UHG Contact Name(could contain either First or Last Name or Both or something else" doubleclick_uri="" doubleclick="" uppercaseonly="0" field_xref="" field_name_physical="uhgContactName"/>
    <bb_field field_name="updateVersion" data_type="INTEGER" field_length="10" field_precision="0" descriptiontext="Version of the record" doubleclick_uri="" doubleclick="" uppercaseonly="0" field_xref="" field_name_physical="updt_ver_nbr"/>
    <bb_field field_name="userFirstName" data_type="VARCHAR" field_length="50" field_precision="0" descriptiontext="User First Name" doubleclick_uri="" doubleclick="" uppercaseonly="1" field_xref="" field_name_physical="userFirstName"/>
    <bb_field field_name="userLastName" data_type="VARCHAR" field_length="80" field_precision="0" descriptiontext="User Last Name" doubleclick_uri="" doubleclick="" uppercaseonly="1" field_xref="" field_name_physical="userLastName"/>
    <bb_field field_name="attention" data_type="VARCHAR" field_length="80" field_precision="0" descriptiontext="Contact Name" doubleclick_uri="" doubleclick="" uppercaseonly="0" field_xref="" field_name_physical="cntc_nm"/>
</bb_fieldsList>