<?xml version="1.0" encoding="UTF-8"?>
<bb_indicesList>
    <bb_index index_name="prov_clin_rpt_idx1" sort="1" table_name="prov_clin_rpt" field_name="createDateTime" order_by="ASC" unique_indicator="0" function="" num_partitions="0"/>
    <bb_index index_name="prov_clin_rpt_idx1" sort="2" table_name="prov_clin_rpt" field_name="ndbMpin" order_by="ASC" unique_indicator="0" function="" num_partitions="0"/>
    <bb_index index_name="prov_clin_rpt_idx1" sort="3" table_name="prov_clin_rpt" field_name="providerClinicalReportID" order_by="ASC" unique_indicator="0" function="" num_partitions="0"/>
    <bb_index index_name="prov_clin_rpt_idx1" sort="4" table_name="prov_clin_rpt" field_name="providerFederalTaxID" order_by="ASC" unique_indicator="0" function="" num_partitions="0"/>
    <bb_index index_name="prov_clin_rpt_resendInd" sort="1" table_name="prov_clin_rpt" field_name="resendIndicator" order_by="ASC" unique_indicator="0" function="" num_partitions="0"/>
    <bb_index index_name="prov_clin_uhg_cntc_idx1" sort="1" table_name="prov_clin_uhg_cntc" field_name="ndbMpin" order_by="ASC" unique_indicator="0" function="" num_partitions="0"/>
    <bb_index index_name="prov_clin_uhg_cntc_idx1" sort="2" table_name="prov_clin_uhg_cntc" field_name="ndbAddressSequenceNumber" order_by="ASC" unique_indicator="0" function="" num_partitions="0"/>
    <bb_index index_name="prov_clin_uhg_cntc_idx2" sort="1" table_name="prov_clin_uhg_cntc" field_name="niceProviderGroupNumber" order_by="ASC" unique_indicator="0" function="" num_partitions="0"/>
    <bb_index index_name="prov_clin_uhg_cntc_idx2" sort="2" table_name="prov_clin_uhg_cntc" field_name="niceProviderServiceLocationNum" order_by="ASC" unique_indicator="0" function="" num_partitions="0"/>
    <bb_index index_name="prov_clin_uhg_cntc_tin" sort="1" table_name="prov_clin_uhg_cntc" field_name="providerFederalTaxID" order_by="ASC" unique_indicator="0" function="" num_partitions="0"/>
    <bb_index index_name="prov_clin_uhg_cntc_tin" sort="2" table_name="prov_clin_uhg_cntc" field_name="ndbMpin" order_by="ASC" unique_indicator="0" function="" num_partitions="0"/>
    <bb_index index_name="prov_clin_uhg_cntc_tin" sort="3" table_name="prov_clin_uhg_cntc" field_name="ndbAddressSequenceNumber" order_by="ASC" unique_indicator="0" function="" num_partitions="0"/>
</bb_indicesList>