<?xml version="1.0" encoding="UTF-8"?>
<bb_table_fieldsList>
    <bb_table_field table_name="prov_clin_cntc" field_name="providerClinicalID" sort_num="1" primary_key="0" incremented_key="0" hilo_block_size="" seq_name="" required="1" defaultlist="0" phi="0" fkey_table="prov_clin" fkey_field="providerClinicalID"/>
    <bb_table_field table_name="prov_clin_cntc" field_name="providerClinicalContactID" sort_num="2" primary_key="1" incremented_key="1" hilo_block_size="500" seq_name="" required="1" defaultlist="0" phi="0" fkey_table="" fkey_field=""/>
    <bb_table_field table_name="prov_clin_cntc" field_name="createDateTime" sort_num="3" primary_key="0" incremented_key="0" hilo_block_size="" seq_name="" required="1" defaultlist="0" phi="0" fkey_table="" fkey_field=""/>
    <bb_table_field table_name="prov_clin_cntc" field_name="createUserID" sort_num="4" primary_key="0" incremented_key="0" hilo_block_size="" seq_name="" required="0" defaultlist="0" phi="0" fkey_table="" fkey_field=""/>
    <bb_table_field table_name="prov_clin_cntc" field_name="changeDateTime" sort_num="5" primary_key="0" incremented_key="0" hilo_block_size="" seq_name="" required="1" defaultlist="0" phi="0" fkey_table="" fkey_field=""/>
    <bb_table_field table_name="prov_clin_cntc" field_name="changeUserID" sort_num="6" primary_key="0" incremented_key="0" hilo_block_size="" seq_name="" required="0" defaultlist="0" phi="0" fkey_table="" fkey_field=""/>
    <bb_table_field table_name="prov_clin_cntc" field_name="updateVersion" sort_num="7" primary_key="0" incremented_key="0" hilo_block_size="" seq_name="" required="0" defaultlist="0" phi="0" fkey_table="" fkey_field=""/>
    <bb_table_field table_name="prov_clin_cntc" field_name="firstName" sort_num="8" primary_key="0" incremented_key="0" hilo_block_size="" seq_name="" required="1" defaultlist="0" phi="0" fkey_table="" fkey_field=""/>
    <bb_table_field table_name="prov_clin_cntc" field_name="lastName" sort_num="9" primary_key="0" incremented_key="0" hilo_block_size="" seq_name="" required="1" defaultlist="0" phi="0" fkey_table="" fkey_field=""/>
    <bb_table_field table_name="prov_clin_cntc" field_name="primaryContactInd" sort_num="10" primary_key="0" incremented_key="0" hilo_block_size="" seq_name="" required="0" defaultlist="0" phi="0" fkey_table="" fkey_field=""/>
    <bb_table_field table_name="prov_clin_cntc" field_name="primaryContactType" sort_num="11" primary_key="0" incremented_key="0" hilo_block_size="" seq_name="" required="0" defaultlist="0" phi="0" fkey_table="" fkey_field=""/>
    <bb_table_field table_name="prov_clin_cntc" field_name="primaryContactTitle" sort_num="12" primary_key="0" incremented_key="0" hilo_block_size="" seq_name="" required="0" defaultlist="0" phi="0" fkey_table="" fkey_field=""/>
    <bb_table_field table_name="prov_clin_cntc" field_name="inactiveInd" sort_num="13" primary_key="0" incremented_key="0" hilo_block_size="" seq_name="" required="0" defaultlist="0" phi="0" fkey_table="" fkey_field=""/>
    <bb_table_field table_name="prov_clin_cntc_tel" field_name="providerClinicalContactID" sort_num="1" primary_key="1" incremented_key="0" hilo_block_size="" seq_name="" required="1" defaultlist="0" phi="0" fkey_table="prov_clin_cntc" fkey_field="providerClinicalContactID"/>
    <bb_table_field table_name="prov_clin_cntc_tel" field_name="providerClinicalTelephoneID" sort_num="2" primary_key="1" incremented_key="0" hilo_block_size="" seq_name="" required="1" defaultlist="0" phi="0" fkey_table="prov_clin_tel" fkey_field="providerClinicalTelephoneID"/>
    <bb_table_field table_name="prov_clin_cntc_tel" field_name="createDateTime" sort_num="3" primary_key="0" incremented_key="0" hilo_block_size="" seq_name="" required="1" defaultlist="0" phi="0" fkey_table="" fkey_field=""/>
    <bb_table_field table_name="prov_clin_cntc_tel" field_name="createUserID" sort_num="4" primary_key="0" incremented_key="0" hilo_block_size="" seq_name="" required="0" defaultlist="0" phi="0" fkey_table="" fkey_field=""/>
    <bb_table_field table_name="prov_clin_cntc_tel" field_name="changeDateTime" sort_num="5" primary_key="0" incremented_key="0" hilo_block_size="" seq_name="" required="1" defaultlist="0" phi="0" fkey_table="" fkey_field=""/>
    <bb_table_field table_name="prov_clin_cntc_tel" field_name="changeUserID" sort_num="6" primary_key="0" incremented_key="0" hilo_block_size="" seq_name="" required="0" defaultlist="0" phi="0" fkey_table="" fkey_field=""/>
    <bb_table_field table_name="prov_clin_cntc_tel" field_name="updateVersion" sort_num="7" primary_key="0" incremented_key="0" hilo_block_size="" seq_name="" required="0" defaultlist="0" phi="0" fkey_table="" fkey_field=""/>
    <bb_table_field table_name="prov_clin_rpt" field_name="providerClinicalReportID" sort_num="1" primary_key="1" incremented_key="1" hilo_block_size="5" seq_name="" required="1" defaultlist="1" phi="0" fkey_table="" fkey_field=""/>
    <bb_table_field table_name="prov_clin_rpt" field_name="createDateTime" sort_num="2" primary_key="0" incremented_key="0" hilo_block_size="" seq_name="" required="0" defaultlist="1" phi="0" fkey_table="" fkey_field=""/>
    <bb_table_field table_name="prov_clin_rpt" field_name="createUserID" sort_num="3" primary_key="0" incremented_key="0" hilo_block_size="" seq_name="" required="0" defaultlist="1" phi="0" fkey_table="" fkey_field=""/>
    <bb_table_field table_name="prov_clin_rpt" field_name="changeDateTime" sort_num="4" primary_key="0" incremented_key="0" hilo_block_size="" seq_name="" required="0" defaultlist="1" phi="0" fkey_table="" fkey_field=""/>
    <bb_table_field table_name="prov_clin_rpt" field_name="changeUserID" sort_num="5" primary_key="0" incremented_key="0" hilo_block_size="" seq_name="" required="0" defaultlist="1" phi="0" fkey_table="" fkey_field=""/>
    <bb_table_field table_name="prov_clin_rpt" field_name="updateVersion" sort_num="6" primary_key="0" incremented_key="0" hilo_block_size="" seq_name="" required="0" defaultlist="1" phi="0" fkey_table="" fkey_field=""/>
    <bb_table_field table_name="prov_clin_rpt" field_name="providerFederalTaxID" sort_num="7" primary_key="0" incremented_key="0" hilo_block_size="" seq_name="" required="0" defaultlist="1" phi="0" fkey_table="" fkey_field=""/>
    <bb_table_field table_name="prov_clin_rpt" field_name="providerBusinessName" sort_num="8" primary_key="0" incremented_key="0" hilo_block_size="" seq_name="" required="0" defaultlist="1" phi="0" fkey_table="" fkey_field=""/>
    <bb_table_field table_name="prov_clin_rpt" field_name="providerClinicalReportType" sort_num="9" primary_key="0" incremented_key="0" hilo_block_size="" seq_name="" required="0" defaultlist="1" phi="0" fkey_table="" fkey_field=""/>
    <bb_table_field table_name="prov_clin_rpt" field_name="reportExecutionID" sort_num="10" primary_key="0" incremented_key="0" hilo_block_size="" seq_name="" required="0" defaultlist="1" phi="0" fkey_table="" fkey_field=""/>
    <bb_table_field table_name="prov_clin_rpt" field_name="infoRequestDueDate" sort_num="11" primary_key="0" incremented_key="0" hilo_block_size="" seq_name="" required="0" defaultlist="1" phi="0" fkey_table="" fkey_field=""/>
    <bb_table_field table_name="prov_clin_rpt" field_name="resendIndicator" sort_num="12" primary_key="0" incremented_key="0" hilo_block_size="" seq_name="" required="0" defaultlist="1" phi="0" fkey_table="" fkey_field=""/>
    <bb_table_field table_name="prov_clin_rpt" field_name="ndbMpin" sort_num="13" primary_key="0" incremented_key="0" hilo_block_size="" seq_name="" required="0" defaultlist="1" phi="0" fkey_table="" fkey_field=""/>
    <bb_table_field table_name="prov_clin_rpt" field_name="ndbAddressSequenceNumber" sort_num="14" primary_key="0" incremented_key="0" hilo_block_size="" seq_name="" required="0" defaultlist="1" phi="0" fkey_table="" fkey_field=""/>
    <bb_table_field table_name="prov_clin_rpt" field_name="niceProviderGroupNumber" sort_num="15" primary_key="0" incremented_key="0" hilo_block_size="" seq_name="" required="0" defaultlist="0" phi="0" fkey_table="" fkey_field=""/>
    <bb_table_field table_name="prov_clin_rpt" field_name="nicePcpProviderSrvcLocNbr" sort_num="16" primary_key="0" incremented_key="0" hilo_block_size="" seq_name="" required="0" defaultlist="0" phi="0" fkey_table="" fkey_field=""/>
    <bb_table_field table_name="prov_clin_rpt" field_name="firstName" sort_num="17" primary_key="0" incremented_key="0" hilo_block_size="" seq_name="" required="0" defaultlist="0" phi="0" fkey_table="" fkey_field=""/>
    <bb_table_field table_name="prov_clin_rpt" field_name="lastName" sort_num="18" primary_key="0" incremented_key="0" hilo_block_size="" seq_name="" required="0" defaultlist="0" phi="0" fkey_table="" fkey_field=""/>
    <bb_table_field table_name="prov_clin_rpt" field_name="middleName" sort_num="19" primary_key="0" incremented_key="0" hilo_block_size="" seq_name="" required="0" defaultlist="0" phi="0" fkey_table="" fkey_field=""/>
    <bb_table_field table_name="prov_clin_uhg_cntc" field_name="createDateTime" sort_num="1" primary_key="0" incremented_key="0" hilo_block_size="" seq_name="" required="0" defaultlist="1" phi="0" fkey_table="" fkey_field=""/>
    <bb_table_field table_name="prov_clin_uhg_cntc" field_name="createUserID" sort_num="2" primary_key="0" incremented_key="0" hilo_block_size="" seq_name="" required="0" defaultlist="1" phi="0" fkey_table="" fkey_field=""/>
    <bb_table_field table_name="prov_clin_uhg_cntc" field_name="changeDateTime" sort_num="3" primary_key="0" incremented_key="0" hilo_block_size="" seq_name="" required="0" defaultlist="1" phi="0" fkey_table="" fkey_field=""/>
    <bb_table_field table_name="prov_clin_uhg_cntc" field_name="changeUserID" sort_num="4" primary_key="0" incremented_key="0" hilo_block_size="" seq_name="" required="0" defaultlist="1" phi="0" fkey_table="" fkey_field=""/>
    <bb_table_field table_name="prov_clin_uhg_cntc" field_name="updateVersion" sort_num="5" primary_key="0" incremented_key="0" hilo_block_size="" seq_name="" required="0" defaultlist="1" phi="0" fkey_table="" fkey_field=""/>
    <bb_table_field table_name="prov_clin_uhg_cntc" field_name="providerFederalTaxID" sort_num="6" primary_key="0" incremented_key="0" hilo_block_size="" seq_name="" required="0" defaultlist="1" phi="0" fkey_table="" fkey_field=""/>
    <bb_table_field table_name="prov_clin_uhg_cntc" field_name="providerBusinessName" sort_num="7" primary_key="0" incremented_key="0" hilo_block_size="" seq_name="" required="0" defaultlist="1" phi="0" fkey_table="" fkey_field=""/>
    <bb_table_field table_name="prov_clin_uhg_cntc" field_name="phone" sort_num="8" primary_key="0" incremented_key="0" hilo_block_size="" seq_name="" required="0" defaultlist="1" phi="0" fkey_table="" fkey_field=""/>
    <bb_table_field table_name="prov_clin_uhg_cntc" field_name="phoneInternationalInd" sort_num="9" primary_key="0" incremented_key="0" hilo_block_size="" seq_name="" required="0" defaultlist="1" phi="0" fkey_table="" fkey_field=""/>
    <bb_table_field table_name="prov_clin_uhg_cntc" field_name="contactName" sort_num="10" primary_key="0" incremented_key="0" hilo_block_size="" seq_name="" required="0" defaultlist="1" phi="0" fkey_table="" fkey_field=""/>
    <bb_table_field table_name="prov_clin_uhg_cntc" field_name="primaryContactInd" sort_num="11" primary_key="0" incremented_key="0" hilo_block_size="" seq_name="" required="0" defaultlist="1" phi="0" fkey_table="" fkey_field=""/>
    <bb_table_field table_name="prov_clin_uhg_cntc" field_name="inactiveInd" sort_num="12" primary_key="0" incremented_key="0" hilo_block_size="" seq_name="" required="0" defaultlist="1" phi="0" fkey_table="" fkey_field=""/>
    <bb_table_field table_name="prov_clin_uhg_cntc" field_name="providerClinicalUhgContactID" sort_num="13" primary_key="1" incremented_key="1" hilo_block_size="5" seq_name="" required="1" defaultlist="1" phi="0" fkey_table="" fkey_field=""/>
    <bb_table_field table_name="prov_clin_uhg_cntc" field_name="ndbMpin" sort_num="14" primary_key="0" incremented_key="0" hilo_block_size="" seq_name="" required="0" defaultlist="1" phi="0" fkey_table="" fkey_field=""/>
    <bb_table_field table_name="prov_clin_uhg_cntc" field_name="ndbAddressSequenceNumber" sort_num="15" primary_key="0" incremented_key="0" hilo_block_size="" seq_name="" required="0" defaultlist="1" phi="0" fkey_table="" fkey_field=""/>
    <bb_table_field table_name="prov_clin_uhg_cntc" field_name="niceProviderGroupNumber" sort_num="16" primary_key="0" incremented_key="0" hilo_block_size="" seq_name="" required="0" defaultlist="1" phi="0" fkey_table="" fkey_field=""/>
    <bb_table_field table_name="prov_clin_uhg_cntc" field_name="niceProviderServiceLocationNum" sort_num="17" primary_key="0" incremented_key="0" hilo_block_size="" seq_name="" required="0" defaultlist="1" phi="0" fkey_table="" fkey_field=""/>
</bb_table_fieldsList>