<?xml version="1.0" encoding="UTF-8"?>
<beans xmlns="http://www.springframework.org/schema/beans"
       xmlns:xsi="http://www.w3.org/2001/XMLSchema-instance"
       xsi:schemaLocation="http://www.springframework.org/schema/beans http://www.springframework.org/schema/beans/spring-beans-4.3.xsd">

    <import resource="classpath*:resources/rabbitmq-beans.xml"/>
    <import resource="classpath*:resources/rabbitmq-listeners.xml"/>

    <!-- AMQP Messaging -->

    <bean id="com.optum.app.shared.messaging.SpclCareMessageNotifier" class="com.optum.app.shared.messaging.impl.SpclCareMessageNotifierImpl" lazy-init="false" scope="singleton">
        <property name="requiredMessageNotifier" ref="com.optum.rf.amqp.AMQPNotifier"/>
    </bean>

    <bean id="com.optum.app.shared.importAuth.ampq.impl.ImportAuthListener" class="com.optum.app.shared.importAuth.ampq.impl.ImportAuthListenerImpl" lazy-init="false" scope="singleton">
    </bean>

    <bean id="com.optum.rf.amqp.AMQPNotifier" class="com.optum.rf.amqp.AMQPNotifierImpl" lazy-init="false" scope="singleton">
        <property name="nonTransactionalRabbitTemplate" ref="nonTransactionalRabbitTemplate"/>
        <property name="transactionalRabbitTemplate" ref="transactionalRabbitTemplate"/>
    </bean>
    <alias name="com.optum.rf.amqp.AMQPNotifier" alias="com.optum.rf.core.message.MessageNotifier"/>

    <bean id="com.optum.rf.common.messaging.CommonMessageNotifier" class="com.optum.rf.common.messaging.CommonMessageNotifierImpl" lazy-init="false" scope="singleton">
        <property name="requiredMessageNotifier" ref="com.optum.rf.amqp.AMQPNotifier"/>
        <property name="requiredCacheNotifier" ref="com.optum.rf.dao.cache.CacheNotifier"/>
    </bean>

    <bean id="com.optum.rf.dao.cache.CacheNotifier" class="com.optum.rf.common.messaging.CacheNotifierImpl" lazy-init="false" scope="singleton">
        <property name="requiredMessageNotifier" ref="com.optum.rf.amqp.AMQPNotifier"/>
    </bean>
</beans>