<?xml version="1.0" encoding="UTF-8"?>
<beans xmlns="http://www.springframework.org/schema/beans"
       xmlns:xsi="http://www.w3.org/2001/XMLSchema-instance"
       xsi:schemaLocation="http://www.springframework.org/schema/beans http://www.springframework.org/schema/beans/spring-beans-4.3.xsd">

    <bean id="com.optum.rf.mail.MailConfig" class="com.optum.rf.common.mail.MailConfigImpl" lazy-init="false">
        <property name="requiredEnvironment" ref="com.optum.rf.core.util.Environment"/>
        <property name="requiredSystemSettingsFramework" ref="com.optum.rf.common.settings.businesslogic.SystemSettingsFramework"/>
        <property name="requiredSystemSettingsEmailGroup" ref="com.optum.rf.common.settings.businesslogic.SystemSettingsEmailGroup"/>
        <property name="requiredTemporarySystemSetting" ref="com.optum.rf.common.settings.businesslogic.TemporarySystemSetting"/>
    </bean>
    <bean id="com.optum.rf.mail.SendMail" class="com.optum.rf.mail.SendMailImpl">
        <property name="requiredMailConfig" ref="com.optum.rf.mail.MailConfig"/>
    </bean>
    <bean id="com.optum.rf.ws.impl.WebServiceClientFactory"
          class="com.optum.rf.common.webservice.impl.WebServiceClientFactoryImpl" lazy-init="false" scope="singleton">
        <property name="requiredWebServiceSettings" ref="com.optum.rf.common.settings.businesslogic.SystemSettingsWebService"/>
        <property name="requiredEnvironment" ref="com.optum.rf.core.util.Environment"/>
        <property name="requiredMessageNotifier" ref="com.optum.rf.core.message.MessageNotifier"/>
    </bean>
    <bean id="com.optum.rf.ws.impl.WebServiceRestfulClientFactory"
          class="com.optum.rf.common.webservice.impl.WebServiceRestfulClientFactoryImpl" lazy-init="false"
          scope="singleton">
        <property name="requiredWebServiceSettings" ref="com.optum.rf.common.settings.businesslogic.SystemSettingsWebService"/>
        <property name="requiredWebServiceModifierSettings" ref="com.optum.rf.common.settings.businesslogic.SystemSettingsWebServiceModifier"/>
        <property name="requiredEnvironment" ref="com.optum.rf.core.util.Environment"/>
        <property name="requiredKeyStoreStorage" ref="com.optum.rf.ws.security.keystore.KeyStoreStorage"/>
        <property name="requiredMessageNotifier" ref="com.optum.rf.core.message.MessageNotifier"/>
    </bean>
    <bean id="com.optum.rf.io.FileSystemInitializer" class="com.optum.rf.io.FileSystemInitializerImpl"  lazy-init="false" scope="singleton">
        <property name="requiredFileUtils" ref="com.optum.rf.io.FileUtils"/>
        <property name="requiredSystemSettingsFileSystem" ref="com.optum.rf.common.settings.businesslogic.SystemSettingsFileSystem"/>
    </bean>
    <bean id="com.optum.rf.dao.audit.AuditReceiver" class="com.optum.rf.common.log.audit.businesslogic.AuditReceiverImpl" lazy-init="false" scope="singleton">
        <property name="requiredReference" ref="com.optum.rf.ref.core.businesslogic.Reference"/>
    </bean>
    <bean id="com.optum.rf.common.log.util.Log4jUtilities" class="com.optum.rf.common.log.util.impl.Log4jUtilitiesImpl" lazy-init="false" scope="singleton">
        <property name="requiredCommonMessageNotifier" ref="com.optum.rf.common.messaging.CommonMessageNotifier"/>
    </bean>
    <bean id="com.optum.rf.web.log.LogCreator" class="com.optum.rf.common.log.util.impl.LogCreatorImpl" lazy-init="false" scope="singleton">
        <property name="requiredUserActivityLog" ref="com.optum.rf.common.log.businesslogic.UserActivityLog"/>
        <property name="requiredTemporarySystemSetting" ref="com.optum.rf.common.settings.businesslogic.TemporarySystemSetting"/>
        <property name="requiredServiceLocator" ref="com.optum.rf.core.ejb.ServiceLocator"/>
        <property name="requiredPermission" ref="com.optum.rf.common.security.businesslogic.Permission"/>
        <property name="requiredIrmEvent" ref="com.optum.rf.common.log.businesslogic.IRMEvent"/>
        <property name="requiredDbUtilities" ref="com.optum.rf.common.system.util.DbUtilities"/>
    </bean>
    <bean id="com.optum.rf.common.edi.extracts.util.ExtractFtpUtilities" class="com.optum.rf.common.edi.extracts.util.ExtractFtpUtilitiesImpl" lazy-init="false" scope="singleton">
        <property name="requiredFileUtils" ref="com.optum.rf.io.FileUtils"/>
        <property name="requiredFtpService" ref="com.optum.rf.io.ftp.FtpService"/>
        <property name="requiredSendMail" ref="com.optum.rf.mail.SendMail"/>
    </bean>
    <bean id="com.optum.rf.common.scheduler.util.TaskQueueReceiver" class="com.optum.rf.common.scheduler.util.TaskQueueReceiverImpl" lazy-init="false" scope="singleton">
        <property name="requiredScheduledJob" ref="com.optum.rf.common.scheduler.businesslogic.ScheduledJob"/>
    </bean>
    <bean id="com.optum.rf.common.security.businesslogic.Security" class="com.optum.rf.common.security.businesslogic.impl.SecurityImpl" lazy-init="false" scope="singleton">
        <property name="requiredSecurityRuleCriteria" ref="com.optum.rf.common.security.businesslogic.SecurityRuleCriteria"/>
        <property name="requiredDivisionSecurityRuleCriteria" ref="com.optum.rf.common.security.businesslogic.DivisionSecurityRuleCriteria"/>
        <property name="requiredPolicySecurityRuleCriteria" ref="com.optum.rf.common.security.businesslogic.PolicySecurityRuleCriteria"/>
        <property name="requiredSaoiSecurityRuleCriteria" ref="com.optum.rf.common.security.businesslogic.SaoiSecurityRuleCriteria"/>
        <property name="requiredDivGroupSecurityRuleCriteria" ref="com.optum.rf.common.security.businesslogic.DivGroupSecurityRuleCriteria"/>
        <property name="requiredReportCodeSecurityRuleCriteria" ref="com.optum.rf.common.security.businesslogic.ReportCodeSecurityRuleCriteria"/>
        <property name="requiredSaoiPolicySecurityRuleCriteria" ref="com.optum.rf.common.security.businesslogic.SaoiPolicySecurityRuleCriteria"/>
        <property name="requiredMemberSecurityRuleCriteria" ref="com.optum.rf.common.security.businesslogic.MemberSecurityRuleCriteria"/>
        <property name="requiredUserSecurityRule" ref="com.optum.rf.common.security.businesslogic.UserSecurityRule"/>
        <property name="requiredUser" ref="com.optum.app.ocm.common.security.businesslogic.AppUser"/>
        <property name="requiredUserGroup" ref="com.optum.rf.common.security.businesslogic.UserGroup"/>
        <property name="requiredUserGroupRole" ref="com.optum.rf.common.security.businesslogic.UserGroupPermissionGroup"/>
        <property name="requiredUserPermissionGroup" ref="com.optum.rf.common.security.businesslogic.UserPermissionGroup"/>
        <property name="requiredUserSecurityRuleView" ref="com.optum.rf.common.security.businesslogic.UserSecurityRuleView"/>
        <property name="requiredLdapAuthoritiesPopulatorMap" ref="LdapAuthoritiesPopulaterMap"/>
        <property name="requiredLdapUserSearchMap" ref="LdapUserSearchMap"/>
        <property name="requiredDefaultDomain" value="1"/>  <!-- value=1 is MS Domain -->
        <property name="requiredAuthoritiesHelper" ref="com.optum.rf.ws.security.AuthoritiesHelper"/>
    </bean>
    <bean id="com.optum.rf.common.security.businesslogic.UserPassword" class="com.optum.rf.common.security.businesslogic.impl.UserPasswordImpl" lazy-init="false" scope="singleton">
        <property name="requiredUser" ref="com.optum.app.ocm.common.security.businesslogic.AppUser"/>
    </bean>
    <bean id="com.optum.rf.common.security.processor.UsersProcessor" class="com.optum.rf.common.security.processor.UsersProcessorImpl" lazy-init="false" scope="singleton">
        <property name="requiredUser" ref="com.optum.app.ocm.common.security.businesslogic.AppUser"/>
    </bean>
    <bean id="com.optum.rf.common.security.util.SecuredDataCache" class="com.optum.rf.common.security.util.SecuredDataCacheImpl" lazy-init="false" scope="singleton">
        <property name="requiredSecurityRulePolicyView" ref="com.optum.rf.common.security.businesslogic.SecurityRulePolicyView"/>
        <property name="requiredSecurityRuleMemberView" ref="com.optum.rf.common.security.businesslogic.SecurityRuleMemberView"/>
    </bean>
    <bean id="com.optum.rf.web.security.PermissionCache" class="com.optum.rf.common.security.util.PermissionCacheImpl" lazy-init="false" scope="singleton">
        <property name="requiredPermissionGroupPermissionDAO" ref="prmis_grp_prmis_dao"/>
    </bean>
    <bean id="com.optum.rf.common.scheduler.util.trigger.ScheduledJobRunner" class="com.optum.rf.common.scheduler.util.trigger.ScheduledJobRunnerImpl">
        <property name="requiredScheduledJob" ref="com.optum.rf.common.scheduler.businesslogic.ScheduledJob"/>
        <property name="requiredScheduledJobLock" ref="com.optum.rf.common.scheduler.businesslogic.ScheduledJobLock"/>
    </bean>
    <bean id="com.optum.rf.common.scheduler.util.trigger.SchedulerControl" class="com.optum.rf.common.scheduler.util.trigger.SchedulerControlImpl">
        <constructor-arg index="0" value="false"/>
        <property name="requiredScheduledJobRunner" ref="com.optum.rf.common.scheduler.util.trigger.ScheduledJobRunner"/>
        <property name="requiredSendMail" ref="com.optum.rf.mail.SendMail"/>
    </bean>
    <bean id="com.optum.rf.common.scheduler.util.SchedulerReceiver" class="com.optum.rf.common.scheduler.util.SchedulerReceiverImpl" lazy-init="false" scope="singleton"/>
    <bean id="com.optum.rf.dao.util.system.businesslogic.SequenceGenerator" class="com.optum.rf.bl.businesslogic.impl.SequenceGeneratorImpl" lazy-init="false" scope="singleton">
        <property name="requiredDao" ref="sys_key_dao"/>
        <property name="requiredPersistenceHelper" ref="sys_key_PersistenceHelper"/>
        <property name="requiredServiceLocator" ref="com.optum.rf.core.ejb.ServiceLocator"/>
        <property name="requiredTransactionInterceptor" ref="com.optum.rf.bl.spring.TransactionInterceptor"/>
    </bean>
    <bean id="com.optum.rf.dao.util.system.businesslogic.LogSequenceGenerator" class="com.optum.rf.bl.businesslogic.impl.LogSequenceGeneratorImpl" lazy-init="false" scope="singleton">
        <property name="requiredDao" ref="log_sys_key_dao"/>
        <property name="requiredPersistenceHelper" ref="log_sys_key_PersistenceHelper"/>
        <property name="requiredServiceLocator" ref="com.optum.rf.core.ejb.ServiceLocator"/>
        <property name="requiredTransactionInterceptor" ref="com.optum.rf.bl.spring.TransactionInterceptor"/>
    </bean>
    <bean id="com.optum.rf.common.security.util.SecuredAssignmentCache" class="com.optum.rf.common.security.util.SecuredAssignmentCacheImpl" lazy-init="false" scope="singleton">
        <property name="requiredSecurityRuleSaoiView" ref="com.optum.rf.common.security.businesslogic.SecurityRuleSaoiView"/>
        <property name="requiredSecurityRuleSaoiPolicyView" ref="com.optum.rf.common.security.businesslogic.SecurityRuleSaoiPolicyView"/>
    </bean>
    <bean id="com.optum.rf.common.system.util.SystemSettingsPurgeTableProcessor" class="com.optum.rf.common.system.util.impl.SystemSettingsPurgeTableProcessorImpl" lazy-init="false" scope="singleton">
        <property name="requiredPurgeTableSettings" ref="com.optum.rf.common.settings.businesslogic.SystemSettingsPurgeTable"/>
        <property name="requiredScheduledJob" ref="com.optum.rf.common.scheduler.businesslogic.ScheduledJob"/>
    </bean>
    <bean id="com.optum.rf.common.system.util.SystemSettingsPurgeTableHelper" class="com.optum.rf.common.system.util.impl.SystemSettingsPurgeTableHelperImpl" lazy-init="false" scope="singleton">
        <property name="requiredPurgeTableSettings" ref="com.optum.rf.common.settings.businesslogic.SystemSettingsPurgeTable"/>
        <!--<property name="requiredPurgeTableCatalog" ref="com.optum.rf.common.system.util.PurgeTableCatalog"/>-->
        <property name="requiredTemporarySystemSetting" ref="com.optum.rf.common.settings.businesslogic.TemporarySystemSetting"/>
    </bean>
    <bean id="com.optum.rf.common.scheduler.util.ScheduledJobInitializer" class="com.optum.rf.common.scheduler.util.ScheduledJobInitializerImpl" lazy-init="false" scope="singleton">
        <property name="requiredScheduledJob" ref="com.optum.rf.common.scheduler.businesslogic.ScheduledJob"/>
    </bean>
    <bean id="com.optum.rf.ref.core.cache.ReferenceReadCache" class="com.optum.rf.common.reference.cache.impl.ReferenceReadCacheImpl" lazy-init="false">
        <property name="requiredEnvironment" ref="com.optum.rf.core.util.Environment"/>
        <property name="requiredReferenceDao" ref="ref_dao"/>
    </bean>
    <bean id="com.optum.rf.common.reference.cache.ReferenceQueryCache" class="com.optum.rf.common.reference.cache.impl.ReferenceQueryCacheImpl" lazy-init="false">
        <property name="requiredGenericSettings" ref="com.optum.rf.common.settings.businesslogic.TemporarySystemSetting"/>
        <property name="requiredDataAccessObject" ref="ref_dao"/>
    </bean>
    <bean id="com.optum.rf.common.reference.cache.ReferenceFilterChildQueryCache" class="com.optum.rf.common.reference.cache.impl.ReferenceFilterChildQueryCacheImpl" lazy-init="false">
        <property name="requiredGenericSettings" ref="com.optum.rf.common.settings.businesslogic.TemporarySystemSetting"/>
        <property name="requiredDataAccessObject" ref="ref_fltr_chld_dao"/>
    </bean>
    <bean id="com.optum.rf.common.reference.cache.ReferenceFilterCustomQueryCache" class="com.optum.rf.common.reference.cache.impl.ReferenceFilterCustomQueryCacheImpl" lazy-init="false">
        <property name="requiredGenericSettings" ref="com.optum.rf.common.settings.businesslogic.TemporarySystemSetting"/>
        <property name="requiredDataAccessObject" ref="ref_fltr_cstm_dao"/>
    </bean>
    <bean id="com.optum.rf.common.reference.cache.RefFilterChildViewQueryCache" class="com.optum.rf.common.reference.cache.impl.RefFilterChildViewQueryCacheImpl" lazy-init="false">
        <property name="requiredGenericSettings" ref="com.optum.rf.common.settings.businesslogic.TemporarySystemSetting"/>
        <property name="requiredDataAccessObject" ref="refFilterChildView_dao"/>
    </bean>
    <bean id="com.optum.rf.common.reference.cache.RefFilterCustomViewQueryCache" class="com.optum.rf.common.reference.cache.impl.RefFilterCustomViewQueryCacheImpl" lazy-init="false">
        <property name="requiredGenericSettings" ref="com.optum.rf.common.settings.businesslogic.TemporarySystemSetting"/>
        <property name="requiredDataAccessObject" ref="refFilterCustomView_dao"/>
    </bean>
    <bean id="com.optum.rf.common.security.util.ExpiredCertificateNotifier" class="com.optum.rf.common.security.util.ExpiredCertificateNotifierImpl">
        <property name="requiredKeyStoreLogic" ref="com.optum.rf.ws.security.keystore.KeyStoreLogic"/>
        <property name="requiredSendMail" ref="com.optum.rf.mail.SendMail"/>
    </bean>
    <bean id="com.optum.rf.bl.businesslogic.SystemTranslationObject"
          class="com.optum.rf.bl.businesslogic.impl.SystemTranslationObjectImpl" lazy-init="false" scope="singleton">
        <property name="requiredDao" ref="sys_trnsl_obj_dao"/>
        <property name="requiredPersistenceHelper" ref="sys_trnsl_obj_PersistenceHelper"/>
        <property name="requiredServiceLocator" ref="com.optum.rf.core.ejb.ServiceLocator"/>
        <property name="requiredTransactionInterceptor" ref="com.optum.rf.bl.spring.TransactionInterceptor"/>
    </bean>
    <bean id="com.optum.rf.bl.businesslogic.Translation"
          class="com.optum.rf.bl.businesslogic.impl.TranslationImpl" lazy-init="false" scope="singleton">
        <property name="requiredDao" ref="trnsl_dao"/>
        <property name="requiredPersistenceHelper" ref="trnsl_PersistenceHelper"/>
        <property name="requiredServiceLocator" ref="com.optum.rf.core.ejb.ServiceLocator"/>
        <property name="requiredTransactionInterceptor" ref="com.optum.rf.bl.spring.TransactionInterceptor"/>
        <property name="requiredSystemTranslationObject" ref="com.optum.rf.bl.businesslogic.SystemTranslationObject"/>
    </bean>
    <bean id="com.optum.rf.common.featureflag.util.FeatureFlagManager" class="com.optum.rf.common.featureflag.util.FeatureFlagManagerImpl" lazy-init="false">
        <property name="featureFlag" ref="com.optum.rf.common.featureflag.businesslogic.FeatureFlag"/>
        <property name="featureFlagVariation" ref="com.optum.rf.common.featureflag.businesslogic.FeatureFlagVariation"/>
    </bean>
</beans>
