<?xml version="1.0" encoding="UTF-8"?>
<beans xmlns="http://www.springframework.org/schema/beans"
        xmlns:xsi="http://www.w3.org/2001/XMLSchema-instance"
        xsi:schemaLocation="http://www.springframework.org/schema/beans http://www.springframework.org/schema/beans/spring-beans-4.3.xsd">

    <bean id="systemSettingsSql" class="com.optum.rf.common.controller.settings.SystemSettingsSqlController" lazy-init="true" scope="singleton">
        <property name="requiredEnvironment" ref="com.optum.rf.core.util.Environment"/>
        <property name="requiredLogCreator" ref="com.optum.rf.web.log.LogCreator"/>
        <property name="requiredPermissionCache" ref="com.optum.rf.web.security.PermissionCache"/>
        <property name="requiredControllerRequestCache" ref="com.optum.rf.core.controller.cache.ControllerRequestCache"/>
        <property name="requiredSystemSettingsFramework" ref="com.optum.rf.common.settings.businesslogic.SystemSettingsFramework"/>
        <property name="requiredSystemSettingsSql" ref="com.optum.rf.common.settings.businesslogic.SystemSettingsSql"/>
        <property name="requiredTemporarySystemSetting" ref="com.optum.rf.common.settings.businesslogic.TemporarySystemSetting"/>
        <property name="requiredCommonMessageNotifier" ref="com.optum.rf.common.messaging.CommonMessageNotifier"/>
    </bean>

    <!-- note - LoginAuthenticationProviderMap bean must be defined by the web application -->
    <bean id="login" class="com.optum.app.ocm.controller.OcmLoginController" lazy-init="true" scope="singleton">
        <property name="requiredSecurity" ref="com.optum.rf.common.security.businesslogic.Security"/>
        <property name="requiredLogCreator" ref="com.optum.rf.web.log.LogCreator"/>
        <property name="requiredAuthenticationProviderMap" ref="LoginAuthenticationProviderMap"/>
        <property name="requiredAuthoritiesHelper" ref="com.optum.rf.ws.security.AuthoritiesHelper"/>
        <property name="requiredSystemSettingsFramework" ref="com.optum.rf.common.settings.businesslogic.SystemSettingsFramework"/>
        <property name="requiredApplicationSettings" ref="com.optum.app.ocm.common.settings.businesslogic.ApplicationSettings"/>
        <property name="customerUserView" ref="com.optum.app.ocm.customer.businesslogic.CustomerUserView"/>
    </bean>
    
    <bean id="references" class="com.optum.rf.common.controller.reference.ReferencesController" lazy-init="true" scope="singleton">
        <!--<property name="requiredCpt4" ref="com.optum.rf.common.reference.businesslogic.Cpt4"/>-->
        <!--<property name="requiredCpt4ModifierXwalk" ref="com.optum.rf.common.reference.businesslogic.Cpt4ModifierXwalk"/>-->
        <property name="requiredControllerRequestCache" ref="com.optum.rf.core.controller.cache.ControllerRequestCache"/>
        <!--<property name="requiredDiagnosisCode" ref="com.optum.rf.common.reference.businesslogic.util.DiagnosisCode"/>-->
        <property name="requiredEnvironment" ref="com.optum.rf.core.util.Environment"/>
        <!--<property name="requiredHcpcs" ref="com.optum.rf.common.reference.businesslogic.Hcpcs"/>-->
        <!--<property name="requiredHcpcsModifierXwalk" ref="com.optum.rf.common.reference.businesslogic.HcpcsModifierXwalk"/>-->
        <!--<property name="requiredIcd9" ref="com.optum.rf.common.reference.businesslogic.Icd9"/>-->
        <!--<property name="requiredJoinIcdProcedure" ref="com.optum.rf.common.reference.businesslogic.JoinIcdProcedure"/>-->
        <!--<property name="requiredLogCreator" ref="com.optum.rf.web.log.LogCreator"/>-->
        <!--<property name="requiredModifiers" ref="com.optum.rf.common.reference.businesslogic.Modifiers"/>-->
        <!--<property name="requiredNdc" ref="com.optum.rf.common.reference.businesslogic.Ndc"/>-->
        <property name="requiredPermissionCache" ref="com.optum.rf.web.security.PermissionCache"/>
        <!--<property name="requiredProcedureCode" ref="com.optum.rf.common.reference.businesslogic.util.ProcedureCode"/>-->
        <!--<property name="requiredProcedureRangeCategoryRule" ref="com.optum.rf.common.reference.businesslogic.ProcedureRangeCategoryRule"/>-->
        <property name="requiredReference" ref="com.optum.rf.ref.core.businesslogic.Reference"/>
        <property name="requiredReferenceFilterChild" ref="com.optum.rf.ref.core.businesslogic.ReferenceFilterChild"/>
        <property name="requiredReferenceFilterCustom" ref="com.optum.rf.ref.core.businesslogic.ReferenceFilterCustom"/>
        <property name="requiredReferenceHeader" ref="com.optum.rf.ref.core.businesslogic.ReferenceHeader"/>
        <!--<property name="requiredRevenue" ref="com.optum.rf.common.reference.businesslogic.Revenue"/>-->
        <property name="requiredSystemSettingsFramework" ref="com.optum.rf.common.settings.businesslogic.SystemSettingsFramework"/>
        <property name="requiredTemporarySystemSetting" ref="com.optum.rf.common.settings.businesslogic.TemporarySystemSetting"/>
        <!--<property name="requiredZipCodeTimeZone" ref="com.optum.rf.common.reference.businesslogic.ZipCodeTimeZone"/>-->
    </bean>
    <bean id="scheduler" class="com.optum.rf.common.controller.scheduler.SchedulerController" lazy-init="true" scope="singleton">
        <constructor-arg index="0" ref="com.optum.rf.common.scheduler.businesslogic.ScheduledJob"/>
        <constructor-arg index="1" ref="com.optum.rf.common.messaging.CommonMessageNotifier"/>
        <constructor-arg index="2" ref="com.optum.rf.common.scheduler.businesslogic.ScheduledJobAuditDetail"/>
        <constructor-arg index="3" ref="com.optum.rf.common.scheduler.util.trigger.SchedulerControl"/>
        <property name="requiredLogCreator" ref="com.optum.rf.web.log.LogCreator"/>
        <property name="requiredPermissionCache" ref="com.optum.rf.web.security.PermissionCache"/>
        <property name="requiredControllerRequestCache" ref="com.optum.rf.core.controller.cache.ControllerRequestCache"/>
        <property name="requiredSystemSettingsFramework" ref="com.optum.rf.common.settings.businesslogic.SystemSettingsFramework"/>
        <property name="requiredTemporarySystemSetting" ref="com.optum.rf.common.settings.businesslogic.TemporarySystemSetting"/>
        <property name="requiredEnvironment" ref="com.optum.rf.core.util.Environment"/>
    </bean>
    <bean id="systemSettingsEmailGroup" class="com.optum.rf.common.controller.settings.SystemSettingsEmailGroupController" lazy-init="true" scope="singleton">
        <constructor-arg index="0" ref="com.optum.rf.common.settings.businesslogic.SystemSettingsEmailGroup"/>
        <property name="requiredLogCreator" ref="com.optum.rf.web.log.LogCreator"/>
        <property name="requiredPermissionCache" ref="com.optum.rf.web.security.PermissionCache"/>
        <property name="requiredControllerRequestCache" ref="com.optum.rf.core.controller.cache.ControllerRequestCache"/>
        <property name="requiredSystemSettingsFramework" ref="com.optum.rf.common.settings.businesslogic.SystemSettingsFramework"/>
        <property name="requiredTemporarySystemSetting" ref="com.optum.rf.common.settings.businesslogic.TemporarySystemSetting"/>
        <property name="requiredEnvironment" ref="com.optum.rf.core.util.Environment"/>
    </bean>
    <bean id="systemSettingsFileSystem" class="com.optum.rf.common.controller.settings.SystemSettingsFileSystemController" lazy-init="true" scope="singleton">
        <constructor-arg index="0" ref="com.optum.rf.common.settings.businesslogic.SystemSettingsFileSystem"/>
        <property name="requiredLogCreator" ref="com.optum.rf.web.log.LogCreator"/>
        <property name="requiredPermissionCache" ref="com.optum.rf.web.security.PermissionCache"/>
        <property name="requiredControllerRequestCache" ref="com.optum.rf.core.controller.cache.ControllerRequestCache"/>
        <property name="requiredSystemSettingsFramework" ref="com.optum.rf.common.settings.businesslogic.SystemSettingsFramework"/>
        <property name="requiredTemporarySystemSetting" ref="com.optum.rf.common.settings.businesslogic.TemporarySystemSetting"/>
        <property name="requiredEnvironment" ref="com.optum.rf.core.util.Environment"/>
    </bean>
    <bean id="systemSettingsFramework" class="com.optum.rf.common.controller.settings.SystemSettingsFrameworkController" lazy-init="true" scope="singleton">
        <constructor-arg index="0" ref="com.optum.rf.common.settings.businesslogic.SystemSettingsFramework"/>
        <property name="requiredLogCreator" ref="com.optum.rf.web.log.LogCreator"/>
        <property name="requiredPermissionCache" ref="com.optum.rf.web.security.PermissionCache"/>
        <property name="requiredControllerRequestCache" ref="com.optum.rf.core.controller.cache.ControllerRequestCache"/>
        <property name="requiredSystemSettingsFramework" ref="com.optum.rf.common.settings.businesslogic.SystemSettingsFramework"/>
        <property name="requiredTemporarySystemSetting" ref="com.optum.rf.common.settings.businesslogic.TemporarySystemSetting"/>
        <property name="requiredEnvironment" ref="com.optum.rf.core.util.Environment"/>
    </bean>
    <bean id="systemSettingsPingFederatePartner" class="com.optum.rf.common.controller.settings.SystemSettingsPingFederatePartnerController" lazy-init="true" scope="singleton">
        <constructor-arg index="0" ref="com.optum.rf.common.settings.businesslogic.SystemSettingsPingFederatePartner"/>
        <property name="requiredLogCreator" ref="com.optum.rf.web.log.LogCreator"/>
        <property name="requiredPermissionCache" ref="com.optum.rf.web.security.PermissionCache"/>
        <property name="requiredControllerRequestCache" ref="com.optum.rf.core.controller.cache.ControllerRequestCache"/>
        <property name="requiredSystemSettingsFramework" ref="com.optum.rf.common.settings.businesslogic.SystemSettingsFramework"/>
        <property name="requiredTemporarySystemSetting" ref="com.optum.rf.common.settings.businesslogic.TemporarySystemSetting"/>
        <property name="requiredEnvironment" ref="com.optum.rf.core.util.Environment"/>
    </bean>
    <bean id="systemSettingsPurgeTable" class="com.optum.rf.common.controller.settings.SystemSettingsPurgeTableController" lazy-init="true" scope="singleton">
        <constructor-arg index="0" ref="com.optum.rf.common.settings.businesslogic.SystemSettingsPurgeTable"/>
        <property name="requiredLogCreator" ref="com.optum.rf.web.log.LogCreator"/>
        <property name="requiredPermissionCache" ref="com.optum.rf.web.security.PermissionCache"/>
        <property name="requiredControllerRequestCache" ref="com.optum.rf.core.controller.cache.ControllerRequestCache"/>
        <property name="requiredSystemSettingsFramework" ref="com.optum.rf.common.settings.businesslogic.SystemSettingsFramework"/>
        <property name="requiredTemporarySystemSetting" ref="com.optum.rf.common.settings.businesslogic.TemporarySystemSetting"/>
        <property name="requiredEnvironment" ref="com.optum.rf.core.util.Environment"/>
    </bean>
    <bean id="systemSettingsReport" class="com.optum.rf.common.controller.settings.SystemSettingsReportController" lazy-init="true" scope="singleton">
        <constructor-arg index="0" ref="com.optum.rf.common.settings.businesslogic.SystemSettingsReport"/>
        <property name="requiredLogCreator" ref="com.optum.rf.web.log.LogCreator"/>
        <property name="requiredPermissionCache" ref="com.optum.rf.web.security.PermissionCache"/>
        <property name="requiredControllerRequestCache" ref="com.optum.rf.core.controller.cache.ControllerRequestCache"/>
        <property name="requiredSystemSettingsFramework" ref="com.optum.rf.common.settings.businesslogic.SystemSettingsFramework"/>
        <property name="requiredTemporarySystemSetting" ref="com.optum.rf.common.settings.businesslogic.TemporarySystemSetting"/>
        <property name="requiredEnvironment" ref="com.optum.rf.core.util.Environment"/>
    </bean>
    <bean id="systemSettingsWebService" class="com.optum.rf.common.controller.settings.SystemSettingsWebServiceController" lazy-init="true" scope="singleton">
        <constructor-arg index="0" ref="com.optum.rf.common.settings.businesslogic.SystemSettingsWebService"/>
        <property name="requiredLogCreator" ref="com.optum.rf.web.log.LogCreator"/>
        <property name="requiredPermissionCache" ref="com.optum.rf.web.security.PermissionCache"/>
        <property name="requiredControllerRequestCache" ref="com.optum.rf.core.controller.cache.ControllerRequestCache"/>
        <property name="requiredSystemSettingsFramework" ref="com.optum.rf.common.settings.businesslogic.SystemSettingsFramework"/>
        <property name="requiredTemporarySystemSetting" ref="com.optum.rf.common.settings.businesslogic.TemporarySystemSetting"/>
        <property name="requiredEnvironment" ref="com.optum.rf.core.util.Environment"/>
    </bean>
    <bean id="systemSettingsWebServiceProvider" class="com.optum.rf.common.controller.settings.SystemSettingsWebServiceProviderController" lazy-init="true" scope="singleton">
        <constructor-arg index="0" ref="com.optum.rf.common.settings.businesslogic.SystemSettingsWebServiceProvider"/>
        <constructor-arg index="1" ref="com.optum.rf.ws.security.keystore.KeyStoreLogic"/>
        <property name="requiredEnvironment" ref="com.optum.rf.core.util.Environment"/>
        <property name="requiredLogCreator" ref="com.optum.rf.web.log.LogCreator"/>
        <property name="requiredPermissionCache" ref="com.optum.rf.web.security.PermissionCache"/>
        <property name="requiredControllerRequestCache" ref="com.optum.rf.core.controller.cache.ControllerRequestCache"/>
        <property name="requiredSystemSettingsFramework" ref="com.optum.rf.common.settings.businesslogic.SystemSettingsFramework"/>
        <property name="requiredTemporarySystemSetting" ref="com.optum.rf.common.settings.businesslogic.TemporarySystemSetting"/>
    </bean>
    <bean id="systemSettingsAudit" class="com.optum.rf.common.controller.settings.SystemSettingsAuditController" lazy-init="true" scope="singleton">
        <constructor-arg index="0" ref="com.optum.rf.common.settings.businesslogic.SystemSettingsAuditDetail"/>
        <property name="requiredLogCreator" ref="com.optum.rf.web.log.LogCreator"/>
        <property name="requiredPermissionCache" ref="com.optum.rf.web.security.PermissionCache"/>
        <property name="requiredControllerRequestCache" ref="com.optum.rf.core.controller.cache.ControllerRequestCache"/>
        <property name="requiredSystemSettingsFramework" ref="com.optum.rf.common.settings.businesslogic.SystemSettingsFramework"/>
        <property name="requiredTemporarySystemSetting" ref="com.optum.rf.common.settings.businesslogic.TemporarySystemSetting"/>
        <property name="requiredEnvironment" ref="com.optum.rf.core.util.Environment"/>
    </bean>
    <!--<bean id="extractFTPSettings" class="com.optum.rf.common.controller.settings.ExtractFTPSettingsController" lazy-init="true" scope="singleton">-->
        <!--<constructor-arg index="0" ref="com.optum.rf.common.settings.businesslogic.ExtractFTPSettings"/>-->
        <!--<property name="requiredLogCreator" ref="com.optum.rf.web.log.LogCreator"/>-->
        <!--<property name="requiredPermissionCache" ref="com.optum.rf.web.security.PermissionCache"/>-->
        <!--<property name="requiredControllerRequestCache" ref="com.optum.rf.core.controller.cache.ControllerRequestCache"/>-->
        <!--<property name="requiredSystemSettingsFramework" ref="com.optum.rf.common.settings.businesslogic.SystemSettingsFramework"/>-->
        <!--<property name="requiredTemporarySystemSetting" ref="com.optum.rf.common.settings.businesslogic.TemporarySystemSetting"/>-->
        <!--<property name="requiredEnvironment" ref="com.optum.rf.core.util.Environment"/>-->
    <!--</bean>-->
    <bean id="temporarySystemSetting" class="com.optum.rf.common.controller.settings.TemporarySystemSettingController" lazy-init="true" scope="singleton">
        <constructor-arg index="0" ref="com.optum.rf.common.settings.businesslogic.TemporarySystemSetting"/>
        <property name="requiredLogCreator" ref="com.optum.rf.web.log.LogCreator"/>
        <property name="requiredPermissionCache" ref="com.optum.rf.web.security.PermissionCache"/>
        <property name="requiredControllerRequestCache" ref="com.optum.rf.core.controller.cache.ControllerRequestCache"/>
        <property name="requiredSystemSettingsFramework" ref="com.optum.rf.common.settings.businesslogic.SystemSettingsFramework"/>
        <property name="requiredTemporarySystemSetting" ref="com.optum.rf.common.settings.businesslogic.TemporarySystemSetting"/>
        <property name="requiredEnvironment" ref="com.optum.rf.core.util.Environment"/>
        <property name="requiredCommonMessageNotifier" ref="com.optum.rf.common.messaging.CommonMessageNotifier"/>
    </bean>
    <bean id="changePassword" class="com.optum.rf.common.controller.system.ChangePasswordController" lazy-init="true" scope="singleton">
        <property name="requiredLogCreator" ref="com.optum.rf.web.log.LogCreator"/>
        <property name="requiredPermissionCache" ref="com.optum.rf.web.security.PermissionCache"/>
        <property name="requiredControllerRequestCache" ref="com.optum.rf.core.controller.cache.ControllerRequestCache"/>
        <property name="requiredSystemSettingsFramework" ref="com.optum.rf.common.settings.businesslogic.SystemSettingsFramework"/>
        <property name="requiredTemporarySystemSetting" ref="com.optum.rf.common.settings.businesslogic.TemporarySystemSetting"/>
        <property name="requiredEnvironment" ref="com.optum.rf.core.util.Environment"/>
    </bean>
    <bean id="log" class="com.optum.rf.common.controller.system.LogController" lazy-init="true" scope="singleton">
        <constructor-arg index="0" ref="com.optum.rf.common.log.businesslogic.UserActivityLog"/>
        <constructor-arg index="1" ref="com.optum.rf.common.log.util.Log4jUtilities"/>
        <property name="requiredLogCreator" ref="com.optum.rf.web.log.LogCreator"/>
        <property name="requiredPermissionCache" ref="com.optum.rf.web.security.PermissionCache"/>
        <property name="requiredControllerRequestCache" ref="com.optum.rf.core.controller.cache.ControllerRequestCache"/>
        <property name="requiredSystemSettingsFramework" ref="com.optum.rf.common.settings.businesslogic.SystemSettingsFramework"/>
        <property name="requiredTemporarySystemSetting" ref="com.optum.rf.common.settings.businesslogic.TemporarySystemSetting"/>
        <property name="requiredEnvironment" ref="com.optum.rf.core.util.Environment"/>
    </bean>
    <bean id="security" class="com.optum.rf.common.controller.system.SecurityController" lazy-init="true" scope="singleton">
        <property name="requiredDivGroupSecurityRuleCriteria" ref="com.optum.rf.common.security.businesslogic.DivGroupSecurityRuleCriteria"/>
        <property name="requiredDivisionSecurityRuleCriteria" ref="com.optum.rf.common.security.businesslogic.DivisionSecurityRuleCriteria"/>
        <property name="requiredEnvironment" ref="com.optum.rf.core.util.Environment"/>
        <property name="requiredKeyStoreLogic" ref="com.optum.rf.ws.security.keystore.KeyStoreLogic"/>
        <property name="requiredLogCreator" ref="com.optum.rf.web.log.LogCreator"/>
        <property name="requiredPermission" ref="com.optum.rf.common.security.businesslogic.Permission"/>
        <property name="requiredPermissionCache" ref="com.optum.rf.web.security.PermissionCache"/>
        <property name="requiredControllerRequestCache" ref="com.optum.rf.core.controller.cache.ControllerRequestCache"/>
        <property name="requiredPermissionGroup" ref="com.optum.rf.common.security.businesslogic.PermissionGroup"/>
        <property name="requiredPermissionGroupAuditDetail" ref="com.optum.rf.common.security.businesslogic.PermissionGroupAuditDetail"/>
        <property name="requiredPermissionGroupPermission" ref="com.optum.rf.common.security.businesslogic.PermissionGroupPermission"/>
        <property name="requiredPolicySecurityRuleCriteria" ref="com.optum.rf.common.security.businesslogic.PolicySecurityRuleCriteria"/>
        <property name="requiredReportCodeSecurityRuleCriteria" ref="com.optum.rf.common.security.businesslogic.ReportCodeSecurityRuleCriteria"/>
        <property name="requiredSaoiSecurityRuleCriteria" ref="com.optum.rf.common.security.businesslogic.SaoiSecurityRuleCriteria"/>
        <property name="requiredSaoiPolicySecurityRuleCriteria" ref="com.optum.rf.common.security.businesslogic.SaoiPolicySecurityRuleCriteria"/>
        <property name="requiredMemberSecurityRuleCriteria" ref="com.optum.rf.common.security.businesslogic.MemberSecurityRuleCriteria"/>
        <property name="requiredSecurityRule" ref="com.optum.rf.common.security.businesslogic.SecurityRule"/>
        <property name="requiredSecurityRuleCriteria" ref="com.optum.rf.common.security.businesslogic.SecurityRuleCriteria"/>
        <property name="requiredSecurityRuleCriteriaAuditDetail" ref="com.optum.rf.common.security.businesslogic.SecurityRuleCriteriaAuditDetail"/>
        <property name="requiredSecurityRuleCriteriaView" ref="com.optum.rf.common.security.businesslogic.SecurityRuleCriteriaView"/>
        <property name="requiredSystemSettingsFramework" ref="com.optum.rf.common.settings.businesslogic.SystemSettingsFramework"/>
        <property name="requiredTemporarySystemSetting" ref="com.optum.rf.common.settings.businesslogic.TemporarySystemSetting"/>
        <property name="requiredUserGroup" ref="com.optum.rf.common.security.businesslogic.UserGroup"/>
        <property name="requiredUserGroupAuditDetail" ref="com.optum.rf.common.security.businesslogic.UserGroupAuditDetail"/>
        <property name="requiredUserGroupPermissionGroup" ref="com.optum.rf.common.security.businesslogic.UserGroupPermissionGroup"/>
    </bean>
    <bean id="tableDef" class="com.optum.rf.common.controller.system.TableDefController" lazy-init="true" scope="singleton">
        <property name="requiredTableDefValidator" ref="com.optum.rf.dao.tabledef.TableDefValidator"/>
        <property name="requiredLogCreator" ref="com.optum.rf.web.log.LogCreator"/>
        <property name="requiredPermissionCache" ref="com.optum.rf.web.security.PermissionCache"/>
        <property name="requiredControllerRequestCache" ref="com.optum.rf.core.controller.cache.ControllerRequestCache"/>
        <property name="requiredSystemSettingsFramework" ref="com.optum.rf.common.settings.businesslogic.SystemSettingsFramework"/>
        <property name="requiredTemporarySystemSetting" ref="com.optum.rf.common.settings.businesslogic.TemporarySystemSetting"/>
        <property name="requiredEnvironment" ref="com.optum.rf.core.util.Environment"/>
    </bean>
    <bean id="utilities" class="com.optum.rf.common.controller.system.UtilitiesController" lazy-init="true" scope="singleton">
        <property name="requiredLogCreator" ref="com.optum.rf.web.log.LogCreator"/>
        <property name="requiredPermissionCache" ref="com.optum.rf.web.security.PermissionCache"/>
        <property name="requiredControllerRequestCache" ref="com.optum.rf.core.controller.cache.ControllerRequestCache"/>
        <property name="requiredSystemSettingsFramework" ref="com.optum.rf.common.settings.businesslogic.SystemSettingsFramework"/>
        <property name="requiredTemporarySystemSetting" ref="com.optum.rf.common.settings.businesslogic.TemporarySystemSetting"/>
        <property name="requiredEnvironment" ref="com.optum.rf.core.util.Environment"/>
    </bean>
    <bean id="menu" class="com.optum.rf.common.controller.system.MenuController" lazy-init="true" scope="singleton">
        <property name="requiredLogCreator" ref="com.optum.rf.web.log.LogCreator"/>
        <property name="requiredPermissionCache" ref="com.optum.rf.web.security.PermissionCache"/>
        <property name="requiredControllerRequestCache" ref="com.optum.rf.core.controller.cache.ControllerRequestCache"/>
        <property name="requiredSystemSettingsFramework" ref="com.optum.rf.common.settings.businesslogic.SystemSettingsFramework"/>
        <property name="requiredTemporarySystemSetting" ref="com.optum.rf.common.settings.businesslogic.TemporarySystemSetting"/>
        <property name="requiredEnvironment" ref="com.optum.rf.core.util.Environment"/>
    </bean>
   
    <bean id="session" class="com.optum.rf.common.controller.system.SessionController" lazy-init="true" scope="singleton">
        <property name="requiredLogCreator" ref="com.optum.rf.web.log.LogCreator"/>
        <property name="requiredPermissionCache" ref="com.optum.rf.web.security.PermissionCache"/>
        <property name="requiredControllerRequestCache" ref="com.optum.rf.core.controller.cache.ControllerRequestCache"/>
        <property name="requiredSystemSettingsFramework" ref="com.optum.rf.common.settings.businesslogic.SystemSettingsFramework"/>
        <property name="requiredTemporarySystemSetting" ref="com.optum.rf.common.settings.businesslogic.TemporarySystemSetting"/>
        <property name="requiredEnvironment" ref="com.optum.rf.core.util.Environment"/>
    </bean>

</beans>