<?xml version="1.0" encoding="UTF-8"?>
<beans xmlns="http://www.springframework.org/schema/beans"
       xmlns:xsi="http://www.w3.org/2001/XMLSchema-instance"
       xsi:schemaLocation="http://www.springframework.org/schema/beans http://www.springframework.org/schema/beans/spring-beans-4.3.xsd">

    <bean id="com.optum.rf.common.log.businesslogic.SystemSqlLog" class="com.optum.rf.common.log.businesslogic.impl.SystemSqlLogImpl"  lazy-init="false" scope="singleton">
        <property name="requiredDao" ref="sys_sql_log_dao"/>
        <!--       <property name="requiredTemporarySystemSetting" ref="com.optum.rf.common.settings.businesslogic.TemporarySystemSetting"/>
        -->
        <property name="requiredPersistenceHelper" ref="sys_sql_log_PersistenceHelper"/>
        <property name="requiredServiceLocator" ref="com.optum.rf.core.ejb.ServiceLocator"/>
        <property name="requiredTransactionInterceptor" ref="com.optum.rf.bl.spring.TransactionInterceptor"/>
        <property name="requiredDbUtilities" ref="com.optum.rf.common.system.util.DbUtilities"/>
    </bean>
    <bean id="com.optum.rf.dao.logging.SqlLog" class="com.optum.rf.common.log.businesslogic.impl.SystemSqlLogImpl"  lazy-init="false" scope="singleton">
        <property name="requiredDao" ref="sys_sql_log_dao"/>
        <property name="requiredPersistenceHelper" ref="sys_sql_log_PersistenceHelper"/>
        <property name="requiredServiceLocator" ref="com.optum.rf.core.ejb.ServiceLocator"/>
        <property name="requiredTransactionInterceptor" ref="com.optum.rf.bl.spring.TransactionInterceptor"/>
    </bean>
    <bean id="com.optum.rf.common.settings.businesslogic.SystemSettingsSql" class="com.optum.rf.common.settings.businesslogic.impl.SystemSettingsSqlImpl"  lazy-init="false" scope="singleton">
        <property name="requiredDao" ref="sys_set_sql_dao"/>
        <property name="requiredPersistenceHelper" ref="sys_set_sql_PersistenceHelper"/>
        <property name="requiredServiceLocator" ref="com.optum.rf.core.ejb.ServiceLocator"/>
        <property name="requiredTransactionInterceptor" ref="com.optum.rf.bl.spring.TransactionInterceptor"/>
    </bean>
    <bean id="com.optum.rf.common.reference.businesslogic.CodeXRef"
          class="com.optum.rf.common.reference.businesslogic.impl.CodeXRefImpl" lazy-init="false" scope="singleton">
        <property name="requiredDao" ref="cd_xref_dao"/>
        <property name="requiredPersistenceHelper" ref="cd_xref_PersistenceHelper"/>
        <property name="requiredServiceLocator" ref="com.optum.rf.core.ejb.ServiceLocator"/>
        <property name="requiredTransactionInterceptor" ref="com.optum.rf.bl.spring.TransactionInterceptor"/>
    </bean>
    <bean id="com.optum.rf.common.featureflag.businesslogic.FeatureFlag"
          class="com.optum.rf.common.featureflag.businesslogic.impl.FeatureFlagImpl" lazy-init="false" scope="singleton">
        <property name="requiredDao" ref="sys_ftur_flg_dao"/>
        <property name="requiredPersistenceHelper" ref="sys_ftur_flg_PersistenceHelper"/>
        <property name="requiredServiceLocator" ref="com.optum.rf.core.ejb.ServiceLocator"/>
        <property name="requiredTransactionInterceptor" ref="com.optum.rf.bl.spring.TransactionInterceptor"/>
    </bean>
    <bean id="com.optum.rf.common.featureflag.businesslogic.FeatureFlagVariation"
          class="com.optum.rf.common.featureflag.businesslogic.impl.FeatureFlagVariationImpl" lazy-init="false" scope="singleton">
        <property name="requiredDao" ref="sys_ftur_flg_var_dao"/>
        <property name="requiredPersistenceHelper" ref="sys_ftur_flg_var_PersistenceHelper"/>
        <property name="requiredServiceLocator" ref="com.optum.rf.core.ejb.ServiceLocator"/>
        <property name="requiredTransactionInterceptor" ref="com.optum.rf.bl.spring.TransactionInterceptor"/>
    </bean>
    <bean id="com.optum.rf.common.featureflag.businesslogic.FeatureFlagAuditDetail"
          class="com.optum.rf.common.featureflag.businesslogic.impl.FeatureFlagAuditDetailImpl" lazy-init="false" scope="singleton">
        <property name="requiredDao" ref="sys_ftur_flg_aud_dtl_dao"/>
        <property name="requiredPersistenceHelper" ref="sys_ftur_flg_aud_dtl_PersistenceHelper"/>
        <property name="requiredServiceLocator" ref="com.optum.rf.core.ejb.ServiceLocator"/>
        <property name="requiredTransactionInterceptor" ref="com.optum.rf.bl.spring.TransactionInterceptor"/>
    </bean>
    <bean id="com.optum.rf.common.webservice.logging.businesslogic.WebServiceLog" class="com.optum.rf.common.webservice.logging.businesslogic.impl.WebServiceLogImpl"  lazy-init="false" scope="singleton">
        <property name="requiredDao" ref="sys_web_srvc_log_dao"/>
        <property name="requiredPersistenceHelper" ref="sys_web_srvc_log_PersistenceHelper"/>
        <property name="requiredServiceLocator" ref="com.optum.rf.core.ejb.ServiceLocator"/>
        <property name="requiredTransactionInterceptor" ref="com.optum.rf.bl.spring.TransactionInterceptor"/>
        <property name="requiredDbUtilities" ref="com.optum.rf.common.system.util.DbUtilities"/>
    </bean>
    <bean id="com.optum.rf.common.settings.businesslogic.SystemSettingsEmailGroup" class="com.optum.rf.common.settings.businesslogic.impl.SystemSettingsEmailGroupImpl" lazy-init="false" scope="singleton">
        <property name="requiredDao" ref="sys_set_email_grp_dao"/>
        <property name="requiredPersistenceHelper" ref="sys_set_email_grp_PersistenceHelper"/>
        <property name="requiredEnvironment" ref="com.optum.rf.core.util.Environment"/>
        <property name="requiredServiceLocator" ref="com.optum.rf.core.ejb.ServiceLocator"/>
        <property name="requiredTransactionInterceptor" ref="com.optum.rf.bl.spring.TransactionInterceptor"/>
    </bean>
    <bean id="com.optum.rf.common.settings.businesslogic.SystemSettingsFileSystem" class="com.optum.rf.common.settings.businesslogic.impl.SystemSettingsFileSystemImpl" lazy-init="false" scope="singleton">
        <property name="requiredDao" ref="sys_set_fl_sys_dao"/>
        <property name="requiredPersistenceHelper" ref="sys_set_fl_sys_PersistenceHelper"/>
        <property name="requiredEnvironment" ref="com.optum.rf.core.util.Environment"/>
        <property name="requiredFileUtils" ref="com.optum.rf.io.FileUtils"/>
        <property name="requiredServiceLocator" ref="com.optum.rf.core.ejb.ServiceLocator"/>
        <property name="requiredTransactionInterceptor" ref="com.optum.rf.bl.spring.TransactionInterceptor"/>
    </bean>
    <bean id="com.optum.rf.common.settings.businesslogic.SystemSettingsFramework" class="com.optum.rf.common.settings.businesslogic.impl.SystemSettingsFrameworkImpl" lazy-init="false" scope="singleton">
        <property name="requiredDao" ref="sys_set_framwrk_dao"/>
        <property name="requiredPersistenceHelper" ref="sys_set_framwrk_PersistenceHelper"/>
        <property name="requiredEnvironment" ref="com.optum.rf.core.util.Environment"/>
        <property name="requiredServiceLocator" ref="com.optum.rf.core.ejb.ServiceLocator"/>
        <property name="requiredTransactionInterceptor" ref="com.optum.rf.bl.spring.TransactionInterceptor"/>
        <property name="requiredTemporarySystemSetting" ref="com.optum.rf.common.settings.businesslogic.TemporarySystemSetting"/>
        <property name="requiredSystemSettingsWebService" ref="com.optum.rf.common.settings.businesslogic.SystemSettingsWebService"/>
        <property name="requiredWebServiceClientFactory" ref="com.optum.rf.ws.impl.WebServiceClientFactory"/>
        <property name="requiredWebServiceRestfulClientFactory" ref="com.optum.rf.ws.impl.WebServiceRestfulClientFactory"/>
    </bean>
    <bean id="com.optum.rf.common.settings.businesslogic.SystemSettingsPingFederatePartner" class="com.optum.rf.common.settings.businesslogic.impl.SystemSettingsPingFederatePartnerImpl" lazy-init="false" scope="singleton">
        <property name="requiredDao" ref="sys_set_png_fdrtd_prtn_dao"/>
        <property name="requiredPersistenceHelper" ref="sys_set_png_fdrtd_prtn_PersistenceHelper"/>
        <property name="requiredEnvironment" ref="com.optum.rf.core.util.Environment"/>
        <property name="requiredServiceLocator" ref="com.optum.rf.core.ejb.ServiceLocator"/>
        <property name="requiredTransactionInterceptor" ref="com.optum.rf.bl.spring.TransactionInterceptor"/>
    </bean>
    <bean id="com.optum.rf.common.settings.businesslogic.SystemSettingsPurgeTable" class="com.optum.rf.common.settings.businesslogic.impl.SystemSettingsPurgeTableImpl" lazy-init="false" scope="singleton">
        <property name="requiredPurgeTableSettingsDAO" ref="sys_set_prg_tbl_dao"/>
        <property name="requiredPersistenceHelper" ref="sys_set_prg_tbl_PersistenceHelper"/>
        <property name="requiredEnvironment" ref="com.optum.rf.core.util.Environment"/>
        <property name="requiredServiceLocator" ref="com.optum.rf.core.ejb.ServiceLocator"/>
        <property name="requiredTransactionInterceptor" ref="com.optum.rf.bl.spring.TransactionInterceptor"/>
    </bean>
    <bean id="com.optum.rf.common.settings.businesslogic.SystemSettingsReport" class="com.optum.rf.common.settings.businesslogic.impl.SystemSettingsReportImpl" lazy-init="false" scope="singleton">
        <property name="requiredDao" ref="sys_set_rpt_dao"/>
        <property name="requiredPersistenceHelper" ref="sys_set_rpt_PersistenceHelper"/>
        <property name="requiredEnvironment" ref="com.optum.rf.core.util.Environment"/>
        <property name="requiredServiceLocator" ref="com.optum.rf.core.ejb.ServiceLocator"/>
        <property name="requiredTransactionInterceptor" ref="com.optum.rf.bl.spring.TransactionInterceptor"/>
    </bean>
    <bean id="com.optum.rf.common.settings.businesslogic.SystemSettingsWebService" class="com.optum.rf.common.settings.businesslogic.impl.SystemSettingsWebServiceImpl" lazy-init="false" scope="singleton">
        <property name="requiredDao" ref="sys_set_web_srvc_dao"/>
        <property name="requiredPersistenceHelper" ref="sys_set_web_srvc_PersistenceHelper"/>
        <property name="requiredEnvironment" ref="com.optum.rf.core.util.Environment"/>
        <property name="requiredServiceLocator" ref="com.optum.rf.core.ejb.ServiceLocator"/>
        <property name="requiredTransactionInterceptor" ref="com.optum.rf.bl.spring.TransactionInterceptor"/>
        <property name="requiredWebServiceClientFactory" ref="com.optum.rf.ws.impl.WebServiceClientFactory"/>
        <property name="requiredWebServiceRestfulClientFactory" ref="com.optum.rf.ws.impl.WebServiceRestfulClientFactory"/>
        <property name="requiredSystemSettingsFramework" ref="com.optum.rf.common.settings.businesslogic.SystemSettingsFramework"/>
    </bean>
    <bean id="com.optum.rf.common.settings.businesslogic.SystemSettingsWebServiceModifier" class="com.optum.rf.common.settings.businesslogic.impl.SystemSettingsWebServiceModifierImpl" lazy-init="false" scope="singleton">
        <property name="requiredDao" ref="sys_set_web_srvc_mod_dao"/>
        <property name="requiredPersistenceHelper" ref="sys_set_web_srvc_mod_PersistenceHelper"/>
        <property name="requiredEnvironment" ref="com.optum.rf.core.util.Environment"/>
        <property name="requiredServiceLocator" ref="com.optum.rf.core.ejb.ServiceLocator"/>
        <property name="requiredTransactionInterceptor" ref="com.optum.rf.bl.spring.TransactionInterceptor"/>
        <property name="requiredSystemSettingsFramework" ref="com.optum.rf.common.settings.businesslogic.SystemSettingsFramework"/>
    </bean>
    <bean id="com.optum.rf.common.settings.businesslogic.SystemSettingsWebServiceProvider" class="com.optum.rf.common.settings.businesslogic.impl.SystemSettingsWebServiceProviderImpl" lazy-init="false" scope="singleton">
        <property name="requiredDao" ref="sys_set_provd_web_srvc_dao"/>
        <property name="requiredPersistenceHelper" ref="sys_set_provd_web_srvc_PersistenceHelper"/>
        <property name="requiredEnvironment" ref="com.optum.rf.core.util.Environment"/>
        <property name="requiredServiceLocator" ref="com.optum.rf.core.ejb.ServiceLocator"/>
        <property name="requiredTransactionInterceptor" ref="com.optum.rf.bl.spring.TransactionInterceptor"/>
    </bean>
    <bean id="com.optum.rf.common.settings.businesslogic.SystemSettingsWorkManager" class="com.optum.rf.common.settings.businesslogic.impl.SystemSettingsWorkManagerImpl" lazy-init="false" scope="singleton">
        <property name="requiredDao" ref="sys_set_wrk_mgr_dao"/>
        <property name="requiredPersistenceHelper" ref="sys_set_wrk_mgr_PersistenceHelper"/>
        <property name="requiredEnvironment" ref="com.optum.rf.core.util.Environment"/>
        <property name="requiredServiceLocator" ref="com.optum.rf.core.ejb.ServiceLocator"/>
        <property name="requiredTransactionInterceptor" ref="com.optum.rf.bl.spring.TransactionInterceptor">
        </property>
    </bean>
    <bean id="com.optum.rf.ref.core.businesslogic.ReferenceHeader"
          class="com.optum.rf.ref.core.businesslogic.impl.ReferenceHeaderImpl" lazy-init="false"
          scope="singleton">
        <property name="requiredDao" ref="ref_head_dao"/>
        <property name="requiredServiceLocator" ref="com.optum.rf.core.ejb.ServiceLocator"/>
    </bean>
    <bean id="com.optum.rf.ref.core.businesslogic.Reference"
          class="com.optum.rf.ref.core.businesslogic.impl.ReferenceImpl" lazy-init="false" scope="singleton">
        <property name="requiredDao" ref="ref_dao"/>
        <property name="requiredPersistenceHelper" ref="ref_PersistenceHelper"/>
        <property name="requiredServiceLocator" ref="com.optum.rf.core.ejb.ServiceLocator"/>
        <property name="requiredTransactionInterceptor" ref="com.optum.rf.bl.spring.TransactionInterceptor"/>
        <property name="requiredReferenceHeader" ref="com.optum.rf.ref.core.businesslogic.ReferenceHeader"/>
        <property name="requiredRefFilterCustomView" ref="com.optum.rf.ref.core.businesslogic.RefFilterCustomView"/>
        <property name="requiredRefFilterChildView" ref="com.optum.rf.ref.core.businesslogic.RefFilterChildView"/>
        <property name="requiredReferenceFilterCustom" ref="com.optum.rf.ref.core.businesslogic.ReferenceFilterCustom"/>
        <property name="requiredReferenceFilterChild" ref="com.optum.rf.ref.core.businesslogic.ReferenceFilterChild"/>
        <property name="requiredReferenceReadCache" ref="com.optum.rf.ref.core.cache.ReferenceReadCache"/>
        <property name="requiredQueryCache" ref="com.optum.rf.common.reference.cache.ReferenceQueryCache"/>
    </bean>
    <bean id="com.optum.rf.ref.core.businesslogic.ReferenceFilterChild"
          class="com.optum.rf.ref.core.businesslogic.impl.ReferenceFilterChildImpl" lazy-init="false" scope="singleton">
        <property name="requiredDao" ref="ref_fltr_chld_dao"/>
        <property name="requiredPersistenceHelper" ref="ref_fltr_chld_PersistenceHelper"/>
        <property name="requiredServiceLocator" ref="com.optum.rf.core.ejb.ServiceLocator"/>
        <property name="requiredTransactionInterceptor" ref="com.optum.rf.bl.spring.TransactionInterceptor"/>
        <property name="requiredReference" ref="com.optum.rf.ref.core.businesslogic.Reference"/>
        <property name="requiredQueryCache" ref="com.optum.rf.common.reference.cache.ReferenceFilterChildQueryCache"/>
    </bean>
    <bean id="com.optum.rf.ref.core.businesslogic.ReferenceFilterCustom"
          class="com.optum.rf.ref.core.businesslogic.impl.ReferenceFilterCustomImpl" lazy-init="false" scope="singleton">
        <property name="requiredDao" ref="ref_fltr_cstm_dao"/>
        <property name="requiredPersistenceHelper" ref="ref_fltr_cstm_PersistenceHelper"/>
        <property name="requiredServiceLocator" ref="com.optum.rf.core.ejb.ServiceLocator"/>
        <property name="requiredTransactionInterceptor" ref="com.optum.rf.bl.spring.TransactionInterceptor"/>
        <property name="requiredQueryCache" ref="com.optum.rf.common.reference.cache.ReferenceFilterCustomQueryCache"/>
    </bean>
    <bean id="com.optum.rf.ref.core.businesslogic.RefFilterChildView"
          class="com.optum.rf.ref.core.businesslogic.impl.RefFilterChildViewImpl" lazy-init="false" scope="singleton">
        <property name="requiredDao" ref="refFilterChildView_dao"/>
        <property name="requiredServiceLocator" ref="com.optum.rf.core.ejb.ServiceLocator"/>
        <property name="requiredQueryCache" ref="com.optum.rf.common.reference.cache.RefFilterChildViewQueryCache"/>
    </bean>
    <bean id="com.optum.rf.ref.core.businesslogic.RefFilterCustomView"
          class="com.optum.rf.ref.core.businesslogic.impl.RefFilterCustomViewImpl" lazy-init="false" scope="singleton">
        <property name="requiredDao" ref="refFilterCustomView_dao"/>
        <property name="requiredServiceLocator" ref="com.optum.rf.core.ejb.ServiceLocator"/>
        <property name="requiredRefFilterCustomViewQueryCache" ref="com.optum.rf.common.reference.cache.RefFilterCustomViewQueryCache"/>
    </bean>
    <bean id="com.optum.rf.common.scheduler.businesslogic.ScheduledJobAuditDetail"
          class="com.optum.rf.common.scheduler.businesslogic.impl.ScheduledJobAuditDetailImpl" lazy-init="false"
          scope="singleton">
        <property name="requiredDao" ref="sched_job_aud_dtl_dao"/>
        <property name="requiredPersistenceHelper" ref="sched_job_aud_dtl_PersistenceHelper"/>
        <property name="requiredServiceLocator" ref="com.optum.rf.core.ejb.ServiceLocator"/>
        <property name="requiredTransactionInterceptor" ref="com.optum.rf.bl.spring.TransactionInterceptor"/>
    </bean>
    <bean id="com.optum.rf.common.scheduler.businesslogic.ScheduledJob"
          class="com.optum.rf.common.scheduler.businesslogic.impl.ScheduledJobImpl" lazy-init="false" scope="singleton">
        <property name="requiredDao" ref="sched_job_dao"/>
        <property name="requiredPersistenceHelper" ref="sched_job_PersistenceHelper"/>
        <property name="requiredMessageNotifier" ref="com.optum.rf.core.message.MessageNotifier"/>
        <property name="requiredServiceLocator" ref="com.optum.rf.core.ejb.ServiceLocator"/>
        <property name="requiredTransactionInterceptor" ref="com.optum.rf.bl.spring.TransactionInterceptor"/>
        <property name="requiredUser" ref="com.optum.app.ocm.common.security.businesslogic.AppUser"/>
        <property name="requiredSendMail" ref="com.optum.rf.mail.SendMail"/>
        <property name="requiredTaskQueueReceiver" ref="com.optum.rf.common.scheduler.util.TaskQueueReceiver"/>
    </bean>
    <bean id="com.optum.rf.common.scheduler.businesslogic.ScheduledJobLock"
          class="com.optum.rf.common.scheduler.businesslogic.impl.ScheduledJobLockImpl" lazy-init="false"
          scope="singleton">
        <property name="requiredDao" ref="sched_job_lck_dao"/>
        <property name="requiredServiceLocator" ref="com.optum.rf.core.ejb.ServiceLocator"/>
    </bean>
    <bean id="com.optum.rf.common.scheduler.businesslogic.ScheduledJobsLockAuditDetail"
          class="com.optum.rf.common.scheduler.businesslogic.impl.ScheduledJobsLockAuditDetailImpl" lazy-init="false"
          scope="singleton">
        <property name="requiredDao" ref="sched_job_lck_aud_dtl_dao"/>
        <property name="requiredPersistenceHelper" ref="sched_job_lck_aud_dtl_PersistenceHelper"/>
        <property name="requiredServiceLocator" ref="com.optum.rf.core.ejb.ServiceLocator"/>
        <property name="requiredTransactionInterceptor" ref="com.optum.rf.bl.spring.TransactionInterceptor"/>
    </bean>
    <bean id="com.optum.rf.common.security.businesslogic.SecurityRuleCriteriaAuditDetail"
          class="com.optum.rf.common.security.businesslogic.impl.SecurityRuleCriteriaAuditDetailImpl" lazy-init="false"
          scope="singleton">
        <property name="requiredDao" ref="secur_rule_crit_aud_dtl_dao"/>
        <property name="requiredPersistenceHelper" ref="secur_rule_crit_aud_dtl_PersistenceHelper"/>
        <property name="requiredServiceLocator" ref="com.optum.rf.core.ejb.ServiceLocator"/>
        <property name="requiredTransactionInterceptor" ref="com.optum.rf.bl.spring.TransactionInterceptor"/>
    </bean>
    <bean id="com.optum.rf.common.security.businesslogic.SecurityRuleCriteria"
          class="com.optum.rf.common.security.businesslogic.impl.SecurityRuleCriteriaImpl" lazy-init="false" scope="singleton">
        <property name="requiredDao" ref="secur_rule_crit_dao"/>
        <property name="requiredPersistenceHelper" ref="secur_rule_crit_PersistenceHelper"/>
        <property name="requiredServiceLocator" ref="com.optum.rf.core.ejb.ServiceLocator"/>
        <property name="requiredTransactionInterceptor" ref="com.optum.rf.bl.spring.TransactionInterceptor"/>
        <property name="requiredUserSecurityRule" ref="com.optum.rf.common.security.businesslogic.UserSecurityRule"/>
        <property name="requiredReference" ref="com.optum.rf.ref.core.businesslogic.Reference"/>
        <property name="requiredSecurityRule" ref="com.optum.rf.common.security.businesslogic.SecurityRule"/>
    </bean>
    <bean id="com.optum.rf.common.security.businesslogic.DivisionSecurityRuleCriteria"
          class="com.optum.rf.common.security.businesslogic.impl.DivisionSecurityRuleCriteriaImpl" lazy-init="false"
          scope="singleton">
        <property name="requiredDao" ref="div_secur_rule_crit_dao"/>
        <property name="requiredPersistenceHelper" ref="div_secur_rule_crit_PersistenceHelper"/>
        <property name="requiredServiceLocator" ref="com.optum.rf.core.ejb.ServiceLocator"/>
        <property name="requiredTransactionInterceptor" ref="com.optum.rf.bl.spring.TransactionInterceptor"/>
    </bean>
    <bean id="com.optum.rf.common.security.businesslogic.PermissionGroupAuditDetail"
          class="com.optum.rf.common.security.businesslogic.impl.PermissionGroupAuditDetailImpl" lazy-init="false"
          scope="singleton">
        <property name="requiredDao" ref="prmis_grp_aud_dtl_dao"/>
        <property name="requiredPersistenceHelper" ref="prmis_grp_aud_dtl_PersistenceHelper"/>
        <property name="requiredServiceLocator" ref="com.optum.rf.core.ejb.ServiceLocator"/>
        <property name="requiredTransactionInterceptor" ref="com.optum.rf.bl.spring.TransactionInterceptor"/>
    </bean>
    <bean id="com.optum.rf.common.security.businesslogic.PermissionGroup"
          class="com.optum.rf.common.security.businesslogic.impl.PermissionGroupImpl" lazy-init="false"
          scope="singleton">
        <property name="requiredDao" ref="prmis_grp_dao"/>
        <property name="requiredPersistenceHelper" ref="prmis_grp_PersistenceHelper"/>
        <property name="requiredServiceLocator" ref="com.optum.rf.core.ejb.ServiceLocator"/>
        <property name="requiredTransactionInterceptor" ref="com.optum.rf.bl.spring.TransactionInterceptor"/>
    </bean>
    <bean id="com.optum.rf.common.security.businesslogic.PermissionGroupPermission"
          class="com.optum.rf.common.security.businesslogic.impl.PermissionGroupPermissionImpl" lazy-init="false"
          scope="singleton">
        <property name="requiredDao" ref="prmis_grp_prmis_dao"/>
        <property name="requiredPersistenceHelper" ref="prmis_grp_prmis_PersistenceHelper"/>
        <property name="requiredMessageNotifier" ref="com.optum.rf.core.message.MessageNotifier"/>
        <property name="requiredPermissionGroup" ref="com.optum.rf.common.security.businesslogic.PermissionGroup"/>
        <property name="requiredServiceLocator" ref="com.optum.rf.core.ejb.ServiceLocator"/>
        <property name="requiredTransactionInterceptor" ref="com.optum.rf.bl.spring.TransactionInterceptor"/>
    </bean>
    <bean id="com.optum.rf.common.security.businesslogic.PermissionGroupPermissionView"
          class="com.optum.rf.common.security.businesslogic.impl.PermissionGroupPermissionViewImpl" lazy-init="false"
          scope="singleton">
        <property name="requiredDao" ref="PermissionGroupPermissionView_dao"/>
        <property name="requiredServiceLocator" ref="com.optum.rf.core.ejb.ServiceLocator"/>
    </bean>
    <bean id="com.optum.rf.common.security.businesslogic.Permission"
          class="com.optum.rf.common.security.businesslogic.impl.PermissionImpl" lazy-init="false" scope="singleton">
        <property name="requiredDao" ref="prmis_dao"/>
        <property name="requiredPersistenceHelper" ref="prmis_PersistenceHelper"/>
        <property name="requiredServiceLocator" ref="com.optum.rf.core.ejb.ServiceLocator"/>
        <property name="requiredTransactionInterceptor" ref="com.optum.rf.bl.spring.TransactionInterceptor"/>
    </bean>
    <bean id="com.optum.rf.common.security.businesslogic.PolicySecurityRuleCriteria"
          class="com.optum.rf.common.security.businesslogic.impl.PolicySecurityRuleCriteriaImpl" lazy-init="false"
          scope="singleton">
        <property name="requiredDao" ref="pol_secur_rule_crit_dao"/>
        <property name="requiredPersistenceHelper" ref="pol_secur_rule_crit_PersistenceHelper"/>
        <property name="requiredServiceLocator" ref="com.optum.rf.core.ejb.ServiceLocator"/>
        <property name="requiredTransactionInterceptor" ref="com.optum.rf.bl.spring.TransactionInterceptor"/>
    </bean>
    <bean id="com.optum.rf.common.security.businesslogic.SaoiSecurityRuleCriteria"
          class="com.optum.rf.common.security.businesslogic.impl.SaoiSecurityRuleCriteriaImpl" lazy-init="false"
          scope="singleton">
        <property name="requiredDao" ref="sa_oi_secur_rule_crit_dao"/>
        <property name="requiredPersistenceHelper" ref="sa_oi_secur_rule_crit_PersistenceHelper"/>
        <property name="requiredServiceLocator" ref="com.optum.rf.core.ejb.ServiceLocator"/>
        <property name="requiredTransactionInterceptor" ref="com.optum.rf.bl.spring.TransactionInterceptor"/>
    </bean>
    <bean id="com.optum.rf.common.security.businesslogic.SaoiPolicySecurityRuleCriteria"
          class="com.optum.rf.common.security.businesslogic.impl.SaoiPolicySecurityRuleCriteriaImpl" lazy-init="false"
          scope="singleton">
        <property name="requiredDao" ref="sa_oi_pol_secur_rule_crit_dao"/>
        <property name="requiredPersistenceHelper" ref="sa_oi_pol_secur_rule_crit_PersistenceHelper"/>
        <property name="requiredServiceLocator" ref="com.optum.rf.core.ejb.ServiceLocator"/>
        <property name="requiredTransactionInterceptor" ref="com.optum.rf.bl.spring.TransactionInterceptor"/>
    </bean>
    <bean id="com.optum.rf.common.security.businesslogic.SecurityRule"
          class="com.optum.rf.common.security.businesslogic.impl.SecurityRuleImpl" lazy-init="false" scope="singleton">
        <property name="requiredDao" ref="secur_rule_dao"/>
        <property name="requiredPersistenceHelper" ref="secur_rule_PersistenceHelper"/>
        <property name="requiredServiceLocator" ref="com.optum.rf.core.ejb.ServiceLocator"/>
        <property name="requiredTransactionInterceptor" ref="com.optum.rf.bl.spring.TransactionInterceptor"/>
        <property name="requiredUserSecurityRule" ref="com.optum.rf.common.security.businesslogic.UserSecurityRule"/>
        <property name="requiredSecurityRuleCriteria" ref="com.optum.rf.common.security.businesslogic.SecurityRuleCriteria"/>
        <property name="requiredCommonMessageNotifier" ref="com.optum.rf.common.messaging.CommonMessageNotifier"/>
        <property name="requiredReference" ref="com.optum.rf.ref.core.businesslogic.Reference"/>
    </bean>
    <bean id="com.optum.rf.common.security.businesslogic.SecurityRuleCriteriaView"
          class="com.optum.rf.common.security.businesslogic.impl.SecurityRuleCriteriaViewImpl" lazy-init="false" scope="singleton">
        <property name="requiredDao" ref="securityRuleCriteriaView_dao"/>
        <property name="requiredServiceLocator" ref="com.optum.rf.core.ejb.ServiceLocator"/>
    </bean>
    <bean id="com.optum.rf.common.security.businesslogic.UserSecurityRuleSaoiView"
          class="com.optum.rf.common.security.businesslogic.impl.UserSecurityRuleSaoiViewImpl" lazy-init="false" scope="singleton">
        <property name="requiredDao" ref="userSecurityRuleSaoiView_dao"/>
        <property name="requiredServiceLocator" ref="com.optum.rf.core.ejb.ServiceLocator"/>
    </bean>
    <bean id="com.optum.rf.common.security.businesslogic.UserSecurityRuleSaoiPolicyView"
          class="com.optum.rf.common.security.businesslogic.impl.UserSecurityRuleSaoiPolicyViewImpl" lazy-init="false" scope="singleton">
        <property name="requiredDao" ref="userSecurityRuleSaoiPolicyView_dao"/>
        <property name="requiredServiceLocator" ref="com.optum.rf.core.ejb.ServiceLocator"/>
    </bean>
    <bean id="com.optum.rf.common.security.businesslogic.UserSecurityRuleView"
          class="com.optum.rf.common.security.businesslogic.impl.UserSecurityRuleViewImpl" lazy-init="false" scope="singleton">
        <property name="requiredDao" ref="userSecurityRuleView_dao"/>
        <property name="requiredServiceLocator" ref="com.optum.rf.core.ejb.ServiceLocator"/>
    </bean>
    <bean id="com.optum.rf.common.security.businesslogic.SecurityRulePolicyView"
          class="com.optum.rf.common.security.businesslogic.impl.SecurityRulePolicyViewImpl" lazy-init="false" scope="singleton">
        <property name="requiredDao" ref="securityRulePolicyView_dao"/>
        <property name="requiredServiceLocator" ref="com.optum.rf.core.ejb.ServiceLocator"/>
    </bean>
    <bean id="com.optum.rf.common.security.businesslogic.SecurityRuleMemberView"
          class="com.optum.rf.common.security.businesslogic.impl.SecurityRuleMemberViewImpl" lazy-init="false" scope="singleton">
        <property name="requiredDao" ref="securityRuleMemberView_dao"/>
        <property name="requiredServiceLocator" ref="com.optum.rf.core.ejb.ServiceLocator"/>
    </bean>
    <bean id="com.optum.rf.common.security.businesslogic.SecurityRuleSaoiPolicyView"
          class="com.optum.rf.common.security.businesslogic.impl.SecurityRuleSaoiPolicyViewImpl" lazy-init="false" scope="singleton">
        <property name="requiredDao" ref="securityRuleSaoiPolicyView_dao"/>
        <property name="requiredServiceLocator" ref="com.optum.rf.core.ejb.ServiceLocator"/>
    </bean>
    <bean id="com.optum.rf.common.security.businesslogic.SecurityRuleSaoiView"
          class="com.optum.rf.common.security.businesslogic.impl.SecurityRuleSaoiViewImpl" lazy-init="false" scope="singleton">
        <property name="requiredDao" ref="securityRuleSaoiView_dao"/>
        <property name="requiredServiceLocator" ref="com.optum.rf.core.ejb.ServiceLocator"/>
    </bean>
    <bean id="com.optum.rf.common.security.businesslogic.UserAuditDetail"
          class="com.optum.rf.common.security.businesslogic.impl.UserAuditDetailImpl" lazy-init="false"
          scope="singleton">
        <property name="requiredDao" ref="user_aud_dtl_dao"/>
        <property name="requiredPersistenceHelper" ref="user_aud_dtl_PersistenceHelper"/>
        <property name="requiredServiceLocator" ref="com.optum.rf.core.ejb.ServiceLocator"/>
        <property name="requiredTransactionInterceptor" ref="com.optum.rf.bl.spring.TransactionInterceptor"/>
    </bean>
    <bean id="com.optum.rf.common.security.businesslogic.UserGroupAuditDetail"
          class="com.optum.rf.common.security.businesslogic.impl.UserGroupAuditDetailImpl" lazy-init="false"
          scope="singleton">
        <property name="requiredDao" ref="user_grp_aud_dtl_dao"/>
        <property name="requiredPersistenceHelper" ref="user_grp_aud_dtl_PersistenceHelper"/>
        <property name="requiredServiceLocator" ref="com.optum.rf.core.ejb.ServiceLocator"/>
        <property name="requiredTransactionInterceptor" ref="com.optum.rf.bl.spring.TransactionInterceptor"/>
    </bean>
    <bean id="com.optum.rf.common.security.businesslogic.UserGroup"
          class="com.optum.rf.common.security.businesslogic.impl.UserGroupImpl" lazy-init="false" scope="singleton">
        <property name="requiredDao" ref="user_grp_dao"/>
        <property name="requiredPersistenceHelper" ref="user_grp_PersistenceHelper"/>
        <property name="requiredServiceLocator" ref="com.optum.rf.core.ejb.ServiceLocator"/>
        <property name="requiredTransactionInterceptor" ref="com.optum.rf.bl.spring.TransactionInterceptor"/>
    </bean>
    <bean id="com.optum.rf.common.security.businesslogic.UserGroupPermissionGroup"
          class="com.optum.rf.common.security.businesslogic.impl.UserGroupPermissionGroupImpl" lazy-init="false"
          scope="singleton">
        <property name="requiredDao" ref="user_grp_prmis_grp_dao"/>
        <property name="requiredPersistenceHelper" ref="user_grp_prmis_grp_PersistenceHelper"/>
        <property name="requiredServiceLocator" ref="com.optum.rf.core.ejb.ServiceLocator"/>
        <property name="requiredTransactionInterceptor" ref="com.optum.rf.bl.spring.TransactionInterceptor"/>
        <property name="requiredUserGroup" ref="com.optum.rf.common.security.businesslogic.UserGroup"/>
    </bean>
    <bean id="com.optum.rf.common.reference.businesslogic.ZipCodeTimeZone"
          class="com.optum.rf.common.reference.businesslogic.impl.ZipCodeTimeZoneImpl" lazy-init="false" scope="singleton">
        <property name="requiredDao" ref="zip_cd_tm_zone_dao"/>
        <property name="requiredServiceLocator" ref="com.optum.rf.core.ejb.ServiceLocator"/>
        <property name="requiredTransactionInterceptor" ref="com.optum.rf.bl.spring.TransactionInterceptor"/>
        <property name="requiredPersistenceHelper" ref="zip_cd_tm_zone_PersistenceHelper"/>
    </bean>
    <!--<bean id="com.optum.rf.common.security.businesslogic.User"-->
    <!--clacom.uhg.app.ocm.common.security.businesslogic.impl.AppUserImplImpl" lazy-init="false"-->
    <!--scope="singleton">-->
    <!--<property name="requiredSecurityRuleCriteria" ref="com.optum.rf.common.security.businesslogic.SecurityRuleCriteria"/>-->
    <!--<property name="requiredEnvironment" ref="com.optum.rf.core.util.Environment"/>-->
    <!--<property name="requiredPermissionGroup" ref="com.optum.rf.common.security.businesslogic.PermissionGroup"/>-->
    <!--<property name="requiredServiceLocator" ref="com.optum.rf.core.ejb.ServiceLocator"/>-->
    <!--<property name="requiredTransactionInterceptor" ref="com.optum.rf.bl.spring.TransactionInterceptor"/>-->
    <!--<property name="requiredDao" ref="user_tbl_dao"/>-->
    <!--<property name="requiredPersistenceHelper" ref="user_tbl_PersistenceHelper"/>-->
    <!--<property name="requiredUserGroup" ref="com.optum.rf.common.security.businesslogic.UserGroup"/>-->
    <!--<property name="requiredUserPermissionGroup" ref="com.optum.rf.common.security.businesslogic.UserPermissionGroup"/>-->
    <!--</bean>-->
    <bean id="com.optum.rf.common.settings.businesslogic.SystemSettingsAuditDetail"
          class="com.optum.rf.common.settings.businesslogic.impl.SystemSettingsAuditDetailImpl" lazy-init="false"
          scope="singleton">
        <property name="requiredDao" ref="sys_set_aud_dtl_dao"/>
        <property name="requiredPersistenceHelper" ref="sys_set_aud_dtl_PersistenceHelper"/>
        <property name="requiredServiceLocator" ref="com.optum.rf.core.ejb.ServiceLocator"/>
        <property name="requiredTransactionInterceptor" ref="com.optum.rf.bl.spring.TransactionInterceptor"/>
    </bean>
    <bean id="com.optum.rf.common.settings.businesslogic.TemporarySystemSetting" class="com.optum.rf.common.settings.businesslogic.impl.TemporarySystemSettingImpl" lazy-init="false" scope="singleton">
        <property name="requiredDao" ref="sys_set_temp_dao"/>
        <property name="requiredPersistenceHelper" ref="sys_set_temp_PersistenceHelper"/>
        <property name="requiredReference" ref="com.optum.rf.ref.core.businesslogic.Reference"/>
        <property name="requiredServiceLocator" ref="com.optum.rf.core.ejb.ServiceLocator"/>
        <property name="requiredTransactionInterceptor" ref="com.optum.rf.bl.spring.TransactionInterceptor"/>
    </bean>
    <bean id="com.optum.rf.common.settings.businesslogic.UserSettings" class="com.optum.rf.common.settings.businesslogic.impl.UserSettingsImpl"  lazy-init="false" scope="singleton">
        <property name="requiredDao" ref="user_set_dao"/>
        <property name="requiredPersistenceHelper" ref="user_set_PersistenceHelper"/>
        <property name="requiredServiceLocator" ref="com.optum.rf.core.ejb.ServiceLocator"/>
        <property name="requiredTransactionInterceptor" ref="com.optum.rf.bl.spring.TransactionInterceptor"/>
    </bean>
    <bean id="com.optum.rf.common.log.businesslogic.UserActivityLog"
          class="com.optum.rf.common.log.businesslogic.impl.UserActivityLogImpl" lazy-init="false" scope="singleton">
        <property name="requiredDao" ref="user_act_log_dao"/>
        <property name="requiredPersistenceHelper" ref="user_act_log_PersistenceHelper"/>
        <property name="requiredServiceLocator" ref="com.optum.rf.core.ejb.ServiceLocator"/>
        <property name="requiredTransactionInterceptor" ref="com.optum.rf.bl.spring.TransactionInterceptor"/>
    </bean>
    <bean id="com.optum.rf.common.log.businesslogic.IRMEvent"
          class="com.optum.rf.common.log.businesslogic.impl.IRMEventImpl" lazy-init="false" scope="singleton">
        <property name="requiredDao" ref="irm_evnt_dao"/>
        <property name="requiredPersistenceHelper" ref="irm_evnt_PersistenceHelper"/>
        <property name="requiredServiceLocator" ref="com.optum.rf.core.ejb.ServiceLocator"/>
        <property name="requiredTransactionInterceptor" ref="com.optum.rf.bl.spring.TransactionInterceptor"/>
    </bean>
    <bean id="com.optum.rf.common.log.businesslogic.SystemActivityLog"
          class="com.optum.rf.common.log.businesslogic.impl.SystemActivityLogImpl" lazy-init="false" scope="singleton">
        <property name="requiredDao" ref="sys_act_log_dao"/>
        <property name="requiredPersistenceHelper" ref="sys_act_log_PersistenceHelper"/>
        <property name="requiredServiceLocator" ref="com.optum.rf.core.ejb.ServiceLocator"/>
        <property name="requiredTransactionInterceptor" ref="com.optum.rf.bl.spring.TransactionInterceptor"/>
        <property name="requiredTemporarySystemSetting" ref="com.optum.rf.common.settings.businesslogic.TemporarySystemSetting"/>
        <property name="requiredDbUtilities" ref="com.optum.rf.common.system.util.DbUtilities"/>
    </bean>
    <bean id="com.optum.rf.bl.logging.SystemActivityLogBusinessLogic" class="com.optum.rf.common.log.businesslogic.impl.SystemActivityLogImpl" lazy-init="false" scope="singleton">
        <property name="requiredDao" ref="sys_act_log_dao"/>
        <property name="requiredPersistenceHelper" ref="sys_act_log_PersistenceHelper"/>
        <property name="requiredServiceLocator" ref="com.optum.rf.core.ejb.ServiceLocator"/>
        <property name="requiredTransactionInterceptor" ref="com.optum.rf.bl.spring.TransactionInterceptor"/>
        <property name="requiredTemporarySystemSetting" ref="com.optum.rf.common.settings.businesslogic.TemporarySystemSetting"/>
        <property name="requiredDbUtilities" ref="com.optum.rf.common.system.util.DbUtilities"/>
    </bean>
    <bean id="com.optum.rf.common.log.businesslogic.SystemErrorLog" class="com.optum.rf.common.log.businesslogic.impl.SystemErrorLogImpl"  lazy-init="false" scope="singleton">
        <property name="requiredDao" ref="sys_err_log_dao"/>
        <property name="requiredPersistenceHelper" ref="sys_err_log_PersistenceHelper"/>
        <property name="requiredServiceLocator" ref="com.optum.rf.core.ejb.ServiceLocator"/>
        <property name="requiredTransactionInterceptor" ref="com.optum.rf.bl.spring.TransactionInterceptor"/>
        <property name="requiredTemporarySystemSetting" ref="com.optum.rf.common.settings.businesslogic.TemporarySystemSetting"/>
        <property name="requiredEnvironment" ref="com.optum.rf.core.util.Environment"/>
        <property name="requiredDbUtilities" ref="com.optum.rf.common.system.util.DbUtilities"/>
    </bean>
    <bean id="com.optum.rf.common.log.businesslogic.ErrorLog" class="com.optum.rf.common.log.businesslogic.impl.SystemErrorLogImpl"  lazy-init="false" scope="singleton">
        <property name="requiredDao" ref="sys_err_log_dao"/>
        <property name="requiredPersistenceHelper" ref="sys_err_log_PersistenceHelper"/>
        <property name="requiredServiceLocator" ref="com.optum.rf.core.ejb.ServiceLocator"/>
        <property name="requiredTransactionInterceptor" ref="com.optum.rf.bl.spring.TransactionInterceptor"/>
        <property name="requiredTemporarySystemSetting" ref="com.optum.rf.common.settings.businesslogic.TemporarySystemSetting"/>
        <property name="requiredEnvironment" ref="com.optum.rf.core.util.Environment"/>
        <property name="requiredDbUtilities" ref="com.optum.rf.common.system.util.DbUtilities"/>
    </bean>
    <bean id="com.optum.rf.common.security.businesslogic.DivGroupSecurityRuleCriteria"
          class="com.optum.rf.common.security.businesslogic.impl.DivGroupSecurityRuleCriteriaImpl" lazy-init="false"
          scope="singleton">
        <property name="requiredDao" ref="div_grp_secur_rule_crit_dao"/>
        <property name="requiredPersistenceHelper" ref="div_grp_secur_rule_crit_PersistenceHelper"/>
        <property name="requiredServiceLocator" ref="com.optum.rf.core.ejb.ServiceLocator"/>
        <property name="requiredTransactionInterceptor" ref="com.optum.rf.bl.spring.TransactionInterceptor"/>
    </bean>
    <bean id="com.optum.rf.common.security.businesslogic.MemberSecurityRuleCriteria"
          class="com.optum.rf.common.security.businesslogic.impl.MemberSecurityRuleCriteriaImpl" lazy-init="false"
          scope="singleton">
        <property name="requiredDao" ref="mbr_secur_rule_crit_dao"/>
        <property name="requiredPersistenceHelper" ref="mbr_secur_rule_crit_PersistenceHelper"/>
        <property name="requiredServiceLocator" ref="com.optum.rf.core.ejb.ServiceLocator"/>
        <property name="requiredTransactionInterceptor" ref="com.optum.rf.bl.spring.TransactionInterceptor"/>
    </bean>
    <bean id="com.optum.rf.common.security.businesslogic.ReportCodeSecurityRuleCriteria"
          class="com.optum.rf.common.security.businesslogic.impl.ReportCodeSecurityRuleCriteriaImpl" lazy-init="false"
          scope="singleton">
        <property name="requiredDao" ref="rpt_cd_secur_rule_crit_dao"/>
        <property name="requiredPersistenceHelper" ref="rpt_cd_secur_rule_crit_PersistenceHelper"/>
        <property name="requiredServiceLocator" ref="com.optum.rf.core.ejb.ServiceLocator"/>
        <property name="requiredTransactionInterceptor" ref="com.optum.rf.bl.spring.TransactionInterceptor"/>
    </bean>
    <bean id="com.optum.rf.common.security.businesslogic.UserSecurityRule"
          class="com.optum.rf.common.security.businesslogic.impl.UserSecurityRuleImpl" lazy-init="false"
          scope="singleton">
        <property name="requiredDao" ref="user_secur_rule_dao"/>
        <property name="requiredPersistenceHelper" ref="user_secur_rule_PersistenceHelper"/>
        <property name="requiredSecurityRuleCriteria" ref="com.optum.rf.common.security.businesslogic.SecurityRuleCriteria"/>
        <property name="requiredSecurityRule" ref="com.optum.rf.common.security.businesslogic.SecurityRule"/>
        <property name="requiredReference" ref="com.optum.rf.ref.core.businesslogic.Reference"/>
        <property name="requiredServiceLocator" ref="com.optum.rf.core.ejb.ServiceLocator"/>
        <property name="requiredTransactionInterceptor" ref="com.optum.rf.bl.spring.TransactionInterceptor"/>
    </bean>



    <bean id="com.optum.rf.common.security.businesslogic.UserPermissionGroup"
          class="com.optum.rf.common.security.businesslogic.impl.UserPermissionGroupImpl" lazy-init="false"
          scope="singleton">
        <property name="requiredDao" ref="user_prmis_grp_dao"/>
        <property name="requiredPersistenceHelper" ref="user_prmis_grp_PersistenceHelper"/>
        <property name="requiredServiceLocator" ref="com.optum.rf.core.ejb.ServiceLocator"/>
        <property name="requiredTransactionInterceptor" ref="com.optum.rf.bl.spring.TransactionInterceptor"/>
        <property name="requiredUser" ref="com.optum.app.ocm.common.security.businesslogic.AppUser"/>
    </bean>
    <bean id="com.optum.rf.common.security.businesslogic.UserTelephone"
          class="com.optum.rf.common.security.businesslogic.impl.UserTelephoneImpl" lazy-init="false"
          scope="singleton">
        <property name="requiredDao" ref="user_tel_dao"/>
        <property name="requiredPersistenceHelper" ref="user_tel_PersistenceHelper"/>
        <property name="requiredServiceLocator" ref="com.optum.rf.core.ejb.ServiceLocator"/>
        <property name="requiredTransactionInterceptor" ref="com.optum.rf.bl.spring.TransactionInterceptor"/>
        <property name="requiredReference" ref="com.optum.rf.ref.core.businesslogic.Reference"/>
    </bean>
    <bean id="com.optum.rf.common.security.businesslogic.UserAddress"
          class="com.optum.rf.common.security.businesslogic.impl.UserAddressImpl" lazy-init="false"
          scope="singleton">
        <property name="requiredDao" ref="user_adr_dao"/>
        <property name="requiredPersistenceHelper" ref="user_adr_PersistenceHelper"/>
        <property name="requiredServiceLocator" ref="com.optum.rf.core.ejb.ServiceLocator"/>
        <property name="requiredTransactionInterceptor" ref="com.optum.rf.bl.spring.TransactionInterceptor"/>
        <property name="requiredUser" ref="com.optum.app.ocm.common.security.businesslogic.AppUser"/>
    </bean>
    <bean id="com.optum.rf.common.system.util.DbUtilities" class="com.optum.rf.common.system.util.impl.DbUtilitiesImpl" lazy-init="false" scope="singleton">
        <property name="requiredTemporarySystemSetting" ref="com.optum.rf.common.settings.businesslogic.TemporarySystemSetting"/>
        <property name="requiredServiceLocator" ref="com.optum.rf.core.ejb.ServiceLocator"/>
    </bean>
    <!-- Alias needed to inject User bean/dependency into framework classes -->
    <alias name="com.optum.app.ocm.common.security.businesslogic.AppUser" alias="com.optum.rf.common.security.businesslogic.User"/>
</beans>
