<?xml version="1.0" encoding="UTF-8"?>
<beans xmlns="http://www.springframework.org/schema/beans"
   xmlns:xsi="http://www.w3.org/2001/XMLSchema-instance"
   xsi:schemaLocation="http://www.springframework.org/schema/beans http://www.springframework.org/schema/beans/spring-beans-4.3.xsd">
	<bean id="optumSsoLogin" class="com.optum.app.icue.sso.controller.OptumSsoLoginController"  lazy-init="true" scope="singleton">
		<property name="requiredCodeXRef" ref="com.optum.rf.common.reference.businesslogic.CodeXRef"/>
		<property name="requiredEnvironment" ref="com.optum.rf.core.util.Environment"/>
		<property name="requiredLogCreator" ref="com.optum.rf.web.log.LogCreator"/>
		<property name="requiredMapper" ref="com.optum.app.ocm.common.member.mapper.MemberAPIUserResponseV1Mapper"/>
		<property name="requiredMemberServiceFacade" ref="com.optum.app.ocm.common.member.facade.MemberServiceFacade"/>
		<property name="requiredSecurity" ref="com.optum.rf.common.security.businesslogic.Security"/>
		<property name="requiredSystemSettingsFramework" ref="com.optum.rf.common.settings.businesslogic.SystemSettingsFramework"/>
		<property name="requiredSystemSettingsPingFederatePartner" ref="com.optum.rf.common.settings.businesslogic.SystemSettingsPingFederatePartner"/>
		<property name="requiredUser" ref="com.optum.app.ocm.common.security.businesslogic.AppUser"/>
		<property name="requiredUserPassword" ref="com.optum.rf.common.security.businesslogic.UserPassword"/>
	</bean>
	<bean id="ssoLogin" class="com.optum.app.shared.ssoauthentication.controller.SsoLoginController"  lazy-init="true" scope="singleton">
		<property name="requiredCodeXRef" ref="com.optum.rf.common.reference.businesslogic.CodeXRef"/>
		<property name="requiredEnvironment" ref="com.optum.rf.core.util.Environment"/>
		<property name="requiredLogCreator" ref="com.optum.rf.web.log.LogCreator"/>
		<property name="requiredOcmSsoHelper" ref="com.optum.app.shared.ssoauthentication.helper.OcmSsoHelper"/>
		<property name="requiredSamlReader" ref="com.optum.app.shared.ssoauthentication.helper.SAMLReader"/>
		<property name="requiredSecurity" ref="com.optum.rf.common.security.businesslogic.Security"/>
		<property name="requiredSystemSettingsFramework" ref="com.optum.rf.common.settings.businesslogic.SystemSettingsFramework"/>
		<property name="requiredSystemSettingsPingFederatePartner" ref="com.optum.rf.common.settings.businesslogic.SystemSettingsPingFederatePartner"/>
		<property name="requiredUserPassword" ref="com.optum.rf.common.security.businesslogic.UserPassword"/>
	</bean>
	<bean id="mbmSso" class="com.optum.app.shared.ssoauthentication.controller.mbm.MbmSsoController"  lazy-init="true" scope="singleton">
		<property name="requiredCodeXRef" ref="com.optum.rf.common.reference.businesslogic.CodeXRef"/>
		<property name="requiredLogCreator" ref="com.optum.rf.web.log.LogCreator"/>
		<property name="requiredOcmSsoHelper" ref="com.optum.app.shared.ssoauthentication.helper.OcmSsoHelper"/>
		<property name="requiredSecurity" ref="com.optum.rf.common.security.businesslogic.Security"/>
		<property name="requiredSystemSettingsFramework" ref="com.optum.rf.common.settings.businesslogic.SystemSettingsFramework"/>
		<property name="requiredUserPassword" ref="com.optum.rf.common.security.businesslogic.UserPassword"/>
	</bean>
</beans>
