<?xml version="1.0" encoding="UTF-8"?>
<beans xmlns="http://www.springframework.org/schema/beans"
       xmlns:xsi="http://www.w3.org/2001/XMLSchema-instance"
       xsi:schemaLocation="http://www.springframework.org/schema/beans http://www.springframework.org/schema/beans/spring-beans-4.3.xsd">

    <!-- JMS Messaging -->
    <bean id="com.optum.rf.jms.JmsNotifier" class="com.optum.rf.jms.JmsNotifierImpl" lazy-init="false" scope="singleton">
        <property name="requiredServiceLocator" ref="com.optum.rf.core.ejb.ServiceLocator"/>
    </bean>
    <alias name="com.optum.rf.jms.JmsNotifier" alias="com.optum.rf.core.message.MessageNotifier"/>


    <bean id="com.optum.rf.common.messaging.CommonMessageNotifier" class="com.optum.rf.common.messaging.CommonMessageNotifierImpl" lazy-init="false" scope="singleton">
        <property name="requiredMessageNotifier" ref="com.optum.rf.jms.JmsNotifier"/>
        <property name="requiredCacheNotifier" ref="com.optum.rf.dao.cache.CacheNotifier"/>
    </bean>

    <bean id="com.optum.rf.common.jms.JmsDestinationHelper" class="com.optum.app.ocm.jms.JmsDestinationHelperImpl" lazy-init="false" scope="singleton"/>

    <bean id="com.optum.rf.dao.cache.CacheNotifier" class="com.optum.rf.common.messaging.CacheNotifierImpl" lazy-init="false" scope="singleton">
        <property name="requiredMessageNotifier" ref="com.optum.rf.jms.JmsNotifier"/>
    </bean>

</beans>