<?xml version="1.0" encoding="UTF-8"?>
<beans xmlns="http://www.springframework.org/schema/beans"
       xmlns:security="http://www.springframework.org/schema/security"
       xmlns:xsi="http://www.w3.org/2001/XMLSchema-instance"
       xsi:schemaLocation="http://www.springframework.org/schema/beans http://www.springframework.org/schema/beans/spring-beans-4.3.xsd
	http://www.springframework.org/schema/security http://www.springframework.org/schema/security/spring-security-4.2.xsd">

    <!-- ***************************************************************** -->
    <!-- import this file if the application requires LDAP backed security -->
    <!-- ***************************************************************** -->

    <!--Using Spring for LDAP authentication-->
    <bean id="springSecurityAuthenticationSource" class="org.springframework.security.ldap.authentication.SpringSecurityAuthenticationSource"/>

    <!--Service account information for binding via LDAP to the Primary domain-->
    <bean id="authenticationSourcePrimaryDomain" class="org.springframework.ldap.authentication.DefaultValuesAuthenticationSourceDecorator">
        <property name="target" ref="springSecurityAuthenticationSource"/>
        <property name="defaultUser" value="${ldap.user}"/>
        <property name="defaultPassword" value="${ldap.password}"/>
    </bean>

    <!--LDAP Provider + service account to connect with-->
    <bean id="securityContextPrimaryDomain" class="org.springframework.security.ldap.DefaultSpringSecurityContextSource">
        <constructor-arg value="${ldap.provider.url}"/>
        <property name="authenticationSource" ref="authenticationSourcePrimaryDomain"/>
        <property name="baseEnvironmentProperties">
            <map>
                <entry key="com.sun.jndi.ldap.connect.timeout" value="${ldap.connect.timeout}"/>
            </map>
        </property>
    </bean>

    <!--Search/Filter criteria for Primary domain-->
    <bean id="PrimaryDomainUserSearch" class="org.springframework.security.ldap.search.FilterBasedLdapUserSearch">
        <constructor-arg index="0" value="${ldap.user.search.base}"/>
        <constructor-arg index="1" value="${ldap.user.search.filter}"/>
        <constructor-arg index="2">
            <ref bean="securityContextPrimaryDomain"/>
        </constructor-arg>
        <property name="searchSubtree" value="${ldap.user.search.subtree}"/>
    </bean>

    <!--Connect the Primary domain (w/ service account) to the corresponding user search/filter-->
    <bean id="bindAuthenticatorPrimaryDomain" class="org.springframework.security.ldap.authentication.BindAuthenticator">
        <constructor-arg>
            <ref bean="securityContextPrimaryDomain"/>
        </constructor-arg>
        <property name="userSearch" ref="PrimaryDomainUserSearch"/>
    </bean>

    <bean id="ldapAuthoritiesPopulator" class="com.optum.rf.common.security.ldap.SecurityAuthoritiesPopulator">
        <property name="requiredSecurity" ref="com.optum.rf.common.security.businesslogic.Security"/>
    </bean>

    <!--The Primary domain instance of the SecurityAuthenticationProvider. Used by com.optum.rf.common.controller.LoginController -->
    <bean id="PrimaryDomainLdapAuthenticationProvider" class="com.optum.app.ocm.security.OcmSecurityAuthenticationProvider">
        <constructor-arg index="0">
            <ref bean="bindAuthenticatorPrimaryDomain"/>
        </constructor-arg>
        <constructor-arg index="1">
            <ref bean="PrimaryDomainLdapAuthoritiesPopulator"/>
        </constructor-arg>
        <property name="requiredUser" ref="com.optum.app.ocm.common.security.businesslogic.AppUser"/>
        <property name="requiredEnvironment" ref="com.optum.rf.core.util.Environment"/>
    </bean>

    <!--The Primary domain instance of the DefaultLdapAuthoritiesPopulator. Used by the WebServiceAuthenticationProvider -->
    <!--Note that the Group search base is actually the Users container.  This is where MS Domain global groups are defined -->
    <bean id="PrimaryDomainLdapAuthoritiesPopulator" class="org.springframework.security.ldap.userdetails.DefaultLdapAuthoritiesPopulator">
        <constructor-arg index="0">
            <ref bean="securityContextPrimaryDomain"/>
        </constructor-arg>
        <!-- groupSearchBase argument  -->
        <constructor-arg index="1" value="${ldap.auth.pop.group.search.base}"/>
        <property name="searchSubtree" value="${ldap.auth.pop.group.search.subtree}"/>
        <property name="rolePrefix" value="${ldap.auth.pop.group.role.prefix}"/>
        <property name="convertToUpperCase" value="${ldap.auth.pop.group.role.uppercase}"/>
    </bean>

    <!--The Primary domain instance of the LDAP Authenticator with Group Populator. Used by Web Service Authentication Provider -->
    <bean id="org.springframework.security.ldap.authentication.LdapAuthenticationProvider" class="org.springframework.security.ldap.authentication.LdapAuthenticationProvider">
        <constructor-arg index="0">
            <ref bean="bindAuthenticatorPrimaryDomain"/>
        </constructor-arg>
        <constructor-arg index="1">
            <ref bean="PrimaryDomainLdapAuthoritiesPopulator"/>
        </constructor-arg>
    </bean>

    <security:authentication-manager>
        <security:authentication-provider ref="PrimaryDomainLdapAuthenticationProvider"/>
    </security:authentication-manager>

</beans>
