<?xml version="1.0" encoding="UTF-8"?>
<beans xmlns="http://www.springframework.org/schema/beans"
       xmlns:xsi="http://www.w3.org/2001/XMLSchema-instance"
       xsi:schemaLocation="
           http://www.springframework.org/schema/beans
           http://www.springframework.org/schema/beans/spring-beans-4.3.xsd">
    <bean id="com.optum.rf.dao.tabledef.NoBackboneValidationTables" class="com.optum.rf.dao.tabledef.NoBackboneValidationTablesImpl" lazy-init="false" scope="singleton">
        <constructor-arg index="0">
            <list>
                <value>CLIENT</value><!--Tutorial-->
                <value>CLIENTADDRESS</value><!--Tutorial-->
                <value>HELLO_WORLD</value><!--Tutorial-->
                <value>G_ONE</value><!--Groovy Research-->
                <value>PLAN_TABLE</value><!--Explain Plan Table-->
                <value>AQUA_EXPLAIN</value><!--Explain Plan Table-->
                <value>EXTRACT_</value><!--See V1_Nonbackbone_Views.sql-->
                <value>CAR_</value>
                <value>RELEASE</value>
                <value>DEPLOYMENT</value>
                <value>TOAD_PLAN_SQL</value>
            </list>
        </constructor-arg>
    </bean>
</beans>