<beans xmlns="http://www.springframework.org/schema/beans"
       xmlns:xsi="http://www.w3.org/2001/XMLSchema-instance"
       xmlns:rabbit="http://www.springframework.org/schema/rabbit"
       xmlns:util="http://www.springframework.org/schema/util"
       xsi:schemaLocation="http://www.springframework.org/schema/rabbit
           http://www.springframework.org/schema/rabbit/spring-rabbit.xsd
           http://www.springframework.org/schema/beans
           http://www.springframework.org/schema/beans/spring-beans-3.0.xsd
           http://www.springframework.org/schema/util
           http://www.springframework.org/schema/util/spring-util-3.1.xsd">

    <!-- MQResponseHandler Declaration -->
    <bean id="benefitMQResponseHandler" class="com.optum.cirrus.legacy.core.adapter.MQResponseHandler">
        <property name="rabbitTemplate" ref="transactionalRabbitTemplate"/>
        <property name="queueName" value="CirrusBenefitOutputQueue"/>
    </bean>

    <bean id="providerMQResponseHandler" class="com.optum.cirrus.legacy.core.adapter.MQResponseHandler">
        <property name="rabbitTemplate" ref="transactionalRabbitTemplate"/>
        <property name="queueName" value="cirrus-provider-output"/>
    </bean>

    <bean id="memberEnrollmentMQResponseHandler" class="com.optum.cirrus.legacy.core.adapter.MQResponseHandler">
        <property name="rabbitTemplate" ref="transactionalRabbitTemplate"/>
        <property name="queueName" value="CirrusMemberEnrollmentOutputQueue"/>
    </bean>

    <bean id="claimMQResponseHandler" class="com.optum.cirrus.legacy.core.adapter.MQResponseHandler">
        <property name="rabbitTemplate" ref="transactionalRabbitTemplate"/>
        <property name="queueName" value="core-claim-837p-inbound-output"/>
    </bean>

    <bean id="claim837IMQResponseHandler" class="com.optum.cirrus.legacy.core.adapter.MQResponseHandler">
        <property name="rabbitTemplate" ref="transactionalRabbitTemplate"/>
        <property name="queueName" value="core-claim-837i-inbound-output"/>
    </bean>

    <bean id="accountMQResponseHandler" class="com.optum.cirrus.legacy.core.adapter.MQResponseHandler">
        <property name="rabbitTemplate" ref="transactionalRabbitTemplate"/>
        <property name="queueName" value="CirrusAccountOutputQueue"/>
    </bean>

    <bean id="accumulatorsMQResponseHandler" class="com.optum.cirrus.legacy.core.adapter.MQResponseHandler">
        <property name="rabbitTemplate" ref="transactionalRabbitTemplate"/>
        <property name="queueName" value="core-accumulator-inbound-output"/>
    </bean>

    <bean id="clinicalMQResponseHandler" class="com.optum.cirrus.legacy.core.adapter.MQResponseHandler">
        <property name="rabbitTemplate" ref="transactionalRabbitTemplate"/>
        <property name="queueName" value="cirrus-clinical-referrals-output"/>
    </bean>

    <bean id="clinicalAuthorizationsMQResponseHandler" class="com.optum.cirrus.legacy.core.adapter.MQResponseHandler">
        <property name="rabbitTemplate" ref="transactionalRabbitTemplate"/>
        <property name="queueName" value="cirrus-clinical-authorizations-output"/>
    </bean>

    <!-- Provider Begins -->
    <rabbit:listener-container connection-factory="transactionalConnectionFactory" requeue-rejected="false">
        <!--   <rabbit:listener ref="provider_mqListener" queue-names="CirrusProviderInputQueue"/> -->
        <rabbit:listener ref="benefit_mqListener" queue-names="CirrusBenefitInputQueue"/>
        <rabbit:listener ref="account_mqListener" queue-names="CirrusAccountInputQueue"/>
    </rabbit:listener-container>

    <!-- External Queue Definitions-->
    <rabbit:queue name="CirrusMemberEnrollmentInputQueue" id="CirrusMemberEnrollmentInputQueue"/>
    <rabbit:queue name="CirrusMemberEnrollmentOutputQueue" id="CirrusMemberEnrollmentOutputQueue"/>
    <rabbit:queue name="CirrusProfClaimOutputQueue" id="CirrusProfClaimOutputQueue"/>
    <rabbit:queue name="cirrus-provider-input" id="cirrus-provider-input"/>
    <rabbit:queue name="cirrus-provider-org-input" id="cirrus-provider-org-input"/>
    <rabbit:queue name="cirrus-provider-output" id="cirrus-provider-output"/>
    <rabbit:queue name="cirrus-provider-org-output" id="cirrus-provider-org-output"/>
    <rabbit:queue name="cirrus-provider-contract-input.provider-contract" id="cirrus-provider-contract-input.provider-contract"/>
    <rabbit:queue name="cirrus-provider-contract-output.provider-contract" id="cirrus-provider-contract-output.provider-contract"/>
    <rabbit:queue name="cirrus-pfs-input" id="cirrus-pfs-input"/>
    <rabbit:queue name="cirrus-pfs-output" id="cirrus-pfs-output"/>
    <rabbit:queue name="cirrus-provider-contract-input" id="cirrus-provider-contract-input"/>
    <rabbit:queue name="cirrus-provider-contract-output" id="cirrus-provider-contract-output"/>
    <rabbit:queue name="CirrusBenefitInputQueue" id="CirrusBenefitInputQueue"/>
    <rabbit:queue name="CirrusBenefitOutputQueue" id="CirrusBenefitOutputQueue"/>
    <rabbit:queue name="CirrusAccountInputQueue" id="CirrusAccountInputQueue"/>
    <rabbit:queue name="CirrusAccountOutputQueue" id="CirrusAccountOutputQueue"/>
    <rabbit:queue name="CirrusDataRequestQueue" id="CirrusDataRequestQueue"/>
    <rabbit:queue name="CirrusDataResponseQueue" id="CirrusDataResponseQueue"/>
    <!-- Internal Queue Definitions-->
    <rabbit:queue name="scheduledJobQueue" id="scheduledJobQueue" durable="true"/>
    <rabbit:queue name="extractJobQueue" id="extractJobQueue" durable="true"/>
    <rabbit:queue name="criticalScheduledJobQueue" id="criticalScheduledJobQueue" durable="true"/>
    <rabbit:queue name="reportQueue" id="reportQueue" durable="true"/>

    <!-- do not declare name for queue that is to be bound to fanout exchange, as they must be unique per consumer -->
    <!-- this queue is declared at server startup, registered, and then should be deleted on shutdown -->
    <rabbit:queue id="cacheQueue" durable="false" auto-delete="true" exclusive="true"/>
    <!-- Internal Application Queue Definitions-->
    <rabbit:queue name="accumOutboundQueue" id="accumOutboundQueue" durable="true"/>
    <rabbit:queue name="adjudicationQueue" id="adjudicationQueue" durable="true"/>
    <rabbit:queue name="apTransactionQueue" id="apTransactionQueue" durable="true"/>
    <rabbit:queue name="core-event-updatestatus-input" id="core-event-updatestatus-input"/>
    <rabbit:queue name="commonQueue" id="commonQueue" durable="true"/>
    <rabbit:queue name="CirrusProviderInputQueueV2" id="CirrusProviderInputQueueV2"/>
    <rabbit:queue name="cirrus-clinical-referrals-input" id="cirrus-clinical-referrals-input"/>
    <rabbit:queue name="cirrus-clinical-referrals-output" id="cirrus-clinical-referrals-output"/>
    <rabbit:queue name="cirrus-clinical-authorizations-input" id="cirrus-clinical-authorizations-input"/>
    <rabbit:queue name="cirrus-clinical-authorizations-output" id="cirrus-clinical-authorizations-output"/>

    <!-- Error queues -->
    <rabbit:queue name="core-member-error" id="core-member-error"/>
    <rabbit:queue name="providerContract-error-queue" id="providerContract-error-queue"/>
    <rabbit:queue name="core-provider-error" id="core-provider-error"/>
    <rabbit:queue name="core-provider-org-error" id="core-provider-org-error"/>
    <rabbit:queue name="core-clinical-error" id="core-clinical-error"/>
    <rabbit:queue name="pfs-error-queue" id="pfs-error-queue"/>
    <rabbit:queue name="cirrus-fulfillment-inbound-error" id="cirrus-fulfillment-inbound-error"/>

    <bean id="benefit_mqListener" class="com.optum.cirrus.legacy.core.adapter.MQListener">
        <property name="mqRouter" ref="com.optum.cirrus.legacy.core.adapter.benefit.BenefitMQRouter"/>
        <property name="mqResponseHandler" ref="benefitMQResponseHandler"/>
    </bean>

    <bean id="account_mqListener" class="com.optum.cirrus.legacy.core.adapter.MQListener">
        <property name="mqRouter" ref="com.optum.cirrus.legacy.core.adapter.account.AccountMQRouter"/>
        <property name="mqResponseHandler" ref="accountMQResponseHandler"/>
    </bean>

    <bean id="com.optum.cirrus.legacy.core.adapter.provider.ProviderMapper"
          class="com.optum.cirrus.legacy.core.adapter.JsonMapToVoMapper">
        <property name="jsonObjToMapperMap" ref="jsonObjToProviderMapperMap"/>

    </bean>

    <util:map id="jsonObjToProviderMapperMap" key-type="com.optum.cirrus.legacy.core.adapter.provider.ProviderSections"
              value-type="com.optum.cirrus.legacy.core.adapter.InstanceMapper">
        <entry key="PROVIDER">
            <bean class="com.optum.cirrus.legacy.core.adapter.DefaultInstanceMapper">
                <constructor-arg type="java.lang.Class"
                                 value="#{T(com.optum.cirrus.legacy.core.adapter.provider.ProviderSections).PROVIDER.getVoClass()}"/>
            </bean>
        </entry>
        <entry key="PROVIDERALTID">
            <bean class="com.optum.cirrus.legacy.core.adapter.DefaultInstanceMapper">
                <constructor-arg type="java.lang.Class"
                                 value="#{T(com.optum.cirrus.legacy.core.adapter.provider.ProviderSections).PROVIDERALTID.getVoClass()}"/>
            </bean>
        </entry>
        <entry key="PROVIDERALIAS">
            <bean class="com.optum.cirrus.legacy.core.adapter.DefaultInstanceMapper">
                <constructor-arg type="java.lang.Class"
                                 value="#{T(com.optum.cirrus.legacy.core.adapter.provider.ProviderSections).PROVIDERALIAS.getVoClass()}"/>
            </bean>
        </entry>
        <entry key="PROVIDERTAXONOMY">
            <bean class="com.optum.cirrus.legacy.core.adapter.DefaultInstanceMapper">
                <constructor-arg type="java.lang.Class"
                                 value="#{T(com.optum.cirrus.legacy.core.adapter.provider.ProviderSections).PROVIDERTAXONOMY.getVoClass()}"/>
            </bean>
        </entry>
        <entry key="PROVTIN">
            <bean class="com.optum.cirrus.legacy.core.adapter.DefaultInstanceMapper">
                <constructor-arg type="java.lang.Class"
                                 value="#{T(com.optum.cirrus.legacy.core.adapter.provider.ProviderSections).PROVTIN.getVoClass()}"/>
            </bean>
        </entry>
        <entry key="PROVIDERLICENSE">
            <bean class="com.optum.cirrus.legacy.core.adapter.DefaultInstanceMapper">
                <constructor-arg type="java.lang.Class"
                                 value="#{T(com.optum.cirrus.legacy.core.adapter.provider.ProviderSections).PROVIDERLICENSE.getVoClass()}"/>
            </bean>
        </entry>
        <entry key="PROVIDEREDUCATION">
            <bean class="com.optum.cirrus.legacy.core.adapter.DefaultInstanceMapper">
                <constructor-arg type="java.lang.Class"
                                 value="#{T(com.optum.cirrus.legacy.core.adapter.provider.ProviderSections).PROVIDEREDUCATION.getVoClass()}"/>
            </bean>
        </entry>
        <entry key="PROVTINADDRESSES">
            <bean class="com.optum.cirrus.legacy.core.adapter.DefaultInstanceMapper">
                <constructor-arg type="java.lang.Class"
                                 value="#{T(com.optum.cirrus.legacy.core.adapter.provider.ProviderSections).PROVTINADDRESSES.getVoClass()}"/>
            </bean>
        </entry>
        <entry key="PROVIDERORG">
            <bean class="com.optum.cirrus.legacy.core.adapter.DefaultInstanceMapper">
                <constructor-arg type="java.lang.Class"
                                 value="#{T(com.optum.cirrus.legacy.core.adapter.provider.ProviderSections).PROVIDERORG.getVoClass()}"/>
            </bean>
        </entry>
        <entry key="PROVIDERORGALTID">
            <bean class="com.optum.cirrus.legacy.core.adapter.DefaultInstanceMapper">
                <constructor-arg type="java.lang.Class"
                                 value="#{T(com.optum.cirrus.legacy.core.adapter.provider.ProviderSections).PROVIDERORGALTID.getVoClass()}"/>
            </bean>
        </entry>
        <entry key="PROVIDERORGLOCATION">

            <bean class="com.optum.cirrus.legacy.core.adapter.DefaultInstanceMapper">
                <constructor-arg type="java.lang.Class"
                                 value="#{T(com.optum.cirrus.legacy.core.adapter.provider.ProviderSections).PROVIDERORGLOCATION.getVoClass()}"/>
            </bean>
        </entry>
        <entry key="PROVIDERORGLOCATIONPHONE">

            <bean class="com.optum.cirrus.legacy.core.adapter.DefaultInstanceMapper">
                <constructor-arg type="java.lang.Class"
                                 value="#{T(com.optum.cirrus.legacy.core.adapter.provider.ProviderSections).PROVIDERORGLOCATIONPHONE.getVoClass()}"/>
            </bean>
        </entry>
        <entry key="PROVIDERORGLOCATIONCLIA">

            <bean class="com.optum.cirrus.legacy.core.adapter.DefaultInstanceMapper">
                <constructor-arg type="java.lang.Class"
                                 value="#{T(com.optum.cirrus.legacy.core.adapter.provider.ProviderSections).PROVIDERORGLOCATIONCLIA.getVoClass()}"/>
            </bean>
        </entry>
        <entry key="PROVIDERORGAFFILIATION">
            <bean class="com.optum.cirrus.legacy.core.adapter.DefaultInstanceMapper">
                <constructor-arg type="java.lang.Class"
                                 value="#{T(com.optum.cirrus.legacy.core.adapter.provider.ProviderSections).PROVIDERORGAFFILIATION.getVoClass()}"/>
            </bean>
        </entry>
        <entry key="PROVIDERORGALIAS">

            <bean class="com.optum.cirrus.legacy.core.adapter.DefaultInstanceMapper">
                <constructor-arg type="java.lang.Class"
                                 value="#{T(com.optum.cirrus.legacy.core.adapter.provider.ProviderSections).PROVIDERORGALIAS.getVoClass()}"/>
            </bean>
        </entry>
        <entry key="PROVIDERORGTIN">
            <bean class="com.optum.cirrus.legacy.core.adapter.DefaultInstanceMapper">
                <constructor-arg type="java.lang.Class"
                                 value="#{T(com.optum.cirrus.legacy.core.adapter.provider.ProviderSections).PROVIDERORGTIN.getVoClass()}"/>
            </bean>
        </entry>
        <entry key="PROVIDERLOCATIONAFFILIATION">
            <bean class="com.optum.cirrus.legacy.core.adapter.DefaultInstanceMapper">
                <constructor-arg type="java.lang.Class"
                                 value="#{T(com.optum.cirrus.legacy.core.adapter.provider.ProviderSections).PROVIDERLOCATIONAFFILIATION.getVoClass()}"/>
            </bean>
        </entry>
        <entry key="PROVIDERLOCATIONTAXONOMY">
            <bean class="com.optum.cirrus.legacy.core.adapter.DefaultInstanceMapper">
                <constructor-arg type="java.lang.Class"
                                 value="#{T(com.optum.cirrus.legacy.core.adapter.provider.ProviderSections).PROVIDERLOCATIONTAXONOMY.getVoClass()}"/>
            </bean>
        </entry>
        <entry key="PROVIDERALTIDLOCATION">
            <bean class="com.optum.cirrus.legacy.core.adapter.DefaultInstanceMapper">
                <constructor-arg type="java.lang.Class"
                                 value="#{T(com.optum.cirrus.legacy.core.adapter.provider.ProviderSections).PROVIDERALTIDLOCATION.getVoClass()}"/>
            </bean>
        </entry>
        <entry key="PROVIDERCREDENTIAL">
            <bean class="com.optum.cirrus.legacy.core.adapter.DefaultInstanceMapper">
                <constructor-arg type="java.lang.Class"
                                 value="#{T(com.optum.cirrus.legacy.core.adapter.provider.ProviderSections).PROVIDERCREDENTIAL.getVoClass()}"/>
            </bean>
        </entry>
        <entry key="PROVIDERPREMIUMDESIGNATION">
            <bean class="com.optum.cirrus.legacy.core.adapter.DefaultInstanceMapper">
                <constructor-arg type="java.lang.Class"
                                 value="#{T(com.optum.cirrus.legacy.core.adapter.provider.ProviderSections).PROVIDERPREMIUMDESIGNATION.getVoClass()}"/>
            </bean>
        </entry>
        <entry key="PROVIDERPROCESSEXCEPTION">
            <bean class="com.optum.cirrus.legacy.core.adapter.DefaultInstanceMapper">
                <constructor-arg type="java.lang.Class"
                                 value="#{T(com.optum.cirrus.legacy.core.adapter.provider.ProviderSections).PROVIDERPROCESSEXCEPTION.getVoClass()}"/>
            </bean>
        </entry>
        <entry key="PROVIDERSANCTION">
            <bean class="com.optum.cirrus.legacy.core.adapter.DefaultInstanceMapper">
                <constructor-arg type="java.lang.Class"
                                 value="#{T(com.optum.cirrus.legacy.core.adapter.provider.ProviderSections).PROVIDERSANCTION.getVoClass()}"/>
            </bean>
        </entry>
        <entry key="PROVIDERACCREDITATION">
            <bean class="com.optum.cirrus.legacy.core.adapter.DefaultInstanceMapper">
                <constructor-arg type="java.lang.Class"
                                 value="#{T(com.optum.cirrus.legacy.core.adapter.provider.ProviderSections).PROVIDERACCREDITATION.getVoClass()}"/>
            </bean>
        </entry>
    </util:map>

    <!-- Provider Ends -->

    <!-- CLAIM Start -->

    <bean id="com.optum.cirrus.legacy.core.adapter.claim.ClaimMapper"
          class="com.optum.cirrus.legacy.core.adapter.JsonMapToVoMapper">
        <property name="jsonObjToMapperMap" ref="jsonObjToClaimMapperMap"/>
    </bean>

    <util:map id="jsonObjToClaimMapperMap" key-type="com.optum.cirrus.claim.core.adapter.claim.ClaimSections"
              value-type="com.optum.cirrus.legacy.core.adapter.InstanceMapper">
        <entry key="CLAIMHEADER">
            <bean class="com.optum.cirrus.legacy.core.adapter.DefaultInstanceMapper">
                <constructor-arg type="java.lang.Class"
                                 value="#{T(com.optum.cirrus.claim.core.adapter.claim.ClaimSections).CLAIMHEADER.getVoClass()}"/>
            </bean>
        </entry>
        <entry key="CLAIMPROVIDER">
            <bean class="com.optum.cirrus.legacy.core.adapter.DefaultInstanceMapper">
                <constructor-arg type="java.lang.Class"
                                 value="#{T(com.optum.cirrus.claim.core.adapter.claim.ClaimSections).CLAIMPROVIDER.getVoClass()}"/>
            </bean>
        </entry>
    </util:map>

    <!-- CLAIM End -->

    <!-- Benefit Specific Definitions -->

    <!-- MQ Router Declaration -->
    <bean id="com.optum.cirrus.legacy.core.adapter.benefit.BenefitMQRouter"
          class="com.optum.cirrus.legacy.core.adapter.benefit.BenefitMQRouter">
        <property name="benefitMQHandler" ref="benefitMQHandler"/>
    </bean>

    <bean id="benefitMQHandler"
          class="com.optum.cirrus.legacy.core.amqp.businesslogic.impl.BenefitBenefitMQHandlerImpl">
        <property name="benefitPlan" ref="com.optum.cirrus.legacy.core.benefit.businesslogic.BenefitPlan"/>
        <property name="beneTier" ref="com.optum.cirrus.legacy.core.benefit.businesslogic.BeneTier"/>
        <!--<property name="benefitMapper" ref="com.optum.cirrus.legacy.core.adapter.benefit.BenefitMapper"/>-->
        <property name="jsonMapToVoMapper" ref="com.optum.cirrus.legacy.core.adapter.benefit.BenefitMapper"/>
    </bean>

    <!-- Configuration for Product/Plan Feeds -->
    <bean id="com.optum.cirrus.legacy.core.adapter.benefit.BenefitMapper"
          class="com.optum.cirrus.legacy.core.adapter.JsonMapToVoMapper">
        <property name="jsonObjToMapperMap" ref="jsonObjToBenefitMapperMap"/>
    </bean>

    <util:map id="jsonObjToBenefitMapperMap" key-type="com.optum.cirrus.legacy.core.adapter.benefit.BenefitSections"
              value-type="com.optum.cirrus.legacy.core.adapter.InstanceMapper">
        <entry key="BENEFITPLAN">
            <bean class="com.optum.cirrus.legacy.core.adapter.benefit.BenefitMapper"/>
        </entry>
        <entry key="BENETIER">
            <bean class="com.optum.cirrus.legacy.core.adapter.benefit.BeneTierMapper"/>
        </entry>
    </util:map>
    <!-- Benefit Specific Definitions Ends -->

    <!-- Account Specific Definitions Starts -->
    <bean id="com.optum.cirrus.legacy.core.adapter.account.AccountMQRouter"
          class="com.optum.cirrus.legacy.core.adapter.account.AccountMQRouter">
        <property name="accountMQHandler" ref="accountMQHandler"/>
    </bean>
    <bean id="accountMQHandler" class="com.optum.cirrus.legacy.core.amqp.businesslogic.impl.AccountMQHandlerImpl">
        <property name="jsonMapToVoMapper" ref="com.optum.cirrus.legacy.core.adapter.account.AccountMapper"/>
        <property name="memGroup" ref="com.optum.cirrus.legacy.core.membergroup.businesslogic.MemGroup"/>
    </bean>
    <bean id="com.optum.cirrus.legacy.core.adapter.account.AccountMapper"
          class="com.optum.cirrus.legacy.core.adapter.JsonMapToVoMapper">
        <property name="jsonObjToMapperMap" ref="jsonObjToAccountMapperMap"/>
    </bean>

    <util:map id="jsonObjToAccountMapperMap" key-type="com.optum.cirrus.legacy.core.adapter.account.AccountSections"
              value-type="com.optum.cirrus.legacy.core.adapter.InstanceMapper">
        <entry key="MEMBERGROUP">
            <bean class="com.optum.cirrus.legacy.core.adapter.account.AccountMemberGroupMapper"/>
        </entry>
    </util:map>
    <!-- Account Specific Definitions Ends -->

    <!-- Configuration for Clinical Referrals Feeds -->

    <bean id="com.optum.cirrus.legacy.core.adapter.clinical.ClinicalMapper"
          class="com.optum.cirrus.legacy.core.adapter.JsonMapToVoMapper">
        <property name="jsonObjToMapperMap" ref="jsonObjToClinicalMapperMap"/>

    </bean>

    <util:map id="jsonObjToClinicalMapperMap"
              key-type="com.optum.cirrus.claim.core.clinical.util.ClinicalReferralsSections"
              value-type="com.optum.cirrus.legacy.core.adapter.InstanceMapper">
        <entry key="UMREFERRAL">
            <bean class="com.optum.cirrus.legacy.core.adapter.DefaultInstanceMapper">
                <constructor-arg type="java.lang.Class"
                                 value="#{T(com.optum.cirrus.claim.core.clinical.util.ClinicalReferralsSections).UMREFERRAL.getVoClass()}"/>
            </bean>
        </entry>
        <entry key="UMREFERRALDIAGNOSIS">
            <bean class="com.optum.cirrus.legacy.core.adapter.DefaultInstanceMapper">
                <constructor-arg type="java.lang.Class"
                                 value="#{T(com.optum.cirrus.claim.core.clinical.util.ClinicalReferralsSections).UMREFERRALDIAGNOSIS.getVoClass()}"/>
            </bean>
        </entry>
        <entry key="UMREFERRALAUDITDETAIL">
            <bean class="com.optum.cirrus.legacy.core.adapter.DefaultInstanceMapper">
                <constructor-arg type="java.lang.Class"
                                 value="#{T(com.optum.cirrus.claim.core.clinical.util.ClinicalReferralsSections).UMREFERRALAUDITDETAIL.getVoClass()}"/>
            </bean>
        </entry>
        <entry key="UMREFERRALPROVIDER">
            <bean class="com.optum.cirrus.legacy.core.adapter.DefaultInstanceMapper">
                <constructor-arg type="java.lang.Class"
                                 value="#{T(com.optum.cirrus.claim.core.clinical.util.ClinicalReferralsSections).UMREFERRALPROVIDER.getVoClass()}"/>
            </bean>
        </entry>
        <entry key="UMREFERRALPROVIDERROLETYPE">
            <bean class="com.optum.cirrus.legacy.core.adapter.DefaultInstanceMapper">
                <constructor-arg type="java.lang.Class"
                                 value="#{T(com.optum.cirrus.claim.core.clinical.util.ClinicalReferralsSections).UMREFERRALPROVIDERROLETYPE.getVoClass()}"/>
            </bean>
        </entry>
        <entry key="UMREFERRALSERVICE">
            <bean class="com.optum.cirrus.legacy.core.adapter.DefaultInstanceMapper">
                <constructor-arg type="java.lang.Class"
                                 value="#{T(com.optum.cirrus.claim.core.clinical.util.ClinicalReferralsSections).UMREFERRALSERVICE.getVoClass()}"/>
            </bean>
        </entry>
        <entry key="UMREFERRALPROVIDERALTID">
            <bean class="com.optum.cirrus.legacy.core.adapter.DefaultInstanceMapper">
                <constructor-arg type="java.lang.Class"
                                 value="#{T(com.optum.cirrus.claim.core.clinical.util.ClinicalReferralsSections).UMREFERRALPROVIDERALTID.getVoClass()}"/>
            </bean>
        </entry>
    </util:map>
    <!-- Clinical Referrals Definitions Ends -->

    <!-- Configuration for Clinical Authorization Feeds -->

    <bean id="com.optum.cirrus.legacy.core.adapter.clinical.ClinicalAuthorizationsMapper"
          class="com.optum.cirrus.legacy.core.adapter.JsonMapToVoMapper">
        <property name="jsonObjToMapperMap" ref="jsonObjToClinicalAuthorizationsMapperMap"/>

    </bean>

    <util:map id="jsonObjToClinicalAuthorizationsMapperMap"
              key-type="com.optum.cirrus.claim.core.clinical.util.ClinicalAuthorizationsSections"
              value-type="com.optum.cirrus.legacy.core.adapter.InstanceMapper">
        <entry key="UMAUTH">
            <bean class="com.optum.cirrus.legacy.core.adapter.DefaultInstanceMapper">
                <constructor-arg type="java.lang.Class"
                                 value="#{T(com.optum.cirrus.claim.core.clinical.util.ClinicalAuthorizationsSections).UMAUTH.getVoClass()}"/>
            </bean>
        </entry>
        <entry key="UMAUTHDIAGNOSIS">
            <bean class="com.optum.cirrus.legacy.core.adapter.DefaultInstanceMapper">
                <constructor-arg type="java.lang.Class"
                                 value="#{T(com.optum.cirrus.claim.core.clinical.util.ClinicalAuthorizationsSections).UMAUTHDIAGNOSIS.getVoClass()}"/>
            </bean>
        </entry>
        <entry key="UMAUTHAUDITDETAIL">
            <bean class="com.optum.cirrus.legacy.core.adapter.DefaultInstanceMapper">
                <constructor-arg type="java.lang.Class"
                                 value="#{T(com.optum.cirrus.claim.core.clinical.util.ClinicalAuthorizationsSections).UMAUTHAUDITDETAIL.getVoClass()}"/>
            </bean>
        </entry>
        <entry key="UMAUTHPROVIDER">
            <bean class="com.optum.cirrus.legacy.core.adapter.DefaultInstanceMapper">
                <constructor-arg type="java.lang.Class"
                                 value="#{T(com.optum.cirrus.claim.core.clinical.util.ClinicalAuthorizationsSections).UMAUTHPROVIDER.getVoClass()}"/>
            </bean>
        </entry>
        <entry key="UMAUTHPROVIDERROLETYPE">
            <bean class="com.optum.cirrus.legacy.core.adapter.DefaultInstanceMapper">
                <constructor-arg type="java.lang.Class"
                                 value="#{T(com.optum.cirrus.claim.core.clinical.util.ClinicalAuthorizationsSections).UMAUTHPROVIDERROLETYPE.getVoClass()}"/>
            </bean>
        </entry>
        <entry key="UMAUTHSERVICE">
            <bean class="com.optum.cirrus.legacy.core.adapter.DefaultInstanceMapper">
                <constructor-arg type="java.lang.Class"
                                 value="#{T(com.optum.cirrus.claim.core.clinical.util.ClinicalAuthorizationsSections).UMAUTHSERVICE.getVoClass()}"/>
            </bean>
        </entry>
        <entry key="UMAUTHSERVICENONFACIL">
            <bean class="com.optum.cirrus.legacy.core.adapter.DefaultInstanceMapper">
                <constructor-arg type="java.lang.Class"
                                 value="#{T(com.optum.cirrus.claim.core.clinical.util.ClinicalAuthorizationsSections).UMAUTHSERVICENONFACIL.getVoClass()}"/>
            </bean>
        </entry>
        <entry key="UMAUTHSERVICEDECISION">
            <bean class="com.optum.cirrus.legacy.core.adapter.DefaultInstanceMapper">
                <constructor-arg type="java.lang.Class"
                                 value="#{T(com.optum.cirrus.claim.core.clinical.util.ClinicalAuthorizationsSections).UMAUTHSERVICEDECISION.getVoClass()}"/>
            </bean>
        </entry>
        <entry key="UMAUTHSERVICEFACILTY">
            <bean class="com.optum.cirrus.legacy.core.adapter.DefaultInstanceMapper">
                <constructor-arg type="java.lang.Class"
                                 value="#{T(com.optum.cirrus.claim.core.clinical.util.ClinicalAuthorizationsSections).UMAUTHSERVICEFACILTY.getVoClass()}"/>
            </bean>
        </entry>
        <entry key="UMAUTHFACILITYTYPE">
            <bean class="com.optum.cirrus.legacy.core.adapter.DefaultInstanceMapper">
                <constructor-arg type="java.lang.Class"
                                 value="#{T(com.optum.cirrus.claim.core.clinical.util.ClinicalAuthorizationsSections).UMAUTHFACILITYTYPE.getVoClass()}"/>
            </bean>
        </entry>
        <entry key="UMAUTHFACILITYDECISION">
            <bean class="com.optum.cirrus.legacy.core.adapter.DefaultInstanceMapper">
                <constructor-arg type="java.lang.Class"
                                 value="#{T(com.optum.cirrus.claim.core.clinical.util.ClinicalAuthorizationsSections).UMAUTHFACILITYDECISION.getVoClass()}"/>
            </bean>
        </entry>
        <entry key="UMAUTHBEDDAYRANGE">
            <bean class="com.optum.cirrus.legacy.core.adapter.DefaultInstanceMapper">
                <constructor-arg type="java.lang.Class"
                                 value="#{T(com.optum.cirrus.claim.core.clinical.util.ClinicalAuthorizationsSections).UMAUTHBEDDAYRANGE.getVoClass()}"/>
            </bean>
        </entry>
        <entry key="UMAUTHPROVIDERALTID">
            <bean class="com.optum.cirrus.legacy.core.adapter.DefaultInstanceMapper">
                <constructor-arg type="java.lang.Class"
                                 value="#{T(com.optum.cirrus.claim.core.clinical.util.ClinicalAuthorizationsSections).UMAUTHPROVIDERALTID.getVoClass()}"/>
            </bean>
        </entry>
    </util:map>
    <!-- Clinical  Authorizations Definitions Ends -->
</beans>