<beans xmlns="http://www.springframework.org/schema/beans"
       xmlns:xsi="http://www.w3.org/2001/XMLSchema-instance"
       xmlns:context="http://www.springframework.org/schema/context"
       xmlns:rabbit="http://www.springframework.org/schema/rabbit"
       xsi:schemaLocation="http://www.springframework.org/schema/rabbit
           http://www.springframework.org/schema/rabbit/spring-rabbit.xsd
           http://www.springframework.org/schema/context
           http://www.springframework.org/schema/context/spring-context-4.3.xsd
           http://www.springframework.org/schema/beans
           http://www.springframework.org/schema/beans/spring-beans-4.3.xsd">

    <bean id="sheetDeployResponseSuccessListener" class="com.optum.rf.amqp.AMQPExternalTransactionalMessageListener">
        <property name="targetClass" value="com.optum.app.shared.rulesmanager.amqp.SheetDeployResponseSuccessListener"/>
    </bean>

    <bean id="importAuthListener" class="com.optum.app.shared.importAuth.ampq.impl.ImportAuthListenerImpl">
    </bean>

    <bean id="updateTatListener" class="com.optum.app.shared.tat.businesslogic.impl.UpdateTatListenerImpl">
    </bean>

    <bean id="sheetDeployResponseSuccessListenerAdapter" class="org.springframework.amqp.rabbit.listener.adapter.MessageListenerAdapter">
        <property name="delegate" ref="sheetDeployResponseSuccessListener"/>
        <property name="messageConverter">
            <null/>
        </property>
        <property name="defaultListenerMethod" value="onMessage"/>
    </bean>

    <bean id="importAuthListenerAdapter" class="org.springframework.amqp.rabbit.listener.adapter.MessageListenerAdapter">
        <property name="delegate" ref="importAuthListener"/>
        <property name="messageConverter">
            <null/>
        </property>
        <property name="defaultListenerMethod" value="onMessage"/>
    </bean>

    <bean id="updateTatListenerAdapter" class="org.springframework.amqp.rabbit.listener.adapter.MessageListenerAdapter">
        <property name="delegate" ref="updateTatListener"/>
        <property name="messageConverter">
            <null/>
        </property>
        <property name="defaultListenerMethod" value="onMessage"/>
    </bean>

    <!-- Listener Containers -->
    <rabbit:listener-container connection-factory="nonTransactionalConnectionFactory" concurrency="1" requeue-rejected="false" auto-startup="true" acknowledge="auto" channel-transacted="false">
        <rabbit:listener ref="ocmNonTransactionalFrameworkAdapter" queue-names="${mq.app.prefix}refreshAuthQueue"/>
    </rabbit:listener-container>

    <rabbit:listener-container connection-factory="transactionalConnectionFactory" concurrency="1" requeue-rejected="false" auto-startup="true" acknowledge="auto" channel-transacted="false">
        <rabbit:listener ref="importAuthListenerAdapter" queue-names="${mq.app.prefix}importAuth.stepperSignal"/>
    </rabbit:listener-container>

    <rabbit:listener-container connection-factory="transactionalConnectionFactory" concurrency="1" requeue-rejected="true" auto-startup="true" acknowledge="manual" channel-transacted="true">
        <rabbit:listener ref="sheetDeployResponseSuccessListenerAdapter" queue-names="${mq.app.prefix}sheet.deploy.response.success"/>
    </rabbit:listener-container>

    <rabbit:listener-container connection-factory="transactionalConnectionFactory"  concurrency="1" max-concurrency="5" min-start-interval="100" min-stop-interval="10000" requeue-rejected="true" auto-startup="true" acknowledge="auto" channel-transacted="true">
        <rabbit:listener ref="updateTatListenerAdapter" queue-names="${mq.app.letters.prefix}updateTatQueue"/>
    </rabbit:listener-container>


    <!--RabbitMQ sender-->
    <bean id="jsonConverter" class="org.springframework.amqp.support.converter.Jackson2JsonMessageConverter"> </bean>
    <rabbit:admin connection-factory="transactionalConnectionFactory"/>
    <rabbit:template id="rabbitTemplate" connection-factory="transactionalConnectionFactory"
                     message-converter="jsonConverter"/>
    <rabbit:queue id = "successQueue" name="${mq.app.prefix}importAuth.response.success"/>
    <rabbit:queue id = "partialSuccessQueue" name="${mq.app.prefix}importAuth.response.partialSuccess"/>
    <rabbit:queue id = "deadLetterQueue" name="${mq.app.prefix}importAuth.request.deadLetter"/>
    <rabbit:queue id = "failureQueue" name="${mq.app.prefix}importAuth.response.failure"/>

    <rabbit:fanout-exchange  name="${mq.app.prefix}importAuth.response.success" id="importAuth.success-exchange"><rabbit:bindings>
            <rabbit:binding queue="successQueue" />
        </rabbit:bindings>
    </rabbit:fanout-exchange>

    <rabbit:fanout-exchange  name="${mq.app.prefix}importAuth.response.partialSuccess" id="importAuth.partialSuccess-exchange"><rabbit:bindings>
        <rabbit:binding queue="partialSuccessQueue" />
    </rabbit:bindings>
    </rabbit:fanout-exchange>

    <rabbit:fanout-exchange  name="${mq.app.prefix}importAuth.request.deadLetter" id="importAuth.deadLetter-exchange"><rabbit:bindings>
        <rabbit:binding queue="deadLetterQueue" />
    </rabbit:bindings>
    </rabbit:fanout-exchange>

    <rabbit:fanout-exchange  name="${mq.app.prefix}importAuth.response.failure" id="importAuth.failure-exchange"><rabbit:bindings>
        <rabbit:binding queue="failureQueue" />
    </rabbit:bindings>
    </rabbit:fanout-exchange>



    <!--
    <tx:jta-transaction-manager/>
    -->

    <context:property-placeholder system-properties-mode="FALLBACK" ignore-unresolvable="true"/>

    <!-- Set up beans used for transactional RabbitMQ interaction. Should be used by RabbitTemplate and
         listener-container beans that use transacted channels. Publisher confirms are disabled. -->
    <rabbit:connection-factory id="transactionalConnectionFactory"
                               connection-factory="rabbitClientConnectionFactory"
                               publisher-confirms="false"
                               publisher-returns="false"/>

    <rabbit:connection-factory id="nonTransactionalConnectionFactory"
                               connection-factory="rabbitClientConnectionFactory"
                               publisher-confirms="true"
                               publisher-returns="true"/>

    <bean id="rabbitClientConnectionFactory" class="com.rabbitmq.client.ConnectionFactory">
        <property name="uri" value="${mq.uri}"/>
        <property name="virtualHost" value="${mq.virtual.host}"/>
        <property name="username" value="${mq.username}"/>
        <property name="password" value="${mq.password}"/>
        <property name="requestedHeartbeat" value="30"/>
        <property name="automaticRecoveryEnabled" value="true"/>
    </bean>

    <rabbit:admin id="transactionalRabbitAdmin" connection-factory="transactionalConnectionFactory" auto-startup="true"/>
    <rabbit:template id="transactionalRabbitTemplate"
                     connection-factory="transactionalConnectionFactory"
                     mandatory="true"
                     channel-transacted="true"/>

    <rabbit:fanout-exchange name="${mq.app.prefix}cacheExchange" durable="true" auto-delete="false" declared-by="transactionalRabbitAdmin">
        <rabbit:bindings>
            <rabbit:binding queue="cacheQueue"/>
        </rabbit:bindings>
    </rabbit:fanout-exchange>

    <!-- Set up beans used for non-transactional RabbitMQ interaction. Should be used by RabbitTemplate and
         listener-container beans that use non-transacted channels. Publisher confirms are enabled. -->
    <rabbit:admin id="nonTransactionalRabbitAdmin" connection-factory="nonTransactionalConnectionFactory"/>
    <bean id="returnCallback" class="com.optum.rf.amqp.LoggingReturnCallback"/>
    <bean id="confirmCallback" class="com.optum.rf.amqp.LoggingConfirmCallback"/>

    <rabbit:template id="nonTransactionalRabbitTemplate"
                     connection-factory="nonTransactionalConnectionFactory"
                     mandatory="true"
                     channel-transacted="false"
                     confirm-callback="confirmCallback"
                     return-callback="returnCallback"/>

    <bean id="nonTransactionalFrameworkListener" class="com.optum.rf.amqp.AMQPNonTransactionalMessageListener"/>

    <bean id="transactionalFrameworkListener" class="com.optum.rf.amqp.AMQPTransactionalMessageListener"/>

    <bean id="cacheQueue" class="org.springframework.amqp.core.AnonymousQueue"/>

    <bean id="ocmTransactionalFrameworkAdapter" class="org.springframework.amqp.rabbit.listener.adapter.MessageListenerAdapter">
        <property name="delegate" ref="transactionalFrameworkListener"/>
        <property name="messageConverter">
            <null/>
        </property>
        <property name="defaultListenerMethod" value="handleMessage"/>
    </bean>

    <bean id="ocmNonTransactionalFrameworkAdapter" class="org.springframework.amqp.rabbit.listener.adapter.MessageListenerAdapter">
        <property name="delegate" ref="nonTransactionalFrameworkListener"/>
        <property name="messageConverter">
            <null/>
        </property>
        <property name="defaultListenerMethod" value="handleMessage"/>
    </bean>

    <!-- Listener Containers -->
    <rabbit:listener-container connection-factory="nonTransactionalConnectionFactory" concurrency="2" requeue-rejected="false" auto-startup="true" acknowledge="auto" channel-transacted="false">
        <rabbit:listener ref="ocmNonTransactionalFrameworkAdapter" queue-names="${mq.app.prefix}scheduledJobQueue"/>
    </rabbit:listener-container>

    <!--
    <rabbit:listener-container connection-factory="nonTransactionalConnectionFactory" concurrency="2" requeue-rejected="false" auto-startup="true" acknowledge="auto" channel-transacted="false">
        <rabbit:listener ref="ocmNonTransactionalFrameworkAdapter" queue-names="extractJobQueue"/>
    </rabbit:listener-container>
    -->

    <rabbit:listener-container connection-factory="transactionalConnectionFactory" concurrency="1" requeue-rejected="true" auto-startup="true" acknowledge="manual" channel-transacted="false">
        <rabbit:listener ref="ocmTransactionalFrameworkAdapter" queue-names="${mq.app.prefix}reportQueue"/>
    </rabbit:listener-container>

    <!-- NOTE: Transaction Manager not currently enabled -->
    <!--<rabbit:listener-container connection-factory="transactionalConnectionFactory" concurrency="1" requeue-rejected="true" auto-startup="true" acknowledge="manual" channel-transacted="true">
        <rabbit:listener ref="ocmTransactionalFrameworkAdapter" queue-names="commonQueue"/>
    </rabbit:listener-container>-->

    <rabbit:listener-container connection-factory="transactionalConnectionFactory" concurrency="1" requeue-rejected="true" auto-startup="true" acknowledge="manual" channel-transacted="true">
        <rabbit:listener ref="ocmTransactionalFrameworkAdapter" queues="cacheQueue"/>
    </rabbit:listener-container>

    <!--
    <rabbit:topic-exchange id="cirrus-provider-org-input-exchange" name="cirrus-provider-org-input-exchange" >
        <rabbit:bindings>
            <rabbit:binding queue="cirrus-provider-org-input" pattern="#"/>
        </rabbit:bindings>
    </rabbit:topic-exchange>
    -->

    <bean id="jsonMessageConverter" class="org.springframework.amqp.support.converter.JsonMessageConverter">
        <property name="classMapper" ref="jsonClassMapper"/>
    </bean>

    <bean id="jsonClassMapper" class="org.springframework.amqp.support.converter.DefaultClassMapper"/>

    <!--
    <bean id="genericResponseFormatter" class="com.optum.cirrus.legacy.core.messaging.outbound.impl.ExternalResponseFormatterImpl"/>
    <bean id="genericResponseFormatter2" class="com.optum.cirrus.legacy.core.messaging.outbound.impl.ExternalResponseFormatterImpl2"/>
    -->
</beans>
