<?xml version="1.0" encoding="UTF-8"?>
<beans xmlns="http://www.springframework.org/schema/beans"
       xmlns:xsi="http://www.w3.org/2001/XMLSchema-instance"
       xsi:schemaLocation="http://www.springframework.org/schema/beans http://www.springframework.org/schema/beans/spring-beans-4.3.xsd">

    <!--<bean id="reporting" class="com.optum.rf.reporting.controller.ReportingController" lazy-init="true" scope="singleton">-->
        <!--<constructor-arg index="0" ref="com.optum.rf.io.FileUtils"/>-->
        <!--<constructor-arg index="1" ref="com.optum.rf.reporting.businesslogic.ReportExecution"/>-->
        <!--<constructor-arg index="2" ref="com.optum.rf.reporting.reports.util.ReportFactory"/>-->
        <!--<property name="requiredLogCreator" ref="com.optum.rf.web.log.LogCreator"/>-->
        <!--<property name="requiredControllerRequestCache" ref="com.optum.rf.core.controller.cache.ControllerRequestCache"/>-->
        <!--<property name="requiredPermissionCache" ref="com.optum.rf.web.security.PermissionCache"/>-->
        <!--<property name="requiredSystemSettingsFramework" ref="com.optum.rf.common.settings.businesslogic.SystemSettingsFramework"/>-->
        <!--<property name="requiredTemporarySystemSetting" ref="com.optum.rf.common.settings.businesslogic.TemporarySystemSetting"/>-->
        <!--<property name="requiredEnvironment" ref="com.optum.rf.core.util.Environment"/>-->
    <!--</bean>-->
</beans>
