<?xml version="1.0" encoding="UTF-8"?>
<beans xmlns="http://www.springframework.org/schema/beans"
       xmlns:security="http://www.springframework.org/schema/security"
       xmlns:xsi="http://www.w3.org/2001/XMLSchema-instance"
       xsi:schemaLocation="http://www.springframework.org/schema/beans http://www.springframework.org/schema/beans/spring-beans-4.3.xsd
	http://www.springframework.org/schema/security http://www.springframework.org/schema/security/spring-security-4.2.xsd">

    <!--Using Spring for LDAP authentication-->
    <bean id="springSecurityAuthenticationSource" class="org.springframework.security.ldap.authentication.SpringSecurityAuthenticationSource"/>

    <!--Service account information for binding via LDAP to MS domain-->
    <bean id="authenticationSourceMs" class="org.springframework.ldap.authentication.DefaultValuesAuthenticationSourceDecorator">
        <property name="target" ref="springSecurityAuthenticationSource"/>
        <property name="defaultUser" value="${ldap.user}"/>
        <property name="defaultPassword" value="${ldap.password}"/>
    </bean>

    <!--MS Domain Controller + service account to connect with-->
    <bean id="securityContextMs" class="org.springframework.security.ldap.DefaultSpringSecurityContextSource">
        <constructor-arg value="${ldap.provider.url}"/>
        <property name="authenticationSource" ref="authenticationSourceMs"/>
        <property name="baseEnvironmentProperties">
            <map>
                <entry key="com.sun.jndi.ldap.connect.timeout" value="60000"/>
            </map>
        </property>
    </bean>

    <!--Search/Filter criteria for MS domain-->
    <bean id="userSearchMs" class="org.springframework.security.ldap.search.FilterBasedLdapUserSearch">
        <constructor-arg index="0" value="DC=ms,DC=ds,DC=uhc,DC=com"/>
        <constructor-arg index="1" value="(sAMAccountName={0})"/>
        <constructor-arg index="2">
            <ref bean="securityContextMs"/>
        </constructor-arg>
        <property name="searchSubtree" value="true"/>
    </bean>

    <!--Connect the MS domain (w/ service account) to the corresponding user search/filter-->
    <bean id="bindAuthenticatorMs" class="org.springframework.security.ldap.authentication.BindAuthenticator">
        <constructor-arg>
            <ref bean="securityContextMs"/>
        </constructor-arg>
        <property name="userSearch" ref="userSearchMs"/>
    </bean>

    <!--Only one authorities populator, same for both domains-->
    <bean id="ldapAuthoritiesPopulator" class="com.optum.rf.common.security.ldap.SecurityAuthoritiesPopulator">
        <property name="requiredSecurity" ref="com.optum.rf.common.security.businesslogic.Security"/>
    </bean>

    <!--The MS domain instance of the SecurityAuthenticationProvider. Used by com.optum.rf.common.controller.LoginController -->
    <bean id="com.optum.rf.common.security.ldap.MsLdapAuthenticationProvider" class="com.optum.rf.common.security.ldap.SecurityAuthenticationProvider">
        <constructor-arg index="0">
            <ref bean="bindAuthenticatorMs"/>
        </constructor-arg>
        <constructor-arg index="1">
            <ref bean="msLdapAuthoritiesPopulator"/>
        </constructor-arg>
        <property name="requiredUser" ref="com.optum.app.ocm.common.security.businesslogic.AppUser"/>
        <property name="requiredEnvironment" ref="com.optum.rf.core.util.Environment"/>
    </bean>

    <!--The MS domain instance of the DefaultLdapAuthoritiesPopulator. Used by the WebServiceAuthenticationProvider -->
    <!--Note that the Group search base is actually the Users container.  This is where MS Domain global groups are defined -->
    <bean id="msLdapAuthoritiesPopulator" class="org.springframework.security.ldap.userdetails.DefaultLdapAuthoritiesPopulator">
        <constructor-arg index="0">
            <ref bean="securityContextMs"/>
        </constructor-arg>
        <!-- groupSearchBase argument  -->
        <constructor-arg index="1" value="CN=Users,DC=ms,DC=ds,DC=uhc,DC=com"/>
        <property name="searchSubtree" value="true"/>
        <property name="rolePrefix" value="ROLE_"/>
        <property name="convertToUpperCase" value="true"/>
    </bean>

    <!--The MS domain instance of the LDAP Authenticator with Group Populator. Used by Web Service Authentication Provider -->
    <bean id="org.springframework.security.ldap.authentication.LdapAuthenticationProvider" class="org.springframework.security.ldap.authentication.LdapAuthenticationProvider">
        <constructor-arg index="0">
            <ref bean="bindAuthenticatorMs"/>
        </constructor-arg>
        <constructor-arg index="1">
            <ref bean="msLdapAuthoritiesPopulator"/>
        </constructor-arg>
    </bean>

    <bean id="login" class="com.optum.app.shared.authentication.LoginController" scope="singleton">
        <property name="Security" ref="com.optum.rf.common.security.businesslogic.Security"/>
        <property name="AuthenticationProviderMap">
            <map>
                <entry key="1" value-ref="com.optum.rf.common.security.ldap.MsLdapAuthenticationProvider"/>  <!-- key=1 is MS Domain -->
            </map>
        </property>
        <property name="requiredAuthoritiesHelper" ref="com.optum.rf.ws.security.AuthoritiesHelper"/>
    </bean>

    <security:authentication-manager>
        <security:authentication-provider ref="com.optum.rf.common.security.ldap.MsLdapAuthenticationProvider"/>
    </security:authentication-manager>

    <!--See SecurityPropertyConfigurer to setting up ldap.properties-->
    <bean id="resourceConfigurer" class="com.optum.rf.common.security.ldap.SecurityPropertyConfigurer">
        <property name="location" value="classpath:resources/ldap.properties"/>
        <property name="ignoreUnresolvablePlaceholders" value="true"/>
    </bean>
</beans>
