<?xml version="1.0" encoding="UTF-8"?>
<beans xmlns="http://www.springframework.org/schema/beans"
       xmlns:util="http://www.springframework.org/schema/util"
       xmlns:xsi="http://www.w3.org/2001/XMLSchema-instance"
       xsi:schemaLocation="http://www.springframework.org/schema/beans    http://www.springframework.org/schema/beans/spring-beans-4.3.xsd
                           http://www.springframework.org/schema/util     http://www.springframework.org/schema/util/spring-util-4.3.xsd">

    <!-- Beans required for direct Sign on page authentication -->
    <!-- key=1 is MS Domain -->
    <util:map id="LoginAuthenticationProviderMap"
              key-type="java.lang.String"
              value-type="org.springframework.security.authentication.AuthenticationProvider"
              map-class="java.util.HashMap">

        <!-- <entry key="1" value-ref="com.optum.rf.common.security.ldap.MsLdapAuthenticationProvider"/> -->

        <!-- UserIdSecurityProvider is only used when testing application security without an LDAP or other external authentication provider -->
        <entry key="1" value-ref="com.optum.app.ocm.security.UserIdSecurityProvider"/>

    </util:map>

    <!-- map used to search for a User from an Ldap.  Key is the domain -->
    <!-- leave the Map empty if not using an Ldap -->
    <!-- key=1 is MS Domain -->
    <util:map id="LdapUserSearchMap"
              key-type="java.lang.String"
              value-type="org.springframework.security.ldap.search.LdapUserSearch"
              map-class="java.util.HashMap">
        <!--<entry key="1" value-ref="userSearchMs"/> -->
    </util:map>

    <!-- map used to add Permission Groups from an Ldap.  Key is the domain -->
    <!-- leave the Map empty if not using an Ldap -->
    <!-- key=1 is MS Domain -->
    <util:map id="LdapAuthoritiesPopulaterMap"
              key-type="java.lang.String"
              value-type="org.springframework.security.ldap.userdetails.LdapAuthoritiesPopulator"
              map-class="java.util.HashMap">
        <!-- <entry key="1" value-ref="msLdapAuthoritiesPopulator"/> -->
    </util:map>

</beans>
