<?xml version="1.0" encoding="UTF-8"?>
<beans xmlns="http://www.springframework.org/schema/beans"
   xmlns:xsi="http://www.w3.org/2001/XMLSchema-instance"
   xsi:schemaLocation="http://www.springframework.org/schema/beans http://www.springframework.org/schema/beans/spring-beans-4.3.xsd">
	<bean id="com.optum.app.c3.assessmentconductorservicev1.client.rest.AssessmentConductorServiceRestAdapter" class="com.optum.rf.ws.impl.DynamicWebServiceRestfulClient" lazy-init="true">
		<property name="requiredClientInterface" value="com.optum.app.c3.assessmentconductorservicev1.client.rest.AssessmentConductorServiceRestAdapter"/>
		<property name="requiredWebServiceRestfulClientFactory" ref="com.optum.rf.ws.impl.WebServiceRestfulClientFactory"/>
	</bean>
	<bean id="com.optum.app.c3.assessmentconductorservicev2.client.rest.AssessmentConductorServiceRestAdapter" class="com.optum.rf.ws.impl.DynamicWebServiceRestfulClient" lazy-init="true">
		<property name="requiredClientInterface" value="com.optum.app.c3.assessmentconductorservicev2.client.rest.AssessmentConductorServiceRestAdapter"/>
		<property name="requiredWebServiceRestfulClientFactory" ref="com.optum.rf.ws.impl.WebServiceRestfulClientFactory"/>
	</bean>
	<bean id="com.optum.app.c3.assessmentconductorservicev3.client.rest.AssessmentConductorServiceRestAdapter" class="com.optum.rf.ws.impl.DynamicWebServiceRestfulClient" lazy-init="true">
		<property name="requiredClientInterface" value="com.optum.app.c3.assessmentconductorservicev3.client.rest.AssessmentConductorServiceRestAdapter"/>
		<property name="requiredWebServiceRestfulClientFactory" ref="com.optum.rf.ws.impl.WebServiceRestfulClientFactory"/>
	</bean>
	<bean id="com.optum.app.link.eSSO.client.ESSOServiceAdapter" class="com.optum.rf.ws.impl.DynamicWebServiceRestfulClient" lazy-init="true">
		<property name="requiredClientInterface" value="com.optum.app.link.eSSO.client.ESSOServiceAdapter"/>
		<property name="requiredWebServiceRestfulClientFactory" ref="com.optum.rf.ws.impl.WebServiceRestfulClientFactory"/>
	</bean>
	<bean id="com.optum.app.ocm.common.provider.service.adapter.ProviderOHBSAdapter" class="com.optum.rf.ws.impl.DynamicWebServiceRestfulClient" lazy-init="true">
		<property name="requiredClientInterface" value="com.optum.app.ocm.common.provider.service.adapter.ProviderOHBSAdapter"/>
		<property name="requiredWebServiceRestfulClientFactory" ref="com.optum.rf.ws.impl.WebServiceRestfulClientFactory"/>
	</bean>
	<bean id="com.optum.app.shared.genericRuleService.v1.service.GenericRuleService" class="com.optum.rf.ws.impl.DynamicWebServiceRestfulClient" lazy-init="true">
		<property name="requiredClientInterface" value="com.optum.app.shared.genericRuleService.v1.service.GenericRuleService"/>
		<property name="requiredWebServiceRestfulClientFactory" ref="com.optum.rf.ws.impl.WebServiceRestfulClientFactory"/>
	</bean>
</beans>
