<?xml version="1.0" encoding="UTF-8"?>
<beans xmlns="http://www.springframework.org/schema/beans"
       xmlns:xsi="http://www.w3.org/2001/XMLSchema-instance"
       xmlns:jaxrs="http://cxf.apache.org/jaxrs"
       xmlns:cxf="http://cxf.apache.org/core"
       xsi:schemaLocation="http://www.springframework.org/schema/beans http://www.springframework.org/schema/beans/spring-beans-4.3.xsd
                           http://cxf.apache.org/jaxrs http://cxf.apache.org/schemas/jaxrs.xsd
                           http://cxf.apache.org/core http://cxf.apache.org/schemas/core.xsd">

    <import resource="classpath:META-INF/cxf/cxf.xml"/>

    <!-- Enable message logging using the CXF logging feature -->
    <cxf:bus>
        <cxf:inInterceptors>
           <ref bean="com.optum.rf.common.webservice.logging.interceptor.WSSysActInLoggingInterceptor"/>
           <ref bean="com.optum.rf.common.webservice.logging.interceptor.RecordInPayloadInterceptor"/>
        </cxf:inInterceptors>
        <cxf:outInterceptors>
           <ref bean="com.optum.rf.common.webservice.logging.interceptor.WSSysActOutLoggingInterceptor"/>
           <ref bean="com.optum.rf.common.webservice.logging.interceptor.RecordOutPayloadInterceptor"/>
        </cxf:outInterceptors>
        <cxf:outFaultInterceptors>
           <ref bean="com.optum.rf.common.webservice.logging.interceptor.FaultOutLoggingInterceptor"/>
        </cxf:outFaultInterceptors>
        <cxf:features>
            <cxf:logging/>
        </cxf:features>
    </cxf:bus>


    <!-- Web Service Logging Beans -->
    <bean id="com.optum.rf.common.webservice.logging.interceptor.FaultOutLoggingInterceptor" class="com.optum.rf.common.webservice.logging.interceptor.FaultOutLoggingInterceptor"/>
    <bean id="com.optum.rf.common.webservice.logging.interceptor.WSSysActInLoggingInterceptor" class="com.optum.rf.common.webservice.logging.interceptor.WSSysActInLoggingInterceptor"/>
    <bean id="com.optum.rf.common.webservice.logging.interceptor.RecordInPayloadInterceptor" class="com.optum.rf.common.webservice.logging.interceptor.RecordInPayloadInterceptor"/>
    <bean id="com.optum.rf.common.webservice.logging.interceptor.WSSysActOutLoggingInterceptor" class="com.optum.rf.common.webservice.logging.interceptor.WSSysActOutLoggingInterceptor"/>
    <bean id="com.optum.rf.common.webservice.logging.interceptor.RecordOutPayloadInterceptor" class="com.optum.rf.common.webservice.logging.interceptor.RecordOutPayloadInterceptor"/>

	<bean id="com.optum.rf.ws.impl.SettingsDrivenRestfulSecurityInInterceptor.CntcDtlV1" class="com.optum.rf.ws.impl.SettingsDrivenRestfulSecurityInInterceptor">
		<property name="webServiceProviderSettings" ref="com.optum.rf.common.settings.businesslogic.SystemSettingsWebServiceProvider"/>
		<property name="keyStoreSettings" ref="com.optum.rf.common.settings.businesslogic.SystemSettingsFileSystem"/>
		<property name="keyStoreStorage" ref="com.optum.rf.ws.security.keystore.KeyStoreStorage"/>
		<property name="providerWsID" value="CntcDtlV1"/>
	</bean>
	<jaxrs:server id="com.optum.app.ocm.common.webservice.membercontactservice.v1.service.MemberContactDetailService.rest" address="/v1/MemberContactDetailService">
		<jaxrs:serviceBeans>
			<ref bean="com.optum.app.ocm.common.webservice.membercontactservice.v1.service.MemberContactDetailService"/>
		</jaxrs:serviceBeans>
		<jaxrs:inInterceptors>
			<ref bean="com.optum.rf.ws.impl.SettingsDrivenRestfulSecurityInInterceptor.CntcDtlV1"/>
		</jaxrs:inInterceptors>
		<jaxrs:outFaultInterceptors>
			<ref bean="com.optum.rf.common.webservice.logging.interceptor.FaultOutLoggingInterceptor"/>
		</jaxrs:outFaultInterceptors>
		<jaxrs:providers>
		</jaxrs:providers>
	</jaxrs:server>

	<bean id="com.optum.app.ocm.common.webservice.membercontactservice.v1.service.MemberContactDetailService" class="com.optum.app.ocm.common.webservice.membercontactservice.v1.service.impl.MemberContactDetailServiceImpl"  lazy-init="false" scope="singleton">
		<property name="requiredMemberContactDetailProcessor" ref="com.optum.app.ocm.common.webservice.membercontactservice.v1.processor.MemberContactDetailProcessor"/>
	</bean>
	<bean id="com.optum.rf.ws.impl.SettingsDrivenRestfulSecurityInInterceptor.MbrDtlV1" class="com.optum.rf.ws.impl.SettingsDrivenRestfulSecurityInInterceptor">
		<property name="webServiceProviderSettings" ref="com.optum.rf.common.settings.businesslogic.SystemSettingsWebServiceProvider"/>
		<property name="keyStoreSettings" ref="com.optum.rf.common.settings.businesslogic.SystemSettingsFileSystem"/>
		<property name="keyStoreStorage" ref="com.optum.rf.ws.security.keystore.KeyStoreStorage"/>
		<property name="providerWsID" value="MbrDtlV1"/>
	</bean>
	<jaxrs:server id="com.optum.app.ocm.common.webservice.memberdetailservice.v1.service.MemberDetailService.rest" address="/v1/MemberDetailService">
		<jaxrs:serviceBeans>
			<ref bean="com.optum.app.ocm.common.webservice.memberdetailservice.v1.service.MemberDetailService"/>
		</jaxrs:serviceBeans>
		<jaxrs:inInterceptors>
			<ref bean="com.optum.rf.ws.impl.SettingsDrivenRestfulSecurityInInterceptor.MbrDtlV1"/>
		</jaxrs:inInterceptors>
		<jaxrs:outFaultInterceptors>
			<ref bean="com.optum.rf.common.webservice.logging.interceptor.FaultOutLoggingInterceptor"/>
		</jaxrs:outFaultInterceptors>
		<jaxrs:providers>
		</jaxrs:providers>
	</jaxrs:server>

	<bean id="com.optum.app.ocm.common.webservice.memberdetailservice.v1.service.MemberDetailService" class="com.optum.app.ocm.common.webservice.memberdetailservice.v1.service.impl.MemberDetailServiceImpl"  lazy-init="false" scope="singleton">
		<property name="requiredFamilyHealthProcessor" ref="com.optum.app.ocm.common.webservice.memberdetailservice.v1.processor.MemberFamilyHealthEventProcessor"/>
		<property name="requiredMemberFamilyDemographicsProcessor" ref="com.optum.app.ocm.common.webservice.memberdetailservice.v1.businesslogic.MemberFamilyDemographicsProcessor"/>
		<property name="requiredMemberFamilyRelationshipsProcessor" ref="com.optum.app.ocm.common.webservice.memberdetailservice.v1.processor.MemberFamilyRelationshipsProcessor"/>
	</bean>
	<bean id="com.optum.rf.ws.impl.SettingsDrivenRestfulSecurityInInterceptor.MbrDocV1" class="com.optum.rf.ws.impl.SettingsDrivenRestfulSecurityInInterceptor">
		<property name="webServiceProviderSettings" ref="com.optum.rf.common.settings.businesslogic.SystemSettingsWebServiceProvider"/>
		<property name="keyStoreSettings" ref="com.optum.rf.common.settings.businesslogic.SystemSettingsFileSystem"/>
		<property name="keyStoreStorage" ref="com.optum.rf.ws.security.keystore.KeyStoreStorage"/>
		<property name="providerWsID" value="MbrDocV1"/>
	</bean>
	<jaxrs:server id="com.optum.app.ocm.common.webservice.memberdocumentservice.v1.service.MemberDocumentService.rest" address="/v1/MemberDocumentService">
		<jaxrs:serviceBeans>
			<ref bean="com.optum.app.ocm.common.webservice.memberdocumentservice.v1.service.MemberDocumentService"/>
		</jaxrs:serviceBeans>
		<jaxrs:inInterceptors>
			<ref bean="com.optum.rf.ws.impl.SettingsDrivenRestfulSecurityInInterceptor.MbrDocV1"/>
		</jaxrs:inInterceptors>
		<jaxrs:outFaultInterceptors>
			<ref bean="com.optum.rf.common.webservice.logging.interceptor.FaultOutLoggingInterceptor"/>
		</jaxrs:outFaultInterceptors>
		<jaxrs:providers>
		</jaxrs:providers>
	</jaxrs:server>

	<bean id="com.optum.app.ocm.common.webservice.memberdocumentservice.v1.service.MemberDocumentService" class="com.optum.app.ocm.common.webservice.memberdocumentservice.v1.service.impl.MemberDocumentServiceImpl"  lazy-init="false" scope="singleton">
		<property name="requiredMemberDocumentProcessor" ref="com.optum.app.ocm.common.webservice.memberdocumentservice.v1.processor.MemberDocumentProcessor"/>
	</bean>
	<bean id="com.optum.rf.ws.impl.SettingsDrivenRestfulSecurityInInterceptor.authRfrsh" class="com.optum.rf.ws.impl.SettingsDrivenRestfulSecurityInInterceptor">
		<property name="webServiceProviderSettings" ref="com.optum.rf.common.settings.businesslogic.SystemSettingsWebServiceProvider"/>
		<property name="keyStoreSettings" ref="com.optum.rf.common.settings.businesslogic.SystemSettingsFileSystem"/>
		<property name="keyStoreStorage" ref="com.optum.rf.ws.security.keystore.KeyStoreStorage"/>
		<property name="providerWsID" value="authRfrsh"/>
	</bean>
	<jaxrs:server id="com.optum.app.shared.webservice.authorizationRefreshService.v1.service.AuthRefreshService.rest" address="/v1/AuthRefreshService">
		<jaxrs:serviceBeans>
			<ref bean="com.optum.app.shared.webservice.authorizationRefreshService.v1.service.AuthRefreshService"/>
		</jaxrs:serviceBeans>
		<jaxrs:inInterceptors>
			<ref bean="com.optum.rf.ws.impl.SettingsDrivenRestfulSecurityInInterceptor.authRfrsh"/>
		</jaxrs:inInterceptors>
		<jaxrs:outFaultInterceptors>
			<ref bean="com.optum.rf.common.webservice.logging.interceptor.FaultOutLoggingInterceptor"/>
		</jaxrs:outFaultInterceptors>
		<jaxrs:providers>
		</jaxrs:providers>
	</jaxrs:server>

	<bean id="com.optum.app.shared.webservice.authorizationRefreshService.v1.service.AuthRefreshService" class="com.optum.app.shared.webservice.authorizationRefreshService.v1.service.impl.AuthRefreshServiceImpl"  lazy-init="false" scope="singleton">
	</bean>
	<bean id="com.optum.rf.ws.impl.SettingsDrivenRestfulSecurityInInterceptor.epaResp" class="com.optum.rf.ws.impl.SettingsDrivenRestfulSecurityInInterceptor">
		<property name="webServiceProviderSettings" ref="com.optum.rf.common.settings.businesslogic.SystemSettingsWebServiceProvider"/>
		<property name="keyStoreSettings" ref="com.optum.rf.common.settings.businesslogic.SystemSettingsFileSystem"/>
		<property name="keyStoreStorage" ref="com.optum.rf.ws.security.keystore.KeyStoreStorage"/>
		<property name="providerWsID" value="epaResp"/>
	</bean>
	<jaxrs:server id="com.optum.app.shared.webservice.epaResponseService.v1.service.EpaResponseService.rest" address="/v1/EpaResponseService">
		<jaxrs:serviceBeans>
			<ref bean="com.optum.app.shared.webservice.epaResponseService.v1.service.EpaResponseService"/>
		</jaxrs:serviceBeans>
		<jaxrs:inInterceptors>
			<ref bean="com.optum.rf.ws.impl.SettingsDrivenRestfulSecurityInInterceptor.epaResp"/>
		</jaxrs:inInterceptors>
		<jaxrs:outFaultInterceptors>
			<ref bean="com.optum.rf.common.webservice.logging.interceptor.FaultOutLoggingInterceptor"/>
		</jaxrs:outFaultInterceptors>
		<jaxrs:providers>
		</jaxrs:providers>
	</jaxrs:server>

	<bean id="com.optum.app.shared.webservice.epaResponseService.v1.service.EpaResponseService" class="com.optum.app.shared.webservice.epaResponseService.v1.service.impl.EpaResponseServiceImpl"  lazy-init="false" scope="singleton">
	</bean>
	<bean id="com.optum.rf.ws.impl.SettingsDrivenRestfulSecurityInInterceptor.epaRespV2" class="com.optum.rf.ws.impl.SettingsDrivenRestfulSecurityInInterceptor">
		<property name="webServiceProviderSettings" ref="com.optum.rf.common.settings.businesslogic.SystemSettingsWebServiceProvider"/>
		<property name="keyStoreSettings" ref="com.optum.rf.common.settings.businesslogic.SystemSettingsFileSystem"/>
		<property name="keyStoreStorage" ref="com.optum.rf.ws.security.keystore.KeyStoreStorage"/>
		<property name="providerWsID" value="epaRespV2"/>
	</bean>
	<jaxrs:server id="com.optum.app.shared.webservice.epaResponseService.v2.service.EpaResponseServiceV2.rest" address="/v2/EpaResponseServiceV2">
		<jaxrs:serviceBeans>
			<ref bean="com.optum.app.shared.webservice.epaResponseService.v2.service.EpaResponseServiceV2"/>
		</jaxrs:serviceBeans>
		<jaxrs:inInterceptors>
			<ref bean="com.optum.rf.ws.impl.SettingsDrivenRestfulSecurityInInterceptor.epaRespV2"/>
		</jaxrs:inInterceptors>
		<jaxrs:outFaultInterceptors>
			<ref bean="com.optum.rf.common.webservice.logging.interceptor.FaultOutLoggingInterceptor"/>
		</jaxrs:outFaultInterceptors>
		<jaxrs:providers>
		</jaxrs:providers>
	</jaxrs:server>

	<bean id="com.optum.app.shared.webservice.epaResponseService.v2.service.EpaResponseServiceV2" class="com.optum.app.shared.webservice.epaResponseService.v2.service.impl.EpaResponseServiceV2Impl"  lazy-init="false" scope="singleton">
	</bean>
	<bean id="com.optum.rf.ws.impl.SettingsDrivenRestfulSecurityInInterceptor.faxResp" class="com.optum.rf.ws.impl.SettingsDrivenRestfulSecurityInInterceptor">
		<property name="webServiceProviderSettings" ref="com.optum.rf.common.settings.businesslogic.SystemSettingsWebServiceProvider"/>
		<property name="keyStoreSettings" ref="com.optum.rf.common.settings.businesslogic.SystemSettingsFileSystem"/>
		<property name="keyStoreStorage" ref="com.optum.rf.ws.security.keystore.KeyStoreStorage"/>
		<property name="providerWsID" value="faxResp"/>
	</bean>
	<jaxrs:server id="com.optum.app.shared.webservice.faxResponseService.v1.service.FaxResponseService.rest" address="/v1/FaxResponseService">
		<jaxrs:serviceBeans>
			<ref bean="com.optum.app.shared.webservice.faxResponseService.v1.service.FaxResponseService"/>
		</jaxrs:serviceBeans>
		<jaxrs:inInterceptors>
			<ref bean="com.optum.rf.ws.impl.SettingsDrivenRestfulSecurityInInterceptor.faxResp"/>
		</jaxrs:inInterceptors>
		<jaxrs:outFaultInterceptors>
			<ref bean="com.optum.rf.common.webservice.logging.interceptor.FaultOutLoggingInterceptor"/>
		</jaxrs:outFaultInterceptors>
		<jaxrs:providers>
		</jaxrs:providers>
	</jaxrs:server>

	<bean id="com.optum.app.shared.webservice.faxResponseService.v1.service.FaxResponseService" class="com.optum.app.shared.webservice.faxResponseService.v1.service.impl.FaxResponseServiceImpl"  lazy-init="false" scope="singleton">
	</bean>
	<bean id="com.optum.rf.ws.impl.SettingsDrivenRestfulSecurityInInterceptor.jbpmEvnt" class="com.optum.rf.ws.impl.SettingsDrivenRestfulSecurityInInterceptor">
		<property name="webServiceProviderSettings" ref="com.optum.rf.common.settings.businesslogic.SystemSettingsWebServiceProvider"/>
		<property name="keyStoreSettings" ref="com.optum.rf.common.settings.businesslogic.SystemSettingsFileSystem"/>
		<property name="keyStoreStorage" ref="com.optum.rf.ws.security.keystore.KeyStoreStorage"/>
		<property name="providerWsID" value="jbpmEvnt"/>
	</bean>
	<jaxrs:server id="com.optum.app.shared.webservice.jbpmEventService.v1.service.JbpmEventService.rest" address="/v1/JbpmEventService">
		<jaxrs:serviceBeans>
			<ref bean="com.optum.app.shared.webservice.jbpmEventService.v1.service.JbpmEventService"/>
		</jaxrs:serviceBeans>
		<jaxrs:inInterceptors>
			<ref bean="com.optum.rf.ws.impl.SettingsDrivenRestfulSecurityInInterceptor.jbpmEvnt"/>
		</jaxrs:inInterceptors>
		<jaxrs:outFaultInterceptors>
			<ref bean="com.optum.rf.common.webservice.logging.interceptor.FaultOutLoggingInterceptor"/>
		</jaxrs:outFaultInterceptors>
		<jaxrs:providers>
		</jaxrs:providers>
	</jaxrs:server>

	<bean id="com.optum.app.shared.webservice.jbpmEventService.v1.service.JbpmEventService" class="com.optum.app.shared.webservice.jbpmEventService.v1.service.impl.JbpmEventServiceImpl"  lazy-init="false" scope="singleton">
	</bean>
	<bean id="com.optum.rf.ws.impl.SettingsDrivenRestfulSecurityInInterceptor.membSvc" class="com.optum.rf.ws.impl.SettingsDrivenRestfulSecurityInInterceptor">
		<property name="webServiceProviderSettings" ref="com.optum.rf.common.settings.businesslogic.SystemSettingsWebServiceProvider"/>
		<property name="keyStoreSettings" ref="com.optum.rf.common.settings.businesslogic.SystemSettingsFileSystem"/>
		<property name="keyStoreStorage" ref="com.optum.rf.ws.security.keystore.KeyStoreStorage"/>
		<property name="providerWsID" value="membSvc"/>
	</bean>
	<jaxrs:server id="com.optum.app.shared.webservice.memberService.v1.service.MemberService.rest" address="/v1/MemberService">
		<jaxrs:serviceBeans>
			<ref bean="com.optum.app.shared.webservice.memberService.v1.service.MemberService"/>
		</jaxrs:serviceBeans>
		<jaxrs:inInterceptors>
			<ref bean="com.optum.rf.ws.impl.SettingsDrivenRestfulSecurityInInterceptor.membSvc"/>
		</jaxrs:inInterceptors>
		<jaxrs:outFaultInterceptors>
			<ref bean="com.optum.rf.common.webservice.logging.interceptor.FaultOutLoggingInterceptor"/>
		</jaxrs:outFaultInterceptors>
		<jaxrs:providers>
		</jaxrs:providers>
	</jaxrs:server>

	<bean id="com.optum.app.shared.webservice.memberService.v1.service.MemberService" class="com.optum.app.shared.webservice.memberService.v1.service.impl.MemberServiceImpl"  lazy-init="false" scope="singleton">
	</bean>
	<bean id="com.optum.rf.ws.impl.SettingsDrivenRestfulSecurityInInterceptor.provSvc" class="com.optum.rf.ws.impl.SettingsDrivenRestfulSecurityInInterceptor">
		<property name="webServiceProviderSettings" ref="com.optum.rf.common.settings.businesslogic.SystemSettingsWebServiceProvider"/>
		<property name="keyStoreSettings" ref="com.optum.rf.common.settings.businesslogic.SystemSettingsFileSystem"/>
		<property name="keyStoreStorage" ref="com.optum.rf.ws.security.keystore.KeyStoreStorage"/>
		<property name="providerWsID" value="provSvc"/>
	</bean>
	<jaxrs:server id="com.optum.app.shared.webservice.providerService.v1.service.ProviderService.rest" address="/v1/ProviderService">
		<jaxrs:serviceBeans>
			<ref bean="com.optum.app.shared.webservice.providerService.v1.service.ProviderService"/>
		</jaxrs:serviceBeans>
		<jaxrs:inInterceptors>
			<ref bean="com.optum.rf.ws.impl.SettingsDrivenRestfulSecurityInInterceptor.provSvc"/>
		</jaxrs:inInterceptors>
		<jaxrs:outFaultInterceptors>
			<ref bean="com.optum.rf.common.webservice.logging.interceptor.FaultOutLoggingInterceptor"/>
		</jaxrs:outFaultInterceptors>
		<jaxrs:providers>
		</jaxrs:providers>
	</jaxrs:server>

	<bean id="com.optum.app.shared.webservice.providerService.v1.service.ProviderService" class="com.optum.app.shared.webservice.providerService.v1.service.impl.ProviderServiceImpl"  lazy-init="false" scope="singleton">
	</bean>
	<bean id="com.optum.rf.ws.impl.SettingsDrivenRestfulSecurityInInterceptor.updateTat" class="com.optum.rf.ws.impl.SettingsDrivenRestfulSecurityInInterceptor">
		<property name="webServiceProviderSettings" ref="com.optum.rf.common.settings.businesslogic.SystemSettingsWebServiceProvider"/>
		<property name="keyStoreSettings" ref="com.optum.rf.common.settings.businesslogic.SystemSettingsFileSystem"/>
		<property name="keyStoreStorage" ref="com.optum.rf.ws.security.keystore.KeyStoreStorage"/>
		<property name="providerWsID" value="updateTat"/>
	</bean>
	<jaxrs:server id="com.optum.app.shared.webservice.updateTatService.v1.service.UpdateTatService.rest" address="/v1/UpdateTatService">
		<jaxrs:serviceBeans>
			<ref bean="com.optum.app.shared.webservice.updateTatService.v1.service.UpdateTatService"/>
		</jaxrs:serviceBeans>
		<jaxrs:inInterceptors>
			<ref bean="com.optum.rf.ws.impl.SettingsDrivenRestfulSecurityInInterceptor.updateTat"/>
		</jaxrs:inInterceptors>
		<jaxrs:outFaultInterceptors>
			<ref bean="com.optum.rf.common.webservice.logging.interceptor.FaultOutLoggingInterceptor"/>
		</jaxrs:outFaultInterceptors>
		<jaxrs:providers>
		</jaxrs:providers>
	</jaxrs:server>

	<bean id="com.optum.app.shared.webservice.updateTatService.v1.service.UpdateTatService" class="com.optum.app.shared.webservice.updateTatService.v1.service.impl.UpdateTatServiceImpl"  lazy-init="false" scope="singleton">
	</bean>
</beans>
