<?xml version="1.0" encoding="UTF-8"?>
<bb_indicesList>

    <bb_index index_name="dspl_elmnt_idx1" sort="1" table_name="dspl_elmnt" field_name="displayElementName" order_by="ASC" unique_indicator="1" function="" num_partitions="0"/>
    <bb_index index_name="dspl_elmnt_parent_idx1" sort="1" table_name="dspl_elmnt_par" field_name="displayElementParentID" order_by="ASC" unique_indicator="0" function="" num_partitions="0"/>
    <bb_index index_name="cst_dspl_elmt_cfg_idx1" sort="1" table_name="cust_dspl_elmnt_cnfg" field_name="displayElementID" order_by="ASC" unique_indicator="1" function="" num_partitions="0"/>
    <bb_index index_name="cst_dspl_elmt_cfg_idx1" sort="2" table_name="cust_dspl_elmnt_cnfg" field_name="displayElementParentID" order_by="ASC" unique_indicator="0" function="" num_partitions="0"/>
    <bb_index index_name="cst_dspl_elmt_cfg_idx1" sort="3" table_name="cust_dspl_elmnt_cnfg" field_name="customerID" order_by="ASC" unique_indicator="0" function="" num_partitions="0"/>
    <bb_index index_name="cpt4_key_wrd_idx1" sort="1" table_name="cpt4_key_wrd" field_name="keyword" order_by="ASC" unique_indicator="0" function="" num_partitions="0"/>
    <bb_index index_name="cpt4_key_wrd_idx1" sort="2" table_name="cpt4_key_wrd" field_name="procedureCode" order_by="ASC" unique_indicator="0" function="" num_partitions="0"/>
    <bb_index index_name="cpt4_key_wrd_idx1" sort="3" table_name="cpt4_key_wrd" field_name="keywordRank" order_by="ASC" unique_indicator="0" function="" num_partitions="0"/>
    <bb_index index_name="icd10_key_wrd_idx1" sort="1" table_name="icd10_key_wrd" field_name="keyword" order_by="ASC" unique_indicator="0" function="" num_partitions="0"/>
    <bb_index index_name="icd10_key_wrd_idx1" sort="2" table_name="icd10_key_wrd" field_name="diagnosisCode" order_by="ASC" unique_indicator="0" function="" num_partitions="0"/>
    <bb_index index_name="icd10_key_wrd_idx1" sort="3" table_name="icd10_key_wrd" field_name="keywordRank" order_by="ASC" unique_indicator="0" function="" num_partitions="0"/>

    <bb_index index_name="ref_hrchy_idx1" sort="1" table_name="ref_hrchy" field_name="hierarchyType" order_by="ASC" unique_indicator="1" function="" num_partitions="0"/>
    <bb_index index_name="ref_hrchy_idx1" sort="2" table_name="ref_hrchy" field_name="order" order_by="ASC" unique_indicator="1" function="" num_partitions="0"/>

    <bb_index index_name="schedJbDtDtl_idx1" sort="1" table_name="sched_job_aud_dtl" field_name="jobSeqNum" order_by="ASC" unique_indicator="0" function="" num_partitions="0"/>
    <bb_index index_name="sched_job_idx1" sort="1" table_name="sched_job" field_name="jobStatus" order_by="ASC" unique_indicator="0" function="" num_partitions="0"/>
    <bb_index index_name="sched_job_idx1" sort="2" table_name="sched_job" field_name="runDateTime" order_by="ASC" unique_indicator="0" function="" num_partitions="0"/>
    <bb_index index_name="sched_job_idx2" sort="1" table_name="sched_job" field_name="sysJobID" order_by="ASC" unique_indicator="0" function="" num_partitions="0"/>
    <bb_index index_name="sched_job_idx2" sort="2" table_name="sched_job" field_name="jobDesc" order_by="ASC" unique_indicator="0" function="" num_partitions="0"/>

    <bb_index index_name="dspl_elmnt_cnfg_idgx1" sort="1" table_name="dspl_elmnt_cnfg" field_name="customerID" order_by="ASC" unique_indicator="1" function="" num_partitions="0"/>
    <bb_index index_name="dspl_elmnt_cnfg_idgx1" sort="2" table_name="dspl_elmnt_cnfg" field_name="userGroupID" order_by="ASC" unique_indicator="1" function="" num_partitions="0"/>
    <bb_index index_name="dspl_elmnt_cnfg_idgx1" sort="3" table_name="dspl_elmnt_cnfg" field_name="displayElementName" order_by="ASC" unique_indicator="1" function="" num_partitions="0"/>

    <!-- functions on indices are not allowed for MySQL and is being removed on the SCHED_JOB_IDX4 index -->
    <!-- <bb_index index_name="sched_job_idx4" sort="1" table_name="sched_job" field_name="sysJobID" order_by="ASC" unique_indicator="1" function="upper({F})" num_partitions="0"/> -->
    <bb_index index_name="sched_job_idx4" sort="1" table_name="sched_job" field_name="sysJobID" order_by="ASC" unique_indicator="1" function="" num_partitions="0"/>

    <bb_index index_name="schJbsLkDtDtl_idx1" sort="1" table_name="sched_job_lck_aud_dtl" field_name="systemID" order_by="ASC" unique_indicator="0" function="" num_partitions="0"/>
    <bb_index index_name="secur_rule_crit_aud_dtl_idx1" sort="1" table_name="secur_rule_crit_aud_dtl" field_name="securityRuleCriteriaID" order_by="ASC" unique_indicator="0" function="" num_partitions="0"/>
    <bb_index index_name="secur_rule_idx1" sort="1" table_name="secur_rule" field_name="securityRuleCriteriaID" order_by="ASC" unique_indicator="0" function="" num_partitions="0"/>
    <bb_index index_name="sys_act_log_par_idx1" sort="1" table_name="sys_act_log" field_name="className" order_by="ASC" unique_indicator="0" function="" num_partitions="0"/>
    <bb_index index_name="sys_act_log_par_idx1" sort="2" table_name="sys_act_log" field_name="methodName" order_by="ASC" unique_indicator="0" function="" num_partitions="0"/>
    <bb_index index_name="sys_act_log_par_idx1" sort="3" table_name="sys_act_log" field_name="serverName" order_by="ASC" unique_indicator="0" function="" num_partitions="0"/>
    <bb_index index_name="sys_act_log_par_idx3" sort="1" table_name="sys_act_log" field_name="userActivityLogID" order_by="ASC" unique_indicator="0" function="" num_partitions="0"/>
    <bb_index index_name="sys_act_log_par_idx4" sort="1" table_name="sys_act_log" field_name="userID" order_by="ASC" unique_indicator="0" function="" num_partitions="0"/>
    <bb_index index_name="sys_err_log_par_idx1" sort="1" table_name="sys_err_log" field_name="userID" order_by="ASC" unique_indicator="0" function="" num_partitions="0"/>
    <bb_index index_name="sys_err_log_par_idx2" sort="1" table_name="sys_err_log" field_name="userActivityLogID" order_by="ASC" unique_indicator="0" function="" num_partitions="0"/>
    <bb_index index_name="sys_err_log_par_idx3" sort="1" table_name="sys_err_log" field_name="errorShortDescription" order_by="ASC" unique_indicator="0" function="" num_partitions="0"/>
    <bb_index index_name="sys_err_log_par_idx3" sort="2" table_name="sys_err_log" field_name="userID" order_by="ASC" unique_indicator="0" function="" num_partitions="0"/>
    <bb_index index_name="sys_ftur_flg_idx1" sort="1" table_name="sys_ftur_flg" field_name="featureCategory" order_by="ASC" unique_indicator="0" function="" num_partitions="0"/>
    <bb_index index_name="sys_ftur_flg_idx2" sort="1" table_name="sys_ftur_flg" field_name="clientAvailable" order_by="ASC" unique_indicator="0" function="" num_partitions="0"/>
    <bb_index index_name="sys_ftur_flg_var_idx1" sort="1" table_name="sys_ftur_flg_var" field_name="featureKey" order_by="ASC" unique_indicator="0" function="" num_partitions="0"/>
    <bb_index index_name="sys_ftur_flg_var_idx1" sort="2" table_name="sys_ftur_flg_var" field_name="featureVariationSeqNum" order_by="ASC" unique_indicator="0" function="" num_partitions="0"/>
    <bb_index index_name="sys_sql_log_idx3" sort="1" table_name="sys_sql_log" field_name="userActivityLogID" order_by="ASC" unique_indicator="0" function="" num_partitions="0"/>
    <bb_index index_name="sys_sql_log_idx4" sort="1" table_name="sys_sql_log" field_name="userID" order_by="ASC" unique_indicator="0" function="" num_partitions="0"/>
    <bb_index index_name="sys_web_srvc_log_idx1" sort="1" table_name="sys_web_srvc_log" field_name="userActivityLogID" order_by="ASC" unique_indicator="0" function="" num_partitions="0"/>
    <bb_index index_name="sys_web_srvc_log_idx2" sort="1" table_name="sys_web_srvc_log" field_name="createDateTime" order_by="ASC" unique_indicator="0" function="" num_partitions="0"/>
    <bb_index index_name="sys_web_srvc_log_idx2" sort="2" table_name="sys_web_srvc_log" field_name="userID" order_by="ASC" unique_indicator="0" function="" num_partitions="0"/>
    <bb_index index_name="user_act_log_par_idx1" sort="1" table_name="user_act_log" field_name="userID" order_by="ASC" unique_indicator="0" function="" num_partitions="0"/>
    <bb_index index_name="user_act_log_par_idx2" sort="1" table_name="user_act_log" field_name="permissionID" order_by="ASC" unique_indicator="0" function="" num_partitions="0"/>
    <bb_index index_name="user_aud_dtl_idx1" sort="1" table_name="user_aud_dtl" field_name="userID" order_by="ASC" unique_indicator="0" function="" num_partitions="0"/>
    <bb_index index_name="user_grp_prmis_grp_idx1" sort="1" table_name="user_grp_prmis_grp" field_name="permissionGroupID" order_by="ASC" unique_indicator="0" function="" num_partitions="0"/>
    <bb_index index_name="user_prmis_grp_idx1" sort="1" table_name="user_prmis_grp" field_name="permissionGroupID" order_by="ASC" unique_indicator="0" function="" num_partitions="0"/>
    <bb_index index_name="user_secur_rule_idx1" sort="1" table_name="user_secur_rule" field_name="securityRuleID" order_by="ASC" unique_indicator="0" function="" num_partitions="0"/>
    <bb_index index_name="user_tbl_idx1" sort="1" table_name="user_tbl" field_name="ccsUserID" order_by="ASC" unique_indicator="0" function="" num_partitions="0"/>
    <bb_index index_name="user_wrk_que_grp_idx1" sort="1" table_name="user_wrk_que_grp" field_name="userID" order_by="ASC" unique_indicator="0" function="" num_partitions="0"/>
    <bb_index index_name="wrk_que_wrk_que_grp_idx1" sort="1" table_name="wrk_que_wrk_que_grp" field_name="workQueueGroupID" order_by="ASC" unique_indicator="0" function="" num_partitions="0"/>
</bb_indicesList>