<?xml version="1.0" encoding="UTF-8"?>
<stored_procs>
    <stored_proc proc_name="TRUNCATE_TABLE" db_category=""/>
    <stored_proc proc_name="SP_INSERT_COSMOS_GROUP" db_category=""/>
    <stored_proc proc_name="SP_TRUNC_INSERT_COSMOS_MAPS" db_category=""/>
    <stored_proc proc_name="SP_TRUNC_INSERT_NICE_MAPS" db_category=""/>
    <stored_proc proc_name="SP_COMMIT_CPT4_BASE" db_category=""/>
    <stored_proc proc_name="SP_COMMIT_HCPCS_BASE" db_category=""/>
    <stored_proc proc_name="SP_COMMIT_ICD9_BASE" db_category=""/>
    <stored_proc proc_name="SP_COMMIT_ICD10_BASE" db_category=""/>
    <stored_proc proc_name="SP_COMMIT_CPT4_KEYWORD" db_category=""/>
    <stored_proc proc_name="SP_COMMIT_HCPCS_KEYWORD" db_category=""/>
    <stored_proc proc_name="SP_COMMIT_ICD9_KEYWORD" db_category=""/>
    <stored_proc proc_name="SP_COMMIT_ICD10_KEYWORD" db_category=""/>
    <stored_proc proc_name="SP_PRESERVE_DELETED_CPT4_BASE" db_category=""/>
    <stored_proc proc_name="SP_PRESERVE_DELETED_HCPCS_BASE" db_category=""/>
    <stored_proc proc_name="SP_PRESERVE_DELETED_ICD9_BASE" db_category=""/>
    <stored_proc proc_name="SP_PRESERVE_DELETED_ICD10_BASE" db_category=""/>
    <stored_proc proc_name="SP_PRESERVE_DELETED_CPT4_KWD" db_category=""/>
    <stored_proc proc_name="SP_PRESERVE_DELETED_HCPCS_KWD" db_category=""/>
    <stored_proc proc_name="SP_PRESERVE_DELETED_ICD9_KWD" db_category=""/>
    <stored_proc proc_name="SP_PRESERVE_DELETED_ICD10_KWD" db_category=""/>
    <stored_proc proc_name="DB_GATHER_STATS" db_category=""/>
    <stored_proc proc_name="MNT_LOG" db_category=""/>
</stored_procs>
