<?xml version="1.0" encoding="UTF-8"?>
<bb_table_cacheList>
    <bb_cache table_name="cd_xref" jmsdest="TABLE_CACHE_TOPIC" cachesize="5000" cachetype="LRU" cacheparams=""/>
    <bb_cache table_name="irm_evnt" jmsdest="TABLE_CACHE_TOPIC" cachesize="100" cachetype="LRU" cacheparams=""/>
    <bb_cache table_name="ref_fltr_chld" jmsdest="REF_FILTER_CHILD_QUERY_CACHE_TOPIC" cachesize="0" cachetype="CUSTOM" cacheparams=""/>
    <bb_cache table_name="ref_fltr_chld" jmsdest="REF_FILTER_CHILD_VIEW_QUERY_CACHE_TOPIC" cachesize="0" cachetype="CUSTOM" cacheparams=""/>
    <bb_cache table_name="ref_fltr_cstm" jmsdest="REF_FILTER_CUSTOM_QUERY_CACHE_TOPIC" cachesize="0" cachetype="CUSTOM" cacheparams=""/>
    <bb_cache table_name="ref_fltr_cstm" jmsdest="REF_FILTER_CUSTOM_VIEW_QUERY_CACHE_TOPIC" cachesize="0" cachetype="CUSTOM" cacheparams=""/>
    <bb_cache table_name="sys_ftur_flg" jmsdest="TABLE_CACHE_TOPIC" cachesize="100" cachetype="LRU" cacheparams=""/>
    <bb_cache table_name="sys_ftur_flg_var" jmsdest="TABLE_CACHE_TOPIC" cachesize="500" cachetype="LRU" cacheparams=""/>
    <bb_cache table_name="sys_set_appl" jmsdest="TABLE_CACHE_TOPIC" cachesize="20" cachetype="LRU" cacheparams=""/>
    <bb_cache table_name="sys_set_asmt_typ" jmsdest="TABLE_CACHE_TOPIC" cachesize="100" cachetype="LRU" cacheparams=""/>
    <bb_cache table_name="sys_set_email_grp" jmsdest="TABLE_CACHE_TOPIC" cachesize="50" cachetype="LRU" cacheparams=""/>
    <bb_cache table_name="sys_set_extr_rsrce" jmsdest="TABLE_CACHE_TOPIC" cachesize="500" cachetype="LRU" cacheparams=""/>
    <bb_cache table_name="sys_set_fax" jmsdest="TABLE_CACHE_TOPIC" cachesize="10" cachetype="LRU" cacheparams=""/>
    <bb_cache table_name="sys_set_framwrk" jmsdest="TABLE_CACHE_TOPIC" cachesize="1" cachetype="LRU" cacheparams=""/>
    <bb_cache table_name="sys_set_provd_web_srvc" jmsdest="KEY_STORE_CACHE_TOPIC" cachesize="0" cachetype="CUSTOM" cacheparams=""/>
    <bb_cache table_name="sys_set_provd_web_srvc" jmsdest="TABLE_CACHE_TOPIC" cachesize="50" cachetype="LRU" cacheparams=""/>
    <bb_cache table_name="sys_set_rpt" jmsdest="TABLE_CACHE_TOPIC" cachesize="50" cachetype="LRU" cacheparams=""/>
    <bb_cache table_name="sys_set_temp" jmsdest="TABLE_CACHE_TOPIC" cachesize="100" cachetype="LRU" cacheparams=""/>
    <bb_cache table_name="sys_set_web_srvc" jmsdest="TABLE_CACHE_TOPIC" cachesize="50" cachetype="LRU" cacheparams=""/>
    <bb_cache table_name="sys_set_web_srvc_mod" jmsdest="TABLE_CACHE_TOPIC" cachesize="50" cachetype="LRU" cacheparams=""/>
    <bb_cache table_name="zip_cd_tm_zone" jmsdest="TABLE_CACHE_TOPIC" cachesize="10000" cachetype="LRU" cacheparams=""/>
</bb_table_cacheList>