<?xml version="1.0" encoding="UTF-8"?>
<bb_tablesList>
    <bb_table table_name="brnd_img" descriptiontext="client side image location for custom branding" voclass="com.optum.app.ocm.common.data.BrandImageVO" daoclass="" daoclassimpl="" auditnotestable="" view_indicator="0" distinct_indicator="0" virtual_indicator="0" under_construction="0" secured="0" logHistory="0" num_pk_index_partitions="0" pk_partitioned_index_name="" db_category="MbmDatasource" translatable="0"/>
    <bb_table table_name="cd_xref" descriptiontext="code translation between HSR and other external systems, e.g., CCS and CareOne, to facilitate system integration. Initially used to integrate CCS routing rule engine web service." voclass="com.optum.rf.common.reference.data.CodeXRefVO" daoclass="" daoclassimpl="" auditnotestable="" view_indicator="0" distinct_indicator="0" virtual_indicator="0" under_construction="0" secured="0" logHistory="0" num_pk_index_partitions="0" pk_partitioned_index_name="" db_category="" translatable="0"/>
    <bb_table table_name="chat_msg" descriptiontext="Messenger chat message table" voclass="com.optum.app.common.messenger.data.ChatMessageVO" daoclass="" daoclassimpl="" auditnotestable="" view_indicator="0" distinct_indicator="0" virtual_indicator="0" under_construction="0" secured="0" logHistory="0" num_pk_index_partitions="0" pk_partitioned_index_name="" db_category="" translatable="0"/>
    <bb_table table_name="cpt4" descriptiontext="Industry standard procedure code for medical billing CPT (Current Procedural Terminology) codes are numbers assigned to every taskPurgeTable and service a medical practitioner may provide to a patient including medical, surgical and diagnostic services.CPT codes are developed, maintained and copyrighted by the AMA (American Medical Association.) Thousands of codes are in use, and they are updated annually." voclass="com.optum.rf.common.reference.data.Cpt4VO" daoclass="com.optum.rf.common.reference.sql.Cpt4DAO" daoclassimpl="com.optum.rf.common.reference.sql.impl.Cpt4DAOImpl" auditnotestable="" view_indicator="0" distinct_indicator="0" virtual_indicator="0" under_construction="0" secured="0" logHistory="0" num_pk_index_partitions="0" pk_partitioned_index_name="" db_category="MbmDatasource" translatable="0"/>
    <bb_table table_name="cpt4_bas_stg" descriptiontext="Staging table for the current version of CPT4 codes." voclass="com.optum.rf.common.staging.data.Cpt4BaseStagingVO" daoclass="com.optum.rf.common.staging.sql.Cpt4BaseStagingDAO" daoclassimpl="com.optum.rf.common.staging.sql.impl.Cpt4BaseStagingDAOImpl" auditnotestable="" view_indicator="0" distinct_indicator="0" virtual_indicator="0" under_construction="0" secured="0" logHistory="0" num_pk_index_partitions="0" pk_partitioned_index_name="" db_category="MbmDatasource" translatable="0"/>
    <bb_table table_name="cpt4_key_wrd" descriptiontext="Key word list to facilitate CPT4 code search" voclass="com.optum.rf.common.reference.data.Cpt4KeywordVO" daoclass="" daoclassimpl="" auditnotestable="" view_indicator="0" distinct_indicator="0" virtual_indicator="0" under_construction="0" secured="0" logHistory="0" num_pk_index_partitions="0" pk_partitioned_index_name="" db_category="MbmDatasource" translatable="0"/>
    <bb_table table_name="cpt4_key_wrd_stg" descriptiontext="Staging table for the Key word list to facilitate CPT4 code search" voclass="com.optum.rf.common.staging.data.Cpt4KeywordStagingVO" daoclass="com.optum.rf.common.staging.sql.Cpt4KeywordStagingDAO" daoclassimpl="com.optum.rf.common.staging.sql.impl.Cpt4KeywordStagingDAOImpl" auditnotestable="" view_indicator="0" distinct_indicator="0" virtual_indicator="0" under_construction="0" secured="0" logHistory="0" num_pk_index_partitions="0" pk_partitioned_index_name="" db_category="MbmDatasource" translatable="0"/>
    <bb_table table_name="cpt4_mod_xwlk" descriptiontext="Modifiers applicable to CPT4 code" voclass="com.optum.rf.common.reference.data.Cpt4ModifierXwalkVO" daoclass="" daoclassimpl="" auditnotestable="" view_indicator="0" distinct_indicator="0" virtual_indicator="0" under_construction="0" secured="0" logHistory="0" num_pk_index_partitions="0" pk_partitioned_index_name="" db_category="MbmDatasource" translatable="0"/>
    <bb_table table_name="cust_dspl_elmnt_cnfg" descriptiontext="Establishes a unique ID for a specific combination of Display Element, it’s location in the Display Element hierarchy for a specific customer.Sets visibiliy of the Display Element for ALL users for that Customer" voclass="com.optum.app.common.customer.config.data.CustomerDisplayElementConfigVO" daoclass="" daoclassimpl="" auditnotestable="" view_indicator="0" distinct_indicator="0" virtual_indicator="0" under_construction="0" secured="0" logHistory="0" num_pk_index_partitions="0" pk_partitioned_index_name="" db_category="MbmDatasource" translatable="0"/>
    <bb_table table_name="cust_dspl_elmnt_cnfg_view" descriptiontext="Customer Display Element Config View Table" voclass="com.optum.app.common.customer.config.data.CustomerDisplayElementConfigViewVO" daoclass="" daoclassimpl="" auditnotestable="" view_indicator="0" distinct_indicator="0" virtual_indicator="1" under_construction="0" secured="0" logHistory="0" num_pk_index_partitions="0" pk_partitioned_index_name="" db_category="MbmDatasource" translatable="0"/>
    <bb_table table_name="cust_dspl_elmnt_prmis" descriptiontext="Establishes if a Permission Group has Read Only or Read Write access to the Display Element" voclass="com.optum.app.common.customer.config.data.CustomerDisplayElementPermissionVO" daoclass="" daoclassimpl="" auditnotestable="" view_indicator="0" distinct_indicator="0" virtual_indicator="0" under_construction="0" secured="0" logHistory="0" num_pk_index_partitions="0" pk_partitioned_index_name="" db_category="MbmDatasource" translatable="0"/>
    <bb_table table_name="cust" descriptiontext="Customer Table" voclass="com.optum.app.common.customer.data.CustomerVO" daoclass="" daoclassimpl="" auditnotestable="" view_indicator="0" distinct_indicator="0" virtual_indicator="0" under_construction="0" secured="0" logHistory="0" num_pk_index_partitions="0" pk_partitioned_index_name="" db_category="MbmDatasource" translatable="0"/>
    <bb_table table_name="cust_css" descriptiontext="Customer based custom css" voclass="com.optum.app.ocm.common.data.CustomerCssVO" daoclass="" daoclassimpl="" auditnotestable="" view_indicator="0" distinct_indicator="0" virtual_indicator="0" under_construction="0" secured="0" logHistory="0" num_pk_index_partitions="0" pk_partitioned_index_name="" db_category="MbmDatasource" translatable="0"/>
    <bb_table table_name="cust_cnty" descriptiontext="Customer County" voclass="com.optum.app.common.customer.data.CustomerCountyVO" daoclass="" daoclassimpl="" auditnotestable="" view_indicator="0" distinct_indicator="0" virtual_indicator="0" under_construction="0" secured="0" logHistory="0" num_pk_index_partitions="0" pk_partitioned_index_name="" db_category="MbmDatasource" translatable="0"/>
    <bb_table table_name="cust_ref" descriptiontext="Applicable code values. i.e., code set,  for each reference field defined in the REF_HEAD table" voclass="com.optum.app.common.customer.data.CustomerReferenceVO" daoclass="com.optum.app.common.customer.sql.CustomerReferenceDAO" daoclassimpl="com.optum.app.common.customer.sql.impl.CustomerReferenceDAOImpl" auditnotestable="" view_indicator="0" distinct_indicator="0" virtual_indicator="0" under_construction="0" secured="0" logHistory="0" num_pk_index_partitions="0" pk_partitioned_index_name="" db_category="MbmDatasource" translatable="0"/>
    <bb_table table_name="cust_ref_fltr_chld" descriptiontext="Customer reference filter dependency level 1. Level 2 parent reference value drives Level 1 parent reference code list." voclass="com.optum.app.common.customer.data.CustomerReferenceFilterChildVO" daoclass="" daoclassimpl="" auditnotestable="" view_indicator="0" distinct_indicator="0" virtual_indicator="0" under_construction="0" secured="0" logHistory="0" num_pk_index_partitions="0" pk_partitioned_index_name="" db_category="MbmDatasource" translatable="0"/>
    <bb_table table_name="cust_ref_fltr_cstm" descriptiontext="Customer reference custom filter. Custom grouping of standard reference codes to support special UI drop down needs." voclass="com.optum.app.common.customer.data.CustomerReferenceFilterCustomVO" daoclass="" daoclassimpl="" auditnotestable="" view_indicator="0" distinct_indicator="0" virtual_indicator="0" under_construction="0" secured="0" logHistory="0" num_pk_index_partitions="0" pk_partitioned_index_name="" db_category="MbmDatasource" translatable="0"/>
    <bb_table table_name="customerRefFilterChildView" descriptiontext="Customer Dependent Reference Filter View" voclass="com.optum.app.common.customer.data.CustomerRefFilterChildViewVO" daoclass="" daoclassimpl="" auditnotestable="" view_indicator="1" distinct_indicator="0" virtual_indicator="0" under_construction="0" secured="0" logHistory="0" num_pk_index_partitions="0" pk_partitioned_index_name="" db_category="MbmDatasource" translatable="0"/>
    <bb_table table_name="customerRefFilterCustomView" descriptiontext="Customer Custom Reference Filter View" voclass="com.optum.app.common.customer.data.CustomerRefFilterCustomViewVO" daoclass="" daoclassimpl="" auditnotestable="" view_indicator="1" distinct_indicator="0" virtual_indicator="0" under_construction="0" secured="0" logHistory="0" num_pk_index_partitions="0" pk_partitioned_index_name="" db_category="MbmDatasource" translatable="0"/>
    <bb_table table_name="cust_rgn" descriptiontext="Customer Region" voclass="com.optum.app.common.customer.data.CustomerRegionVO" daoclass="" daoclassimpl="" auditnotestable="" view_indicator="0" distinct_indicator="0" virtual_indicator="0" under_construction="0" secured="0" logHistory="0" num_pk_index_partitions="0" pk_partitioned_index_name="" db_category="" translatable="0"/>
    <bb_table table_name="cust_user" descriptiontext="Customer User Table" voclass="com.optum.app.common.customer.data.CustomerUserVO" daoclass="" daoclassimpl="" auditnotestable="" view_indicator="0" distinct_indicator="0" virtual_indicator="0" under_construction="0" secured="0" logHistory="0" num_pk_index_partitions="0" pk_partitioned_index_name="" db_category="MbmDatasource" translatable="0"/>
    <bb_table table_name="cust_set" descriptiontext="Table to store customer settings for different source application types" voclass="com.optum.app.common.customer.data.CustomerSettingsVO" daoclass="" daoclassimpl="" auditnotestable="" view_indicator="0" distinct_indicator="0" virtual_indicator="0" under_construction="0" secured="0" logHistory="0" num_pk_index_partitions="0" pk_partitioned_index_name="" db_category="MbmDatasource" translatable="0"/>
    <bb_table table_name="cust_set_view" descriptiontext="Customer Settings View Table" voclass="com.optum.app.common.customer.data.CustomerSettingsViewVO" daoclass="" daoclassimpl="" auditnotestable="" view_indicator="0" distinct_indicator="0" virtual_indicator="1" under_construction="0" secured="0" logHistory="0" num_pk_index_partitions="0" pk_partitioned_index_name="" db_category="MbmDatasource" translatable="0"/>
    <bb_table table_name="custcntyunallocatedview" descriptiontext="Unallocated Customer Counties View Table" voclass="com.optum.app.common.customer.data.CustomerCountyUnallocatedViewVO" daoclass="" daoclassimpl="" auditnotestable="" view_indicator="0" distinct_indicator="0" virtual_indicator="1" under_construction="0" secured="0" logHistory="0" num_pk_index_partitions="0" pk_partitioned_index_name="" db_category="MbmDatasource" translatable="0"/>
    <bb_table table_name="customerregionview" descriptiontext="Customer Region List View Table" voclass="com.optum.app.common.customer.data.CustomerRegionViewVO" daoclass="" daoclassimpl="" auditnotestable="" view_indicator="0" distinct_indicator="0" virtual_indicator="1" under_construction="0" secured="0" logHistory="0" num_pk_index_partitions="0" pk_partitioned_index_name="" db_category="MbmDatasource" translatable="0"/>
    <bb_table table_name="customerspecialtyview" descriptiontext="Customer Specialty Secondary Values View Table" voclass="com.optum.app.common.customer.data.CustomerSpecialtyViewVO" daoclass="" daoclassimpl="" auditnotestable="" view_indicator="0" distinct_indicator="0" virtual_indicator="1" under_construction="0" secured="0" logHistory="0" num_pk_index_partitions="0" pk_partitioned_index_name="" db_category="MbmDatasource" translatable="0"/>
    <bb_table table_name="customerview" descriptiontext="Customer View Table" voclass="com.optum.app.common.customer.data.CustomerViewVO" daoclass="" daoclassimpl="" auditnotestable="" view_indicator="0" distinct_indicator="0" virtual_indicator="1" under_construction="0" secured="0" logHistory="0" num_pk_index_partitions="0" pk_partitioned_index_name="" db_category="MbmDatasource" translatable="0"/>
    <bb_table table_name="customer_user_view" descriptiontext="Customer User View Table" voclass="com.optum.app.common.customer.data.CustomerUserViewVO" daoclass="" daoclassimpl="" auditnotestable="" view_indicator="0" distinct_indicator="0" virtual_indicator="1" under_construction="0" secured="0" logHistory="0" num_pk_index_partitions="0" pk_partitioned_index_name="" db_category="MbmDatasource" translatable="0"/>
    <bb_table table_name="data_stg_head" descriptiontext="Data staging job history" voclass="com.optum.rf.common.staging.data.DataStagingHeaderVO" daoclass="" daoclassimpl="" auditnotestable="" view_indicator="0" distinct_indicator="0" virtual_indicator="0" under_construction="0" secured="0" logHistory="0" num_pk_index_partitions="0" pk_partitioned_index_name="" db_category="" translatable="0"/>
    <bb_table table_name="dashbd_tile_pref" descriptiontext="Dashboard tile preference" voclass="com.optum.app.common.customer.data.DashboardTilePreferenceVO" daoclass="" daoclassimpl="" auditnotestable="" view_indicator="0" distinct_indicator="0" virtual_indicator="0" under_construction="0" secured="0" logHistory="0" num_pk_index_partitions="0" pk_partitioned_index_name="" db_category="" translatable="0"/>
    <bb_table table_name="display_element_view" descriptiontext="Display Element View Table" voclass="com.optum.data.DisplayElementViewVO" daoclass="" daoclassimpl="" auditnotestable="" view_indicator="0" distinct_indicator="0" virtual_indicator="1" under_construction="0" secured="0" logHistory="0" num_pk_index_partitions="0" pk_partitioned_index_name="" db_category="MbmDatasource" translatable="0"/>
    <bb_table table_name="display_element_parent_view" descriptiontext="Display Element Parent View Table" voclass="com.optum.data.DisplayElementParentViewVO" daoclass="" daoclassimpl="" auditnotestable="" view_indicator="0" distinct_indicator="0" virtual_indicator="1" under_construction="0" secured="0" logHistory="0" num_pk_index_partitions="0" pk_partitioned_index_name="" db_category="MbmDatasource" translatable="0"/>
    <bb_table table_name="div_grp_secur_rule_crit" descriptiontext="Table for Div ID and Group Number security rule critiria" voclass="com.optum.rf.common.security.data.DivGroupSecurityRuleCriteriaVO" daoclass="" daoclassimpl="" auditnotestable="secur_rule_crit_aud_dtl" view_indicator="0" distinct_indicator="0" virtual_indicator="0" under_construction="0" secured="0" logHistory="0" num_pk_index_partitions="0" pk_partitioned_index_name="" db_category="MbmDatasource" translatable="0"/>
    <bb_table table_name="div_secur_rule_crit" descriptiontext="Table for division security rule criteria" voclass="com.optum.rf.common.security.data.DivisionSecurityRuleCriteriaVO" daoclass="" daoclassimpl="" auditnotestable="secur_rule_crit_aud_dtl" view_indicator="0" distinct_indicator="0" virtual_indicator="0" under_construction="0" secured="0" logHistory="0" num_pk_index_partitions="0" pk_partitioned_index_name="" db_category="MbmDatasource" translatable="0"/>
    <bb_table table_name="dspl_elmnt" descriptiontext="Display Element definition" voclass="com.optum.data.DisplayElementVO" daoclass="" daoclassimpl="" auditnotestable="" view_indicator="0" distinct_indicator="0" virtual_indicator="0" under_construction="0" secured="0" logHistory="0" num_pk_index_partitions="0" pk_partitioned_index_name="" db_category="MbmDatasource" translatable="0"/>
    <bb_table table_name="dspl_elmnt_cnfg" descriptiontext="Display Element configuration definition" voclass="com.optum.data.DisplayElementConfigurationVO" daoclass="" daoclassimpl="" auditnotestable="" view_indicator="0" distinct_indicator="0" virtual_indicator="0" under_construction="0" secured="0" logHistory="0" num_pk_index_partitions="0" pk_partitioned_index_name="" db_category="MbmDatasource" translatable="0"/>
    <bb_table table_name="dspl_elmnt_par" descriptiontext="Display Element Parent association table" voclass="com.optum.data.DisplayElementParentVO" daoclass="" daoclassimpl="" auditnotestable="" view_indicator="0" distinct_indicator="0" virtual_indicator="0" under_construction="0" secured="0" logHistory="0" num_pk_index_partitions="0" pk_partitioned_index_name="" db_category="MbmDatasource" translatable="0"/>
    <bb_table table_name="elmnt_permis" descriptiontext="Element permission connection" voclass="com.optum.app.ocm.common.security.data.ElementPermissionVO" daoclass="" daoclassimpl="" auditnotestable="" view_indicator="0" distinct_indicator="0" virtual_indicator="0" under_construction="0" secured="0" logHistory="0" num_pk_index_partitions="0" pk_partitioned_index_name="" db_category="MbmDatasource" translatable="0"/>
    <bb_table table_name="hcpcs" descriptiontext="HCPCS Codes, Healthcare Common Procedure Coding System numbers, are the codes used by Medicare and monitored by CMS, the Centers for Medicare and Medicaid Services. They are based on the CPT Codes (Current Procedural Technology codes) developed by the American Medical Association. There are two sets of codes. The first set, HCPCS Level I, are based on and identical to CPT codes, the codes developed by the American Medical Assocation. Level II HCPCS codes are used by medical suppliers other than physicians, such as ambulance services or durable medical equipment. These are typically not costs that get passed through a physician's office so they must be dealt with by Medicare or Medicaid differently from the way a health insurance company would deal with them." voclass="com.optum.rf.common.reference.data.HcpcsVO" daoclass="com.optum.rf.common.reference.sql.HcpcsDAO" daoclassimpl="com.optum.rf.common.reference.sql.impl.HcpcsDAOImpl" auditnotestable="" view_indicator="0" distinct_indicator="0" virtual_indicator="0" under_construction="0" secured="0" logHistory="0" num_pk_index_partitions="0" pk_partitioned_index_name="" db_category="MbmDatasource" translatable="0"/>
    <bb_table table_name="hcpcs_bas_stg" descriptiontext="Staging table of the current version of HCPCS codes." voclass="com.optum.rf.common.staging.data.HcpcsBaseStagingVO" daoclass="com.optum.rf.common.staging.sql.HcpcsBaseStagingDAO" daoclassimpl="com.optum.rf.common.staging.sql.impl.HcpcsBaseStagingDAOImpl" auditnotestable="" view_indicator="0" distinct_indicator="0" virtual_indicator="0" under_construction="0" secured="0" logHistory="0" num_pk_index_partitions="0" pk_partitioned_index_name="" db_category="MbmDatasource" translatable="0"/>
    <bb_table table_name="hcpcs_key_wrd" descriptiontext="Key word list to facilitate HCPCS code search" voclass="com.optum.rf.common.reference.data.HcpcsKeywordVO" daoclass="" daoclassimpl="" auditnotestable="" view_indicator="0" distinct_indicator="0" virtual_indicator="0" under_construction="0" secured="0" logHistory="0" num_pk_index_partitions="0" pk_partitioned_index_name="" db_category="MbmDatasource" translatable="0"/>
    <bb_table table_name="hcpcs_key_wrd_stg" descriptiontext="Staging table for the Key word list to facilitate HCPCS code search" voclass="com.optum.rf.common.staging.data.HcpcsKeywordStagingVO" daoclass="com.optum.rf.common.staging.sql.HcpcsKeywordStagingDAO" daoclassimpl="com.optum.rf.common.staging.sql.impl.HcpcsKeywordStagingDAOImpl" auditnotestable="" view_indicator="0" distinct_indicator="0" virtual_indicator="0" under_construction="0" secured="0" logHistory="0" num_pk_index_partitions="0" pk_partitioned_index_name="" db_category="MbmDatasource" translatable="0"/>
    <bb_table table_name="hcpcs_mod_xwlk" descriptiontext="Modifiers applicable to HCPCS code" voclass="com.optum.rf.common.reference.data.HcpcsModifierXwalkVO" daoclass="" daoclassimpl="" auditnotestable="" view_indicator="0" distinct_indicator="0" virtual_indicator="0" under_construction="0" secured="0" logHistory="0" num_pk_index_partitions="0" pk_partitioned_index_name="" db_category="MbmDatasource" translatable="0"/>
    <bb_table table_name="icd10" descriptiontext="Industry standard diagnosis code. (Some ICD10 codes can also be used to represent procedures) ICD means International Statistical Classifications of Diseases. ICD codes are alphanumeric designations given to every diagnosis, description of symptoms and cause of death attributed to human beings.  These classifications are developed, monitored and copyrighted by the World Health Organization (WHO). In the United States, the NCHS (National Center for Health Statistics), part of CMS (Centers for Medicare and Medicaid Services) oversees all changes and modifications to the ICD codes, in cooperation with WHO." voclass="com.optum.rf.common.reference.data.Icd10VO" daoclass="com.optum.rf.common.reference.sql.Icd10DAO" daoclassimpl="com.optum.rf.common.reference.sql.impl.Icd10DAOImpl" auditnotestable="" view_indicator="0" distinct_indicator="0" virtual_indicator="0" under_construction="0" secured="0" logHistory="0" num_pk_index_partitions="0" pk_partitioned_index_name="" db_category="MbmDatasource" translatable="0"/>
    <bb_table table_name="icd10_bas_stg" descriptiontext="Staging table for the current version of ICD10 code." voclass="com.optum.rf.common.staging.data.Icd10BaseStagingVO" daoclass="com.optum.rf.common.staging.sql.Icd10BaseStagingDAO" daoclassimpl="com.optum.rf.common.staging.sql.impl.Icd10BaseStagingDAOImpl" auditnotestable="" view_indicator="0" distinct_indicator="0" virtual_indicator="0" under_construction="0" secured="0" logHistory="0" num_pk_index_partitions="0" pk_partitioned_index_name="" db_category="MbmDatasource" translatable="0"/>
    <bb_table table_name="icd10_key_wrd" descriptiontext="Key word list to facilitate ICD10 code search" voclass="com.optum.rf.common.reference.data.Icd10KeywordVO" daoclass="" daoclassimpl="" auditnotestable="" view_indicator="0" distinct_indicator="0" virtual_indicator="0" under_construction="0" secured="0" logHistory="0" num_pk_index_partitions="0" pk_partitioned_index_name="" db_category="MbmDatasource" translatable="0"/>
    <bb_table table_name="icd10_key_wrd_stg" descriptiontext="Staging table for the Key word list to facilitate ICD10 code search" voclass="com.optum.rf.common.staging.data.Icd10KeywordStagingVO" daoclass="com.optum.rf.common.staging.sql.Icd10KeywordStagingDAO" daoclassimpl="com.optum.rf.common.staging.sql.impl.Icd10KeywordStagingDAOImpl" auditnotestable="" view_indicator="0" distinct_indicator="0" virtual_indicator="0" under_construction="0" secured="0" logHistory="0" num_pk_index_partitions="0" pk_partitioned_index_name="" db_category="MbmDatasource" translatable="0"/>
    <bb_table table_name="irm_evnt" descriptiontext="Table to hold code identified by IRM to represent user activities in the application" voclass="com.optum.rf.common.log.data.IRMEventVO" daoclass="" daoclassimpl="com.optum.rf.common.system.dao.impl.LogDAOImpl" auditnotestable="" view_indicator="0" distinct_indicator="0" virtual_indicator="0" under_construction="0" secured="0" logHistory="0" num_pk_index_partitions="0" pk_partitioned_index_name="" db_category="" translatable="0"/>
    <bb_table table_name="log_sys_key" descriptiontext="Used to drive sequence number generation in the Logging database. The table contains database tables that require  a unique system generated sequence number. This is used to generate DB vendor independent seq number. Always system created/updated, so no audit fields." voclass="com.optum.rf.bl.data.SequenceVO" daoclass="" daoclassimpl="com.optum.rf.common.system.dao.impl.LogDAOImpl" auditnotestable="" view_indicator="0" distinct_indicator="0" virtual_indicator="0" under_construction="0" secured="0" logHistory="0" num_pk_index_partitions="0" pk_partitioned_index_name="" db_category="MbmDatasource" translatable="0"/>
    <bb_table table_name="log_sys_mnt_log" descriptiontext="Log of system maintenance activities on the Logging Database" voclass="com.optum.rf.common.log.data.LogSystemMaintenanceLogVO" daoclass="" daoclassimpl="com.optum.rf.common.system.dao.impl.LogDAOImpl" auditnotestable="" view_indicator="0" distinct_indicator="0" virtual_indicator="0" under_construction="0" secured="0" logHistory="0" num_pk_index_partitions="0" pk_partitioned_index_name="" db_category="MbmDatasource" translatable="0"/>
    <bb_table table_name="mbr_secur_rule_crit" descriptiontext="Table for Member security rules criteria" voclass="com.optum.rf.common.security.data.MemberSecurityRuleCriteriaVO" daoclass="" daoclassimpl="" auditnotestable="secur_rule_crit_aud_dtl" view_indicator="0" distinct_indicator="0" virtual_indicator="0" under_construction="0" secured="0" logHistory="0" num_pk_index_partitions="0" pk_partitioned_index_name="" db_category="" translatable="0"/>
    <bb_table table_name="org" descriptiontext="Organization Table" voclass="com.optum.app.common.organization.data.OrganizationVO" daoclass="" daoclassimpl="" auditnotestable="" view_indicator="0" distinct_indicator="0" virtual_indicator="0" under_construction="0" secured="0" logHistory="0" num_pk_index_partitions="0" pk_partitioned_index_name="" db_category="MbmDatasource" translatable="0"/>
    <bb_table table_name="PermissionGroupPermissionView" descriptiontext="View over PermissionGroupPermission and Permission" voclass="com.optum.rf.common.security.data.PermissionGroupPermissionViewVO" daoclass="" daoclassimpl="" auditnotestable="" view_indicator="1" distinct_indicator="0" virtual_indicator="0" under_construction="0" secured="0" logHistory="0" num_pk_index_partitions="0" pk_partitioned_index_name="" db_category="MbmDatasource" translatable="0"/>
    <bb_table table_name="pol_secur_rule_crit" descriptiontext="Policy numbers that are filtered for selected users. That is, for the policy numbers associated with a rule id on this table, selected users are authorized to access ONLY that member data that meets this criteria. ALL other business data is NOT accessible to them." voclass="com.optum.rf.common.security.data.PolicySecurityRuleCriteriaVO" daoclass="" daoclassimpl="" auditnotestable="secur_rule_crit_aud_dtl" view_indicator="0" distinct_indicator="0" virtual_indicator="0" under_construction="0" secured="0" logHistory="0" num_pk_index_partitions="0" pk_partitioned_index_name="" db_category="MbmDatasource" translatable="0"/>
    <bb_table table_name="prmis" descriptiontext="Distinct application functionalities or UI Sreen actions that an application user may perform in HSR" voclass="com.optum.rf.common.security.data.PermissionVO" daoclass="" daoclassimpl="" auditnotestable="" view_indicator="0" distinct_indicator="0" virtual_indicator="0" under_construction="0" secured="0" logHistory="0" num_pk_index_partitions="0" pk_partitioned_index_name="" db_category="MbmDatasource" translatable="0"/>
    <bb_table table_name="prmis_grp" descriptiontext="Application permission group that defines a set of allowed or disallowed functionalities or UI screen actions for assigned user or user groups. Role can be associated to USER or USER_GRP" voclass="com.optum.rf.common.security.data.PermissionGroupVO" daoclass="" daoclassimpl="" auditnotestable="prmis_grp_aud_dtl" view_indicator="0" distinct_indicator="0" virtual_indicator="0" under_construction="0" secured="0" logHistory="0" num_pk_index_partitions="0" pk_partitioned_index_name="" db_category="MbmDatasource" translatable="0"/>
    <bb_table table_name="prmis_grp_aud_dtl" descriptiontext="System audit trail of  record changes including who, and when changed what data field and before/after values." voclass="com.optum.rf.common.security.data.PermissionGroupAuditDetailVO" daoclass="" daoclassimpl="" auditnotestable="" view_indicator="0" distinct_indicator="0" virtual_indicator="0" under_construction="0" secured="0" logHistory="0" num_pk_index_partitions="0" pk_partitioned_index_name="" db_category="MbmDatasource" translatable="0"/>
    <bb_table table_name="prmis_grp_prmis" descriptiontext="Specific system permissions allowed for an application role based on business need." voclass="com.optum.rf.common.security.data.PermissionGroupPermissionVO" daoclass="com.optum.rf.common.security.sql.PermissionGroupPermissionDAO" daoclassimpl="com.optum.rf.common.security.sql.impl.PermissionGroupPermissionDAOImpl" auditnotestable="prmis_grp_aud_dtl" view_indicator="0" distinct_indicator="0" virtual_indicator="0" under_construction="0" secured="0" logHistory="0" num_pk_index_partitions="0" pk_partitioned_index_name="" db_category="MbmDatasource" translatable="0"/>
    <bb_table table_name="prov_cust_cnty" descriptiontext="Provider Customer County Table" voclass="com.optum.app.common.customer.data.ProviderCustomerCountyVO" daoclass="" daoclassimpl="" auditnotestable="" view_indicator="0" distinct_indicator="0" virtual_indicator="0" under_construction="0" secured="0" logHistory="0" num_pk_index_partitions="0" pk_partitioned_index_name="" db_category="" translatable="0"/>
    <bb_table table_name="prov_cust_rgn" descriptiontext="Provider Customer Region Table" voclass="com.optum.app.common.customer.data.ProviderCustomerRegionVO" daoclass="" daoclassimpl="" auditnotestable="" view_indicator="0" distinct_indicator="0" virtual_indicator="0" under_construction="0" secured="0" logHistory="0" num_pk_index_partitions="0" pk_partitioned_index_name="" db_category="" translatable="0"/>
    <bb_table table_name="prov_cust_spcl" descriptiontext="Provider Customer Specialty Table" voclass="com.optum.app.common.customer.data.ProviderCustomerSpecialtyVO" daoclass="" daoclassimpl="" auditnotestable="" view_indicator="0" distinct_indicator="0" virtual_indicator="0" under_construction="0" secured="0" logHistory="0" num_pk_index_partitions="0" pk_partitioned_index_name="" db_category="" translatable="0"/>
    <bb_table table_name="ref" descriptiontext="Applicable code values. i.e., code set,  for each reference field defined in the REF_HEAD table" voclass="com.optum.rf.ref.core.data.ReferenceVO" daoclass="" daoclassimpl="" auditnotestable="" view_indicator="0" distinct_indicator="0" virtual_indicator="0" under_construction="0" secured="0" logHistory="0" num_pk_index_partitions="0" pk_partitioned_index_name="" db_category="MbmDatasource" translatable="0"/>
    <bb_table table_name="refFilterChildView" descriptiontext="Dependent Reference Filter View" voclass="com.optum.rf.ref.core.data.RefFilterChildViewVO" daoclass="" daoclassimpl="" auditnotestable="" view_indicator="1" distinct_indicator="0" virtual_indicator="0" under_construction="0" secured="0" logHistory="0" num_pk_index_partitions="0" pk_partitioned_index_name="" db_category="MbmDatasource" translatable="0"/>
    <bb_table table_name="refFilterCustomView" descriptiontext="Custom Reference Filter View" voclass="com.optum.rf.ref.core.data.RefFilterCustomViewVO" daoclass="" daoclassimpl="" auditnotestable="" view_indicator="1" distinct_indicator="0" virtual_indicator="0" under_construction="0" secured="0" logHistory="0" num_pk_index_partitions="0" pk_partitioned_index_name="" db_category="MbmDatasource" translatable="0"/>
    <bb_table table_name="ref_fltr_chld" descriptiontext="reference filter dependency level 1. Level 2 parent reference value drives Level 1 parent reference code list." voclass="com.optum.rf.ref.core.data.ReferenceFilterChildVO" daoclass="" daoclassimpl="" auditnotestable="" view_indicator="0" distinct_indicator="0" virtual_indicator="0" under_construction="0" secured="0" logHistory="0" num_pk_index_partitions="0" pk_partitioned_index_name="" db_category="MbmDatasource" translatable="0"/>
    <bb_table table_name="ref_fltr_cstm" descriptiontext="Reference custom filter. Custom grouping of standard reference codes to support special UI drop down needs." voclass="com.optum.rf.ref.core.data.ReferenceFilterCustomVO" daoclass="" daoclassimpl="" auditnotestable="" view_indicator="0" distinct_indicator="0" virtual_indicator="0" under_construction="0" secured="0" logHistory="0" num_pk_index_partitions="0" pk_partitioned_index_name="" db_category="MbmDatasource" translatable="0"/>
    <bb_table table_name="ref_head" descriptiontext="Lookup reference fields - Each row represents a reference field, with the details about lookup code values into a Child reference table." voclass="com.optum.rf.ref.core.data.ReferenceHeaderVO" daoclass="" daoclassimpl="" auditnotestable="" view_indicator="0" distinct_indicator="0" virtual_indicator="0" under_construction="0" secured="0" logHistory="0" num_pk_index_partitions="0" pk_partitioned_index_name="" db_category="MbmDatasource" translatable="0"/>
    <bb_table table_name="cust_ref_hrchy" descriptiontext="Configuration table to define hierarchies for reference data" voclass="com.optum.app.ocm.ref.data.CustomerReferenceHierarchyVO" daoclass="" daoclassimpl="" auditnotestable="" view_indicator="0" distinct_indicator="0" virtual_indicator="0" under_construction="0" secured="0" logHistory="0" num_pk_index_partitions="0" pk_partitioned_index_name="" db_category="MbmDatasource" translatable="0"/>
    <bb_table table_name="rpt_cd_secur_rule_crit" descriptiontext="Product report code that are filtered for selected users. That is, for the report codes associated with a rule id on this table, selected users are authorized to access ONLY that member data that meets this criteria. ALL other business data is NOT accessible to them." voclass="com.optum.rf.common.security.data.ReportCodeSecurityRuleCriteriaVO" daoclass="" daoclassimpl="" auditnotestable="secur_rule_crit_aud_dtl" view_indicator="0" distinct_indicator="0" virtual_indicator="0" under_construction="0" secured="0" logHistory="0" num_pk_index_partitions="0" pk_partitioned_index_name="" db_category="" translatable="0"/>
    <bb_table table_name="sa_oi_pol_secur_rule_crit" descriptiontext="Table for SA/OI and Policy rule" voclass="com.optum.rf.common.security.data.SaoiPolicySecurityRuleCriteriaVO" daoclass="" daoclassimpl="" auditnotestable="" view_indicator="0" distinct_indicator="0" virtual_indicator="0" under_construction="0" secured="0" logHistory="0" num_pk_index_partitions="0" pk_partitioned_index_name="" db_category="MbmDatasource" translatable="0"/>
    <bb_table table_name="sa_oi_secur_rule_crit" descriptiontext="Combination of SA and OI values that are filtered for selected users. That is, for the SA OI value combinations on this table, selected users are authorized to access ONLY that member data that meets this criteria. ALL other business data is NOT accessible to them." voclass="com.optum.rf.common.security.data.SaoiSecurityRuleCriteriaVO" daoclass="" daoclassimpl="" auditnotestable="secur_rule_crit_aud_dtl" view_indicator="0" distinct_indicator="0" virtual_indicator="0" under_construction="0" secured="0" logHistory="0" num_pk_index_partitions="0" pk_partitioned_index_name="" db_category="MbmDatasource" translatable="0"/>
    <bb_table table_name="secur_rule" descriptiontext="Table for security types" voclass="com.optum.rf.common.security.data.SecurityRuleVO" daoclass="" daoclassimpl="" auditnotestable="" view_indicator="0" distinct_indicator="0" virtual_indicator="0" under_construction="0" secured="0" logHistory="0" num_pk_index_partitions="0" pk_partitioned_index_name="" db_category="MbmDatasource" translatable="0"/>
    <bb_table table_name="secur_rule_crit" descriptiontext="Rule about access restrictions/limitations imposed against the data users can see." voclass="com.optum.rf.common.security.data.SecurityRuleCriteriaVO" daoclass="" daoclassimpl="" auditnotestable="secur_rule_crit_aud_dtl" view_indicator="0" distinct_indicator="0" virtual_indicator="0" under_construction="0" secured="0" logHistory="0" num_pk_index_partitions="0" pk_partitioned_index_name="" db_category="MbmDatasource" translatable="0"/>
    <bb_table table_name="secur_rule_crit_aud_dtl" descriptiontext="Audit Details tbl for secur_rule_crit, sa_oi_secur_rule_crit, pol_secur_rule_crit, div_secur_rule_crit" voclass="com.optum.rf.common.security.data.SecurityRuleCriteriaAuditDetailVO" daoclass="" daoclassimpl="" auditnotestable="" view_indicator="0" distinct_indicator="0" virtual_indicator="0" under_construction="0" secured="0" logHistory="0" num_pk_index_partitions="0" pk_partitioned_index_name="" db_category="MbmDatasource" translatable="0"/>
    <bb_table table_name="securityRuleCriteriaView" descriptiontext="Security Rule Criteria View" voclass="com.optum.rf.common.security.data.SecurityRuleCriteriaViewVO" daoclass="" daoclassimpl="" auditnotestable="" view_indicator="1" distinct_indicator="0" virtual_indicator="0" under_construction="0" secured="0" logHistory="0" num_pk_index_partitions="0" pk_partitioned_index_name="" db_category="MbmDatasource" translatable="0"/>
    <bb_table table_name="securityRulePolicyView" descriptiontext="Security Rule Policy View" voclass="com.optum.rf.common.security.data.SecurityRulePolicyViewVO" daoclass="" daoclassimpl="" auditnotestable="" view_indicator="1" distinct_indicator="0" virtual_indicator="0" under_construction="0" secured="0" logHistory="0" num_pk_index_partitions="0" pk_partitioned_index_name="" db_category="MbmDatasource" translatable="0"/>
    <bb_table table_name="securityRuleMemberView" descriptiontext="Security Rule Member View" voclass="com.optum.rf.common.security.data.SecurityRuleMemberViewVO" daoclass="" daoclassimpl="" auditnotestable="" view_indicator="1" distinct_indicator="0" virtual_indicator="0" under_construction="0" secured="0" logHistory="0" num_pk_index_partitions="0" pk_partitioned_index_name="" db_category="MbmDatasource" translatable="0"/>
    <bb_table table_name="securityRuleSaoiPolicyView" descriptiontext="Security Rule SA/OI/Policy View" voclass="com.optum.rf.common.security.data.SecurityRuleSaoiPolicyViewVO" daoclass="" daoclassimpl="" auditnotestable="" view_indicator="1" distinct_indicator="0" virtual_indicator="0" under_construction="0" secured="0" logHistory="0" num_pk_index_partitions="0" pk_partitioned_index_name="" db_category="MbmDatasource" translatable="0"/>
    <bb_table table_name="securityRuleSaoiView" descriptiontext="Security Rule SA/OI View" voclass="com.optum.rf.common.security.data.SecurityRuleSaoiViewVO" daoclass="" daoclassimpl="" auditnotestable="" view_indicator="1" distinct_indicator="0" virtual_indicator="0" under_construction="0" secured="0" logHistory="0" num_pk_index_partitions="0" pk_partitioned_index_name="" db_category="MbmDatasource" translatable="0"/>
    <bb_table table_name="sched_job" descriptiontext="Contains current execution instance of pre-scheduled jobs (identified by sys_job_id) and execution history of system jobs required to support HSR application as a whole. Pre-sceduled job record will be updated as a result of each execution and history is track through SCHED_JOB_AUD_DTL. Other system job creates new record in the table upon each execution." voclass="com.optum.rf.common.scheduler.data.ScheduledJobVO" daoclass="" daoclassimpl="" auditnotestable="sched_job_aud_dtl" view_indicator="0" distinct_indicator="0" virtual_indicator="0" under_construction="0" secured="0" logHistory="0" num_pk_index_partitions="0" pk_partitioned_index_name="" db_category="" translatable="0"/>
    <bb_table table_name="sched_job_aud_dtl" descriptiontext="System audit trial of SCHEDULEDJOBS record changes including who, and when changed what data field and before/after values." voclass="com.optum.rf.common.scheduler.data.ScheduledJobsAuditDetailVO" daoclass="" daoclassimpl="" auditnotestable="" view_indicator="0" distinct_indicator="0" virtual_indicator="0" under_construction="0" secured="0" logHistory="0" num_pk_index_partitions="0" pk_partitioned_index_name="" db_category="" translatable="0"/>
    <bb_table table_name="sched_job_lck" descriptiontext="Control locking mechanism of all system scheduled jobs, if operated in multi-server environment. Only one record in the table that represents the most current lock (updt_ver_nbr), and locking history is tracked in SCHED_JOB_LCK_AUD_DTL table. Start/end date and time of the lock are dynamically set by application code during run time whenever the lock is invoked or released. Always system creating/updating, therefore no standard audit columns need" voclass="com.optum.rf.common.scheduler.data.ScheduledJobLockVO" daoclass="" daoclassimpl="" auditnotestable="sched_job_lck_aud_dtl" view_indicator="0" distinct_indicator="0" virtual_indicator="0" under_construction="0" secured="0" logHistory="0" num_pk_index_partitions="0" pk_partitioned_index_name="" db_category="" translatable="0"/>
    <bb_table table_name="sched_job_lck_aud_dtl" descriptiontext="System audit trial of SCHEDULEDJOBSLOCK record changes including who, and when changed what data field and before/after values." voclass="com.optum.rf.common.scheduler.data.ScheduledJobsLockAuditDetailVO" daoclass="" daoclassimpl="" auditnotestable="" view_indicator="0" distinct_indicator="0" virtual_indicator="0" under_construction="0" secured="0" logHistory="0" num_pk_index_partitions="0" pk_partitioned_index_name="" db_category="" translatable="0"/>
    <bb_table table_name="sys_act_log" descriptiontext="Stores information for each Web Service Request/Activity" voclass="com.optum.rf.common.log.data.SystemActivityLogVO" daoclass="" daoclassimpl="com.optum.rf.common.system.dao.impl.LogDAOImpl" auditnotestable="" view_indicator="0" distinct_indicator="0" virtual_indicator="0" under_construction="0" secured="0" logHistory="0" num_pk_index_partitions="32" pk_partitioned_index_name="sys_act_log_ppk" db_category="" translatable="0"/>
    <bb_table table_name="sys_err_log" descriptiontext="Additional Logging Area for Log4j Error Logging" voclass="com.optum.rf.common.log.data.SystemErrorLogVO" daoclass="" daoclassimpl="com.optum.rf.common.system.dao.impl.LogDAOImpl" auditnotestable="" view_indicator="0" distinct_indicator="0" virtual_indicator="0" under_construction="0" secured="0" logHistory="0" num_pk_index_partitions="32" pk_partitioned_index_name="" db_category="" translatable="0"/>
    <bb_table table_name="sys_ftur_flg" descriptiontext="System Feature Flag" voclass="com.optum.rf.common.featureflag.data.FeatureFlagVO" daoclass="" daoclassimpl="" auditnotestable="sys_ftur_flg_aud_dtl" view_indicator="0" distinct_indicator="0" virtual_indicator="0" under_construction="0" secured="0" logHistory="0" num_pk_index_partitions="0" pk_partitioned_index_name="" db_category="" translatable="0"/>
    <bb_table table_name="sys_ftur_flg_aud_dtl" descriptiontext="System Feature Flag Audit detail" voclass="com.optum.rf.common.featureflag.data.FeatureFlagAuditDetailVO" daoclass="" daoclassimpl="" auditnotestable="" view_indicator="0" distinct_indicator="0" virtual_indicator="0" under_construction="0" secured="0" logHistory="0" num_pk_index_partitions="0" pk_partitioned_index_name="" db_category="" translatable="0"/>
    <bb_table table_name="sys_ftur_flg_var" descriptiontext="System Feature Flag Variation" voclass="com.optum.rf.common.featureflag.data.FeatureFlagVariationVO" daoclass="" daoclassimpl="" auditnotestable="sys_ftur_flg_aud_dtl" view_indicator="0" distinct_indicator="0" virtual_indicator="0" under_construction="0" secured="0" logHistory="0" num_pk_index_partitions="0" pk_partitioned_index_name="" db_category="" translatable="0"/>
    <bb_table table_name="sys_key" descriptiontext="Used to drive sequence number generation in HSR. The table contains database tables that require  a unique system generated sequence number. This is used to generate DB vendor independent seq number. Always system created/updated, so no audit fields." voclass="com.optum.rf.bl.data.SequenceVO" daoclass="" daoclassimpl="" auditnotestable="" view_indicator="0" distinct_indicator="0" virtual_indicator="0" under_construction="0" secured="0" logHistory="0" num_pk_index_partitions="0" pk_partitioned_index_name="" db_category="MbmDatasource" translatable="0"/>
    <bb_table table_name="sys_mnt_log" descriptiontext="Log of system maintenance activities" voclass="com.optum.rf.common.log.data.SystemMaintenanceLogVO" daoclass="" daoclassimpl="" auditnotestable="" view_indicator="0" distinct_indicator="0" virtual_indicator="0" under_construction="0" secured="0" logHistory="0" num_pk_index_partitions="0" pk_partitioned_index_name="" db_category="" translatable="0"/>
    <bb_table table_name="sys_set_appl" descriptiontext="ICUE application configuration settings" voclass="com.optum.app.ocm.common.settings.data.ApplicationSettingsVO" daoclass="" daoclassimpl="" auditnotestable="sys_set_aud_dtl" view_indicator="0" distinct_indicator="0" virtual_indicator="0" under_construction="0" secured="0" logHistory="0" num_pk_index_partitions="0" pk_partitioned_index_name="" db_category="" translatable="0"/>
    <bb_table table_name="sys_set_asmt_typ" descriptiontext="mapping of Assessment Builder assessment id across environments. This is a temporary solution before a long term 'fix' on Assessment Builder to provide constant ids." voclass="com.optum.app.ocm.common.settings.data.SystemSettingsAssessmentTypeVO" daoclass="" daoclassimpl="" auditnotestable="sys_set_aud_dtl" view_indicator="0" distinct_indicator="0" virtual_indicator="0" under_construction="0" secured="0" logHistory="0" num_pk_index_partitions="0" pk_partitioned_index_name="" db_category="" translatable="0"/>
    <bb_table table_name="sys_set_aud_dtl" descriptiontext="System audit trial of SYS_SET record changes including who, and when changed what data field and before/after values." voclass="com.optum.rf.common.settings.data.SystemSettingsAuditDetailVO" daoclass="" daoclassimpl="" auditnotestable="" view_indicator="0" distinct_indicator="0" virtual_indicator="0" under_construction="0" secured="0" logHistory="0" num_pk_index_partitions="0" pk_partitioned_index_name="" db_category="" translatable="0"/>
    <bb_table table_name="sys_set_email_grp" descriptiontext="Email group configuration settings" voclass="com.optum.rf.common.settings.data.SystemSettingsEmailGroupVO" daoclass="" daoclassimpl="" auditnotestable="sys_set_aud_dtl" view_indicator="0" distinct_indicator="0" virtual_indicator="0" under_construction="0" secured="0" logHistory="0" num_pk_index_partitions="0" pk_partitioned_index_name="" db_category="" translatable="0"/>
    <bb_table table_name="sys_set_extr_rsrce" descriptiontext="External Resource configuration settings" voclass="com.optum.app.ocm.common.settings.data.SystemSettingsExternalResourceVO" daoclass="" daoclassimpl="" auditnotestable="sys_set_aud_dtl" view_indicator="0" distinct_indicator="0" virtual_indicator="0" under_construction="0" secured="0" logHistory="0" num_pk_index_partitions="0" pk_partitioned_index_name="" db_category="" translatable="0"/>
    <bb_table table_name="sys_set_fax" descriptiontext="FAX configuration settings" voclass="com.optum.app.ocm.common.settings.data.SystemSettingsFaxVO" daoclass="" daoclassimpl="" auditnotestable="sys_set_aud_dtl" view_indicator="0" distinct_indicator="0" virtual_indicator="0" under_construction="0" secured="0" logHistory="0" num_pk_index_partitions="0" pk_partitioned_index_name="" db_category="" translatable="0"/>
    <bb_table table_name="sys_set_fl_sys" descriptiontext="File System configuration settings" voclass="com.optum.rf.common.settings.data.SystemSettingsFileSystemVO" daoclass="" daoclassimpl="" auditnotestable="sys_set_aud_dtl" view_indicator="0" distinct_indicator="0" virtual_indicator="0" under_construction="0" secured="0" logHistory="0" num_pk_index_partitions="0" pk_partitioned_index_name="" db_category="" translatable="0"/>
    <bb_table table_name="sys_set_framwrk" descriptiontext="ICUE framework configuration settings." voclass="com.optum.rf.common.settings.data.SystemSettingsFrameworkVO" daoclass="" daoclassimpl="" auditnotestable="sys_set_aud_dtl" view_indicator="0" distinct_indicator="0" virtual_indicator="0" under_construction="0" secured="0" logHistory="0" num_pk_index_partitions="0" pk_partitioned_index_name="" db_category="" translatable="0"/>
    <bb_table table_name="sys_set_png_fdrtd_prtn" descriptiontext="Ping Federate Partner Specific information" voclass="com.optum.rf.common.settings.data.SystemSettingsPingFederatePartnerVO" daoclass="" daoclassimpl="" auditnotestable="sys_set_aud_dtl" view_indicator="0" distinct_indicator="0" virtual_indicator="0" under_construction="0" secured="0" logHistory="0" num_pk_index_partitions="0" pk_partitioned_index_name="" db_category="" translatable="0"/>
    <bb_table table_name="sys_set_prg_tbl" descriptiontext="purge table settings file to control purging of data from tables" voclass="com.optum.rf.common.settings.data.SystemSettingsPurgeTableVO" daoclass="com.optum.rf.common.settings.sql.SystemSettingsPurgeTableDAO" daoclassimpl="com.optum.rf.common.settings.sql.impl.SystemSettingsPurgeTableDAOImpl" auditnotestable="sys_set_aud_dtl" view_indicator="0" distinct_indicator="0" virtual_indicator="0" under_construction="0" secured="0" logHistory="0" num_pk_index_partitions="0" pk_partitioned_index_name="" db_category="" translatable="0"/>
    <bb_table table_name="sys_set_provd_web_srvc" descriptiontext="ICUE Web Service provider configuration settings." voclass="com.optum.rf.common.settings.data.SystemSettingsWebServiceProviderVO" daoclass="" daoclassimpl="" auditnotestable="sys_set_aud_dtl" view_indicator="0" distinct_indicator="0" virtual_indicator="0" under_construction="0" secured="0" logHistory="0" num_pk_index_partitions="0" pk_partitioned_index_name="" db_category="" translatable="0"/>
    <bb_table table_name="sys_set_rpt" descriptiontext="ICUE report cleanup settings." voclass="com.optum.rf.common.settings.data.SystemSettingsReportVO" daoclass="" daoclassimpl="" auditnotestable="sys_set_aud_dtl" view_indicator="0" distinct_indicator="0" virtual_indicator="0" under_construction="0" secured="0" logHistory="0" num_pk_index_partitions="0" pk_partitioned_index_name="" db_category="" translatable="0"/>
    <bb_table table_name="sys_set_sql" descriptiontext="System Settings specific to a given SQL Statement" voclass="com.optum.rf.common.settings.data.SystemSettingsSqlVO" daoclass="" daoclassimpl="" auditnotestable="sys_set_aud_dtl" view_indicator="0" distinct_indicator="0" virtual_indicator="0" under_construction="0" secured="0" logHistory="0" num_pk_index_partitions="0" pk_partitioned_index_name="" db_category="" translatable="0"/>
    <bb_table table_name="sys_set_temp" descriptiontext="temporary system settings to allow quick fix/test and minor releases that would apply in short term before a permanent setting is added to SYS_SET table." voclass="com.optum.rf.common.settings.data.TemporarySystemSettingVO" daoclass="" daoclassimpl="" auditnotestable="sys_set_aud_dtl" view_indicator="0" distinct_indicator="0" virtual_indicator="0" under_construction="0" secured="0" logHistory="0" num_pk_index_partitions="0" pk_partitioned_index_name="" db_category="" translatable="0"/>
    <bb_table table_name="sys_set_web_srvc" descriptiontext="ICUE Web Service configuration settings." voclass="com.optum.rf.common.settings.data.SystemSettingsWebServiceVO" daoclass="" daoclassimpl="" auditnotestable="sys_set_aud_dtl" view_indicator="0" distinct_indicator="0" virtual_indicator="0" under_construction="0" secured="0" logHistory="0" num_pk_index_partitions="0" pk_partitioned_index_name="" db_category="" translatable="0"/>
    <bb_table table_name="sys_set_web_srvc_mod" descriptiontext="Table to Configure Control Modifier for Web Service" voclass="com.optum.rf.common.settings.data.SystemSettingsWebServiceModifierVO" daoclass="" daoclassimpl="" auditnotestable="sys_set_aud_dtl" view_indicator="0" distinct_indicator="0" virtual_indicator="0" under_construction="0" secured="0" logHistory="0" num_pk_index_partitions="0" pk_partitioned_index_name="" db_category="" translatable="0"/>
    <bb_table table_name="sys_set_wrk_mgr" descriptiontext="Work Manager (thread pool) configuration settings." voclass="com.optum.rf.common.settings.data.SystemSettingsWorkManagerVO" daoclass="" daoclassimpl="" auditnotestable="sys_set_aud_dtl" view_indicator="0" distinct_indicator="0" virtual_indicator="0" under_construction="0" secured="0" logHistory="0" num_pk_index_partitions="0" pk_partitioned_index_name="" db_category="" translatable="0"/>
    <bb_table table_name="sys_set_xtrct_tbl" descriptiontext="Table for custom data extraction processes" voclass="com.optum.app.ocm.common.settings.data.SystemSettingsExtractTableVO" daoclass="" daoclassimpl="com.optum.rf.common.system.dao.impl.LogDAOImpl" auditnotestable="" view_indicator="0" distinct_indicator="0" virtual_indicator="0" under_construction="0" secured="0" logHistory="0" num_pk_index_partitions="0" pk_partitioned_index_name="" db_category="" translatable="0"/>
    <bb_table table_name="sys_sql_log" descriptiontext="Log of SQL Statement Execution" voclass="com.optum.rf.common.log.data.SystemSqlLogVO" daoclass="" daoclassimpl="com.optum.rf.common.system.dao.impl.LogDAOImpl" auditnotestable="" view_indicator="0" distinct_indicator="0" virtual_indicator="0" under_construction="0" secured="0" logHistory="0" num_pk_index_partitions="32" pk_partitioned_index_name="" db_category="" translatable="0"/>
    <bb_table table_name="sys_trnsl_obj" descriptiontext="List of VOs and DTOs that require properties to be overwritten with values in transl table." voclass="com.optum.rf.bl.data.SystemTranslationObjectVO" daoclass="" daoclassimpl="" auditnotestable="" view_indicator="0" distinct_indicator="0" virtual_indicator="0" under_construction="0" secured="0" logHistory="0" num_pk_index_partitions="0" pk_partitioned_index_name="" db_category="" translatable="0"/>
    <bb_table table_name="sys_web_srvc_log" descriptiontext="A table design for the Web Service Logging tool" voclass="com.optum.rf.common.webservice.logging.data.WebServiceLogVO" daoclass="" daoclassimpl="com.optum.rf.common.system.dao.impl.LogDAOImpl" auditnotestable="" view_indicator="0" distinct_indicator="0" virtual_indicator="0" under_construction="0" secured="0" logHistory="0" num_pk_index_partitions="0" pk_partitioned_index_name="" db_category=""  translatable="0"/>
    <bb_table table_name="trnsl" descriptiontext="Contains multiple language translations." voclass="com.optum.app.ocm.common.settings.data.TranslationVO" daoclass="" daoclassimpl="" auditnotestable="" view_indicator="0" distinct_indicator="0" virtual_indicator="0" under_construction="0" secured="0" logHistory="0" num_pk_index_partitions="0" pk_partitioned_index_name="" db_category="" translatable="0"/>
    <bb_table table_name="userSecurityRuleSaoiPolicyView" descriptiontext="User Security Rule SA/OI Policy Criteria View" voclass="com.optum.rf.common.security.data.UserSecurityRuleSaoiPolicyViewVO" daoclass="" daoclassimpl="" auditnotestable="" view_indicator="1" distinct_indicator="0" virtual_indicator="0" under_construction="0" secured="0" logHistory="0" num_pk_index_partitions="0" pk_partitioned_index_name="" db_category="MbmDatasource" translatable="0"/>
    <bb_table table_name="userSecurityRuleSaoiView" descriptiontext="User Security Rule SA/OI Criteria View" voclass="com.optum.rf.common.security.data.UserSecurityRuleSaoiViewVO" daoclass="" daoclassimpl="" auditnotestable="" view_indicator="1" distinct_indicator="0" virtual_indicator="0" under_construction="0" secured="0" logHistory="0" num_pk_index_partitions="0" pk_partitioned_index_name="" db_category="MbmDatasource" translatable="0"/>
    <bb_table table_name="userSecurityRuleView" descriptiontext="User Security Rule View" voclass="com.optum.rf.common.security.data.UserSecurityRuleViewVO" daoclass="" daoclassimpl="" auditnotestable="" view_indicator="1" distinct_indicator="0" virtual_indicator="0" under_construction="0" secured="0" logHistory="0" num_pk_index_partitions="0" pk_partitioned_index_name="" db_category="MbmDatasource" translatable="0"/>
    <bb_table table_name="user_act_log" descriptiontext="Stores all log information of user actions." voclass="com.optum.rf.common.log.data.UserActivityLogVO" daoclass="" daoclassimpl="com.optum.rf.common.system.dao.impl.LogDAOImpl" auditnotestable="" view_indicator="0" distinct_indicator="0" virtual_indicator="0" under_construction="0" secured="0" logHistory="0" num_pk_index_partitions="32" pk_partitioned_index_name="" db_category="" translatable="0"/>
    <bb_table table_name="user_adr" descriptiontext="System audit trail of record changes including who, and when changed what data field and before/after values." voclass="com.optum.rf.common.security.data.UserAddressVO" daoclass="" daoclassimpl="" auditnotestable="user_aud_dtl" view_indicator="0" distinct_indicator="0" virtual_indicator="0" under_construction="0" secured="0" logHistory="0" num_pk_index_partitions="0" pk_partitioned_index_name="" db_category="MbmDatasource" translatable="0"/>
    <bb_table table_name="user_aud_dtl" descriptiontext="Audit Details table for user_tbl and secur_pol_user" voclass="com.optum.rf.common.security.data.UserAuditDetailVO" daoclass="" daoclassimpl="" auditnotestable="" view_indicator="0" distinct_indicator="0" virtual_indicator="0" under_construction="0" secured="0" logHistory="0" num_pk_index_partitions="0" pk_partitioned_index_name="" db_category="" translatable="0"/>
    <bb_table table_name="user_dashbd_pref" descriptiontext="User Dashboard preference" voclass="com.optum.app.common.customer.data.UserDashboardPreferenceVO" daoclass="" daoclassimpl="" auditnotestable="" view_indicator="0" distinct_indicator="0" virtual_indicator="0" under_construction="0" secured="0" logHistory="0" num_pk_index_partitions="0" pk_partitioned_index_name="" db_category="" translatable="0"/>
    <bb_table table_name="user_dashbd_tile_pref" descriptiontext="User Dashboard tile preference" voclass="com.optum.app.common.customer.data.UserDashboardTilePreferenceVO" daoclass="" daoclassimpl="" auditnotestable="" view_indicator="0" distinct_indicator="0" virtual_indicator="0" under_construction="0" secured="0" logHistory="0" num_pk_index_partitions="0" pk_partitioned_index_name="" db_category="" translatable="0"/>
    <bb_table table_name="user_group_customization" descriptiontext="User Customization" voclass="com.optum.app.ocm.common.settings.data.UserGroupCustomizationVO" daoclass="" daoclassimpl="" auditnotestable="" view_indicator="0" distinct_indicator="0" virtual_indicator="0" under_construction="0" secured="0" logHistory="0" num_pk_index_partitions="0" pk_partitioned_index_name="" db_category="MbmDatasource" translatable="0"/>
    <bb_table table_name="user_grp" descriptiontext="grouping of users who perform similar functions within HSR application. E.g., system administration user group vs. general user group." voclass="com.optum.rf.common.security.data.UserGroupVO" daoclass="" daoclassimpl="" auditnotestable="user_grp_aud_dtl" view_indicator="0" distinct_indicator="0" virtual_indicator="0" under_construction="0" secured="0" logHistory="0" num_pk_index_partitions="0" pk_partitioned_index_name="" db_category="MbmDatasource" translatable="0"/>
    <bb_table table_name="user_grp_aud_dtl" descriptiontext="System audit trail of user group record changes including who, and when changed what data field and before/after values." voclass="com.optum.rf.common.security.data.UserGroupAuditDetailVO" daoclass="" daoclassimpl="" auditnotestable="" view_indicator="0" distinct_indicator="0" virtual_indicator="0" under_construction="0" secured="0" logHistory="0" num_pk_index_partitions="0" pk_partitioned_index_name="" db_category="MbmDatasource" translatable="0"/>
    <bb_table table_name="user_grp_css" descriptiontext="UserGroup based custom css" voclass="com.optum.app.ocm.common.data.UserGroupCssVO" daoclass="" daoclassimpl="" auditnotestable="" view_indicator="0" distinct_indicator="0" virtual_indicator="0" under_construction="0" secured="0" logHistory="0" num_pk_index_partitions="0" pk_partitioned_index_name="" db_category="MbmDatasource" translatable="0"/>
    <bb_table table_name="user_grp_prmis" descriptiontext="one or more permissions tied to a user group" voclass="com.optum.app.ocm.common.security.data.UserGroupPermissionVO" daoclass="" daoclassimpl="" auditnotestable="" view_indicator="0" distinct_indicator="0" virtual_indicator="0" under_construction="0" secured="0" logHistory="0" num_pk_index_partitions="0" pk_partitioned_index_name="" db_category="MbmDatasource" translatable="0"/>
    <bb_table table_name="user_grp_prmis_grp" descriptiontext="one or more  permission groups assigned to user groups" voclass="com.optum.rf.common.security.data.UserGroupPermissionGroupVO" daoclass="com.optum.rf.common.security.sql.UserGroupPermissionGroupDAO" daoclassimpl="com.optum.rf.common.security.sql.impl.UserGroupPermissionGroupDAOImpl" auditnotestable="user_grp_aud_dtl" view_indicator="0" distinct_indicator="0" virtual_indicator="0" under_construction="0" secured="0" logHistory="0" num_pk_index_partitions="0" pk_partitioned_index_name="" db_category="MbmDatasource" translatable="0"/>
    <bb_table table_name="user_prmis_grp" descriptiontext="one or more permission group assigned to users." voclass="com.optum.rf.common.security.data.UserPermissionGroupVO" daoclass="com.optum.rf.common.security.sql.UserPermissionGroupDAO" daoclassimpl="com.optum.rf.common.security.sql.impl.UserPermissionGroupDAOImpl" auditnotestable="user_aud_dtl" view_indicator="0" distinct_indicator="0" virtual_indicator="0" under_construction="0" secured="0" logHistory="0" num_pk_index_partitions="0" pk_partitioned_index_name="" db_category="MbmDatasource" translatable="0"/>
    <bb_table table_name="user_secur_rule" descriptiontext="Associates a user with security rules" voclass="com.optum.rf.common.security.data.UserSecurityRuleVO" daoclass="com.optum.rf.common.security.sql.UserSecurityRuleDAO" daoclassimpl="com.optum.rf.common.security.sql.impl.UserSecurityRuleDAOImpl" auditnotestable="" view_indicator="0" distinct_indicator="0" virtual_indicator="0" under_construction="0" secured="0" logHistory="0" num_pk_index_partitions="0" pk_partitioned_index_name="" db_category="MbmDatasource" translatable="0"/>
    <bb_table table_name="user_set" descriptiontext="Table to hold individual user settings for showing/hiding sidebar sections" voclass="com.optum.rf.common.settings.data.UserSettingsVO" daoclass="" daoclassimpl="" auditnotestable="" view_indicator="0" distinct_indicator="0" virtual_indicator="0" under_construction="0" secured="0" logHistory="0" num_pk_index_partitions="0" pk_partitioned_index_name="" db_category="MbmDatasource" translatable="0"/>
    <bb_table table_name="user_tbl" descriptiontext="A person that is authorized to use the Clinical Toolbox suite of applications." voclass="com.optum.app.ocm.common.security.data.AppUserVO" daoclass="" daoclassimpl="" auditnotestable="user_aud_dtl" view_indicator="0" distinct_indicator="0" virtual_indicator="0" under_construction="0" secured="0" logHistory="0" num_pk_index_partitions="0" pk_partitioned_index_name="" db_category="MbmDatasource" translatable="0"/>
    <bb_table table_name="user_tbl_hist" descriptiontext="Table to maintain the history of user functional role type changes." voclass="com.optum.app.ocm.common.security.data.UserTableHistoryVO" daoclass="" daoclassimpl="" auditnotestable="" view_indicator="0" distinct_indicator="0" virtual_indicator="0" under_construction="0" secured="0" logHistory="0" num_pk_index_partitions="0" pk_partitioned_index_name="" db_category="MbmDatasource" translatable="0"/>
    <bb_table table_name="user_tel" descriptiontext="User phone - manually captured in Clinical Domain" voclass="com.optum.app.ocm.common.security.data.UserTelephoneVO" daoclass="" daoclassimpl="" auditnotestable="user_aud_dtl" view_indicator="0" distinct_indicator="0" virtual_indicator="0" under_construction="0" secured="0" logHistory="0" num_pk_index_partitions="0" pk_partitioned_index_name="" db_category="MbmDatasource" translatable="0"/>
    <bb_table table_name="user_wrk_que_grp" descriptiontext="Business User assigned to (belonging to ) an Work Queue Group." voclass="com.optum.app.ocm.common.workqueue.data.UserWorkQueueGroupVO" daoclass="com.optum.app.ocm.common.workqueue.sql.UserWorkQueueGroupDAO" daoclassimpl="com.optum.app.ocm.common.workqueue.sql.impl.UserWorkQueueGroupDAOImpl" auditnotestable="" view_indicator="0" distinct_indicator="0" virtual_indicator="0" under_construction="0" secured="0" logHistory="0" num_pk_index_partitions="0" pk_partitioned_index_name="" db_category="MbmDatasource" translatable="0"/>
    <bb_table table_name="wrk_que" descriptiontext="A virtual in-box, for collecting/storing assignments with common characteristics before they have been assigned to a specific person." voclass="com.optum.app.ocm.common.workqueue.data.WorkQueueVO" daoclass="" daoclassimpl="" auditnotestable="" view_indicator="0" distinct_indicator="0" virtual_indicator="0" under_construction="0" secured="0" logHistory="0" num_pk_index_partitions="0" pk_partitioned_index_name="" db_category="" translatable="0"/>
    <bb_table table_name="wrk_que_grp" descriptiontext="A Grouping of Business users that can work on assignments belonging to the same work queue(s)." voclass="com.optum.app.ocm.common.workqueue.data.WorkQueueGroupVO" daoclass="" daoclassimpl="" auditnotestable="" view_indicator="0" distinct_indicator="0" virtual_indicator="0" under_construction="0" secured="0" logHistory="0" num_pk_index_partitions="0" pk_partitioned_index_name="" db_category="" translatable="0"/>
    <bb_table table_name="wrk_que_wrk_que_grp" descriptiontext="A work queue group (of people) that are allowed to view/access or work on the Assignments that have been directed to the work queue" voclass="com.optum.app.ocm.common.workqueue.data.WorkQueueWorkQueueGroupVO" daoclass="com.optum.app.ocm.common.workqueue.sql.WorkQueueWorkQueueGroupDAO" daoclassimpl="com.optum.app.ocm.common.workqueue.sql.impl.WorkQueueWorkQueueGroupDAOImpl" auditnotestable="" view_indicator="0" distinct_indicator="0" virtual_indicator="0" under_construction="0" secured="0" logHistory="0" num_pk_index_partitions="0" pk_partitioned_index_name="" db_category="" translatable="0"/>
    <bb_table table_name="zip_cd_tm_zone" descriptiontext="Purshased commercial data (from  Copyright (c) 2011 CD Light) on zip code that contains mapping of time zone (with DayLight Saving flag) to zip code. Also contains city name aliase given a zip code, therefore logically only zip code should be PK and there are duplicated records (vary by city name) in the table.  MILITARY ZIP CODES AND APO/FPO The USPS delivers mail to US military installations around the world. As a result, the USPS has assigned ZIP codes to these facilities, even though they are actually on foreign soil. These ZIP codes have been given a state code which generally defines the area of the world in which they are found, and a city name of APO (Army Post Office) or FPO (Fleet Post Office). The military ZIP codes and assigned state codes are as follows:   ZIP Code Range         State Code  Area   09000 - 09999            AE        Europe   34000 - 34099            AA        Central America (Canal Zone)  96200 - 96699            AP        Pacific" voclass="com.optum.rf.common.reference.data.ZipCodeTimeZoneVO" daoclass="" daoclassimpl="" auditnotestable="" view_indicator="0" distinct_indicator="0" virtual_indicator="0" under_construction="0" secured="0" logHistory="0" num_pk_index_partitions="0" pk_partitioned_index_name="" db_category="" translatable="0"/>
</bb_tablesList>
