<?xml version="1.0" encoding="UTF-8"?>
<bb_viewsList>
    <bb_view view_name="PermissionGroupPermissionView" table_name="prmis_grp_prmis" table_as_name="a" field="permissionGroupID" field_as_name="permissionGroupID" key_indicator="1"/>
    <bb_view view_name="PermissionGroupPermissionView" table_name="prmis_grp_prmis" table_as_name="a" field="permissionID" field_as_name="permissionID" key_indicator="1"/>
    <bb_view view_name="PermissionGroupPermissionView" table_name="prmis" table_as_name="b" field="permissionDesc" field_as_name="permissionDesc" key_indicator="0"/>
    <bb_view view_name="refFilterChildView" table_name="ref_fltr_chld" table_as_name="a" field="childReferenceCode" field_as_name="childReferenceCode" key_indicator="1"/>
    <bb_view view_name="refFilterChildView" table_name="ref_fltr_chld" table_as_name="a" field="childReferenceName" field_as_name="childReferenceName" key_indicator="1"/>
    <bb_view view_name="refFilterChildView" table_name="ref_fltr_chld" table_as_name="a" field="referenceCode" field_as_name="filterReferenceCode" key_indicator="1"/>
    <bb_view view_name="refFilterChildView" table_name="ref_fltr_chld" table_as_name="a" field="referenceName" field_as_name="filterReferenceName" key_indicator="1"/>
    <bb_view view_name="refFilterChildView" table_name="ref" table_as_name="b" field="referenceCode" field_as_name="referenceCode" key_indicator="0"/>
    <bb_view view_name="refFilterChildView" table_name="ref" table_as_name="b" field="referenceDesc" field_as_name="referenceDesc" key_indicator="0"/>
    <bb_view view_name="refFilterChildView" table_name="ref" table_as_name="b" field="referenceDisplay" field_as_name="referenceDisplay" key_indicator="0"/>
    <bb_view view_name="refFilterChildView" table_name="ref" table_as_name="b" field="referenceName" field_as_name="referenceName" key_indicator="0"/>
    <bb_view view_name="refFilterChildView" table_name="ref_fltr_chld" table_as_name="a" field="endDate" field_as_name="endDate" key_indicator="0"/>
    <bb_view view_name="refFilterChildView" table_name="ref_fltr_chld" table_as_name="a" field="startDate" field_as_name="startDate" key_indicator="0"/>
    <bb_view view_name="refFilterCustomView" table_name="ref_fltr_cstm" table_as_name="a" field="referenceCode" field_as_name="referenceCode" key_indicator="1"/>
    <bb_view view_name="refFilterCustomView" table_name="ref_fltr_cstm" table_as_name="a" field="referenceCustomFilterName" field_as_name="referenceCustomFilterName" key_indicator="1"/>
    <bb_view view_name="refFilterCustomView" table_name="ref_fltr_cstm" table_as_name="a" field="referenceName" field_as_name="referenceName" key_indicator="1"/>
    <bb_view view_name="refFilterCustomView" table_name="ref" table_as_name="b" field="referenceDesc" field_as_name="referenceDesc" key_indicator="0"/>
    <bb_view view_name="refFilterCustomView" table_name="ref" table_as_name="b" field="referenceDisplay" field_as_name="referenceDisplay" key_indicator="0"/>
    <bb_view view_name="refFilterCustomView" table_name="ref_fltr_cstm" table_as_name="a" field="endDate" field_as_name="endDate" key_indicator="0"/>
    <bb_view view_name="refFilterCustomView" table_name="ref_fltr_cstm" table_as_name="a" field="startDate" field_as_name="startDate" key_indicator="0"/>
    <bb_view view_name="customerRefFilterChildView" table_name="cust_ref" table_as_name="b" field="customerID" field_as_name="customerID" key_indicator="1"/>
    <bb_view view_name="customerRefFilterChildView" table_name="cust_ref_fltr_chld" table_as_name="a" field="childReferenceCode" field_as_name="childReferenceCode" key_indicator="1"/>
    <bb_view view_name="customerRefFilterChildView" table_name="cust_ref_fltr_chld" table_as_name="a" field="childReferenceName" field_as_name="childReferenceName" key_indicator="1"/>
    <bb_view view_name="customerRefFilterChildView" table_name="cust_ref_fltr_chld" table_as_name="a" field="referenceCode" field_as_name="filterReferenceCode" key_indicator="1"/>
    <bb_view view_name="customerRefFilterChildView" table_name="cust_ref_fltr_chld" table_as_name="a" field="referenceName" field_as_name="filterReferenceName" key_indicator="1"/>
    <bb_view view_name="customerRefFilterChildView" table_name="cust_ref" table_as_name="b" field="referenceCode" field_as_name="referenceCode" key_indicator="0"/>
    <bb_view view_name="customerRefFilterChildView" table_name="cust_ref" table_as_name="b" field="referenceDesc" field_as_name="referenceDesc" key_indicator="0"/>
    <bb_view view_name="customerRefFilterChildView" table_name="cust_ref" table_as_name="b" field="referenceDisplay" field_as_name="referenceDisplay" key_indicator="0"/>
    <bb_view view_name="customerRefFilterChildView" table_name="cust_ref" table_as_name="b" field="referenceName" field_as_name="referenceName" key_indicator="0"/>
    <bb_view view_name="customerRefFilterChildView" table_name="cust_ref_fltr_chld" table_as_name="a" field="endDate" field_as_name="endDate" key_indicator="0"/>
    <bb_view view_name="customerRefFilterChildView" table_name="cust_ref_fltr_chld" table_as_name="a" field="startDate" field_as_name="startDate" key_indicator="0"/>
    <bb_view view_name="customerRefFilterCustomView" table_name="cust_ref" table_as_name="b" field="customerID" field_as_name="customerID" key_indicator="1"/>
    <bb_view view_name="customerRefFilterCustomView" table_name="cust_ref_fltr_cstm" table_as_name="a" field="referenceCode" field_as_name="referenceCode" key_indicator="1"/>
    <bb_view view_name="customerRefFilterCustomView" table_name="cust_ref_fltr_cstm" table_as_name="a" field="referenceCustomFilterName" field_as_name="referenceCustomFilterName" key_indicator="1"/>
    <bb_view view_name="customerRefFilterCustomView" table_name="cust_ref_fltr_cstm" table_as_name="a" field="referenceName" field_as_name="referenceName" key_indicator="1"/>
    <bb_view view_name="customerRefFilterCustomView" table_name="cust_ref" table_as_name="b" field="referenceDesc" field_as_name="referenceDesc" key_indicator="0"/>
    <bb_view view_name="customerRefFilterCustomView" table_name="cust_ref" table_as_name="b" field="referenceDisplay" field_as_name="referenceDisplay" key_indicator="0"/>
    <bb_view view_name="customerRefFilterCustomView" table_name="cust_ref_fltr_cstm" table_as_name="a" field="endDate" field_as_name="endDate" key_indicator="0"/>
    <bb_view view_name="customerRefFilterCustomView" table_name="cust_ref_fltr_cstm" table_as_name="a" field="startDate" field_as_name="startDate" key_indicator="0"/>
    <bb_view view_name="securityRuleCriteriaView" table_name="secur_rule" table_as_name="a" field="securityRuleCriteriaID" field_as_name="securityRuleCriteriaID" key_indicator="1"/>
    <bb_view view_name="securityRuleCriteriaView" table_name="secur_rule" table_as_name="a" field="securityRuleID" field_as_name="securityRuleID" key_indicator="0"/>
    <bb_view view_name="securityRuleCriteriaView" table_name="secur_rule" table_as_name="a" field="securityType" field_as_name="securityType" key_indicator="0"/>
    <bb_view view_name="securityRuleCriteriaView" table_name="secur_rule_crit" table_as_name="b" field="securityRuleCriteriaType" field_as_name="securityRuleCriteriaType" key_indicator="0"/>
    <bb_view view_name="securityRuleCriteriaView" table_name="secur_rule_crit" table_as_name="b" field="securityRuleDescription" field_as_name="securityRuleDescription" key_indicator="0"/>
    <bb_view view_name="securityRulePolicyView" table_name="secur_rule" table_as_name="a" field="securityRuleCriteriaID" field_as_name="securityRuleCriteriaID" key_indicator="1"/>
    <bb_view view_name="securityRulePolicyView" table_name="pol_secur_rule_crit" table_as_name="b" field="policyNumber" field_as_name="policyNumber" key_indicator="0"/>
    <bb_view view_name="securityRulePolicyView" table_name="pol_secur_rule_crit" table_as_name="b" field="ruleNoteText" field_as_name="ruleNoteText" key_indicator="0"/>
    <bb_view view_name="securityRulePolicyView" table_name="secur_rule" table_as_name="a" field="securityRuleID" field_as_name="securityRuleID" key_indicator="0"/>
    <bb_view view_name="securityRulePolicyView" table_name="secur_rule" table_as_name="a" field="securityType" field_as_name="securityType" key_indicator="0"/>
    <bb_view view_name="securityRuleMemberView" table_name="secur_rule" table_as_name="a" field="securityRuleCriteriaID" field_as_name="securityRuleCriteriaID" key_indicator="1"/>
    <bb_view view_name="securityRuleMemberView" table_name="secur_rule" table_as_name="a" field="securityRuleID" field_as_name="securityRuleID" key_indicator="0"/>
    <bb_view view_name="securityRuleMemberView" table_name="secur_rule" table_as_name="a" field="securityType" field_as_name="securityType" key_indicator="0"/>
    <bb_view view_name="securityRuleMemberView" table_name="mbr_secur_rule_crit" table_as_name="b" field="sourceMemberID" field_as_name="sourceMemberID" key_indicator="0"/>
    <bb_view view_name="securityRuleMemberView" table_name="mbr_secur_rule_crit" table_as_name="b" field="ruleNoteText" field_as_name="ruleNoteText" key_indicator="0"/>
    <bb_view view_name="securityRuleSaoiPolicyView" table_name="secur_rule" table_as_name="a" field="securityRuleCriteriaID" field_as_name="securityRuleCriteriaID" key_indicator="1"/>
    <bb_view view_name="securityRuleSaoiPolicyView" table_name="secur_rule" table_as_name="a" field="securityRuleID" field_as_name="securityRuleID" key_indicator="0"/>
    <bb_view view_name="securityRuleSaoiPolicyView" table_name="secur_rule" table_as_name="a" field="securityType" field_as_name="securityType" key_indicator="0"/>
    <bb_view view_name="securityRuleSaoiPolicyView" table_name="sa_oi_pol_secur_rule_crit" table_as_name="b" field="obligorID" field_as_name="obligorID" key_indicator="0"/>
    <bb_view view_name="securityRuleSaoiPolicyView" table_name="sa_oi_pol_secur_rule_crit" table_as_name="b" field="sharedArrangementID" field_as_name="sharedArrangementID" key_indicator="0"/>
    <bb_view view_name="securityRuleSaoiPolicyView" table_name="sa_oi_pol_secur_rule_crit" table_as_name="b" field="policyNumber" field_as_name="policyNumber" key_indicator="0"/>
    <bb_view view_name="securityRuleSaoiPolicyView" table_name="sa_oi_pol_secur_rule_crit" table_as_name="b" field="ruleNoteText" field_as_name="ruleNoteText" key_indicator="0"/>
    <bb_view view_name="securityRuleSaoiView" table_name="secur_rule" table_as_name="a" field="securityRuleCriteriaID" field_as_name="securityRuleCriteriaID" key_indicator="1"/>
    <bb_view view_name="securityRuleSaoiView" table_name="sa_oi_secur_rule_crit" table_as_name="b" field="obligorID" field_as_name="obligorID" key_indicator="0"/>
    <bb_view view_name="securityRuleSaoiView" table_name="sa_oi_secur_rule_crit" table_as_name="b" field="ruleNoteText" field_as_name="ruleNoteText" key_indicator="0"/>
    <bb_view view_name="securityRuleSaoiView" table_name="sa_oi_secur_rule_crit" table_as_name="b" field="sharedArrangementID" field_as_name="sharedArrangementID" key_indicator="0"/>
    <bb_view view_name="securityRuleSaoiView" table_name="secur_rule" table_as_name="a" field="securityRuleID" field_as_name="securityRuleID" key_indicator="0"/>
    <bb_view view_name="securityRuleSaoiView" table_name="secur_rule" table_as_name="a" field="securityType" field_as_name="securityType" key_indicator="0"/>
    <bb_view view_name="userSecurityRuleSaoiPolicyView" table_name="user_secur_rule" table_as_name="a" field="securityRuleID" field_as_name="securityRuleID" key_indicator="1"/>
    <bb_view view_name="userSecurityRuleSaoiPolicyView" table_name="user_secur_rule" table_as_name="a" field="userID" field_as_name="userID" key_indicator="0"/>
    <bb_view view_name="userSecurityRuleSaoiPolicyView" table_name="secur_rule" table_as_name="b" field="securityType" field_as_name="securityType" key_indicator="0"/>
    <bb_view view_name="userSecurityRuleSaoiPolicyView" table_name="secur_rule" table_as_name="b" field="securityRuleCriteriaID" field_as_name="securityRuleCriteriaID" key_indicator="1"/>
    <bb_view view_name="userSecurityRuleSaoiPolicyView" table_name="sa_oi_pol_secur_rule_crit" table_as_name="c" field="obligorID" field_as_name="obligorID" key_indicator="0"/>
    <bb_view view_name="userSecurityRuleSaoiPolicyView" table_name="sa_oi_pol_secur_rule_crit" table_as_name="c" field="sharedArrangementID" field_as_name="sharedArrangementID" key_indicator="0"/>
    <bb_view view_name="userSecurityRuleSaoiPolicyView" table_name="sa_oi_pol_secur_rule_crit" table_as_name="c" field="policyNumber" field_as_name="policyNumber" key_indicator="0"/>
    <bb_view view_name="userSecurityRuleSaoiPolicyView" table_name="sa_oi_pol_secur_rule_crit" table_as_name="c" field="ruleNoteText" field_as_name="ruleNoteText" key_indicator="0"/>
    <bb_view view_name="userSecurityRuleSaoiView" table_name="secur_rule" table_as_name="b" field="securityType" field_as_name="securityType" key_indicator="1"/>
    <bb_view view_name="userSecurityRuleSaoiView" table_name="user_secur_rule" table_as_name="a" field="securityRuleID" field_as_name="securityRuleID" key_indicator="1"/>
    <bb_view view_name="userSecurityRuleSaoiView" table_name="user_secur_rule" table_as_name="a" field="userID" field_as_name="userID" key_indicator="1"/>
    <bb_view view_name="userSecurityRuleSaoiView" table_name="sa_oi_secur_rule_crit" table_as_name="c" field="obligorID" field_as_name="obligorID" key_indicator="0"/>
    <bb_view view_name="userSecurityRuleSaoiView" table_name="sa_oi_secur_rule_crit" table_as_name="c" field="ruleNoteText" field_as_name="ruleNoteText" key_indicator="0"/>
    <bb_view view_name="userSecurityRuleSaoiView" table_name="sa_oi_secur_rule_crit" table_as_name="c" field="sharedArrangementID" field_as_name="sharedArrangementID" key_indicator="0"/>
    <bb_view view_name="userSecurityRuleSaoiView" table_name="secur_rule" table_as_name="b" field="securityRuleCriteriaID" field_as_name="securityRuleCriteriaID" key_indicator="0"/>
    <bb_view view_name="userSecurityRuleView" table_name="user_secur_rule" table_as_name="a" field="securityRuleID" field_as_name="securityRuleID" key_indicator="1"/>
    <bb_view view_name="userSecurityRuleView" table_name="secur_rule" table_as_name="b" field="securityRuleCriteriaID" field_as_name="securityRuleCriteriaID" key_indicator="0"/>
    <bb_view view_name="userSecurityRuleView" table_name="secur_rule" table_as_name="b" field="securityType" field_as_name="securityType" key_indicator="0"/>
    <bb_view view_name="userSecurityRuleView" table_name="user_secur_rule" table_as_name="a" field="userID" field_as_name="userID" key_indicator="0"/>
</bb_viewsList>