<?xml version="1.0" encoding="UTF-8"?>
<bb_view_clauseList>
    <bb_clause view_name="PermissionGroupPermissionView" field="a.permissionID" where_operator="=" where_field="b.permissionID"/>
    <bb_clause view_name="refFilterChildView" field="a.childReferenceCode" where_operator="=" where_field="b.referenceCode"/>
    <bb_clause view_name="refFilterChildView" field="a.childReferenceName" where_operator="=" where_field="b.referenceName"/>
    <bb_clause view_name="refFilterCustomView" field="a.referenceCode" where_operator="=" where_field="b.referenceCode"/>
    <bb_clause view_name="refFilterCustomView" field="a.referenceName" where_operator="=" where_field="b.referenceName"/>
    <bb_clause view_name="customerRefFilterChildView" field="a.childReferenceCode" where_operator="=" where_field="b.referenceCode"/>
    <bb_clause view_name="customerRefFilterChildView" field="a.childReferenceName" where_operator="=" where_field="b.referenceName"/>
    <bb_clause view_name="customerRefFilterCustomView" field="a.referenceCode" where_operator="=" where_field="b.referenceCode"/>
    <bb_clause view_name="customerRefFilterCustomView" field="a.referenceName" where_operator="=" where_field="b.referenceName"/>
    <bb_clause view_name="securityRuleCriteriaView" field="a.securityRuleCriteriaID" where_operator="=" where_field="b.securityRuleCriteriaID"/>
    <bb_clause view_name="securityRulePolicyView" field="a.securityRuleCriteriaID" where_operator="=" where_field="b.securityRuleCriteriaID"/>
    <bb_clause view_name="securityRuleMemberView" field="a.securityRuleCriteriaID" where_operator="=" where_field="b.securityRuleCriteriaID"/>
    <bb_clause view_name="securityRuleSaoiPolicyView" field="a.securityRuleCriteriaID" where_operator="=" where_field="b.securityRuleCriteriaID"/>
    <bb_clause view_name="securityRuleSaoiView" field="a.securityRuleCriteriaID" where_operator="=" where_field="b.securityRuleCriteriaID"/>
    <bb_clause view_name="userSecurityRuleSaoiPolicyView" field="a.securityRuleID" where_operator="=" where_field="b.securityRuleID"/>
    <bb_clause view_name="userSecurityRuleSaoiPolicyView" field="b.securityRuleCriteriaID" where_operator="=" where_field="c.securityRuleCriteriaID"/>
    <bb_clause view_name="userSecurityRuleSaoiView" field="a.securityRuleID" where_operator="=" where_field="b.securityRuleID"/>
    <bb_clause view_name="userSecurityRuleSaoiView" field="b.securityRuleCriteriaID" where_operator="=" where_field="c.securityRuleCriteriaID"/>
    <bb_clause view_name="userSecurityRuleView" field="a.securityRuleID" where_operator="=" where_field="b.securityRuleID"/>
</bb_view_clauseList>