<?xml version="1.0" encoding="UTF-8"?>
<bb_fieldsList>
    <bb_field field_name="admissionPercent" data_type="SMALLINT" field_length="3" field_precision="0" descriptiontext="Admission Percentage" doubleclick_uri="" doubleclick="" uppercaseonly="0" field_xref="" field_name_physical="admis_pct"/>
    <bb_field field_name="approveDate" data_type="DATE" field_length="3" field_precision="0" descriptiontext="Approve Date" doubleclick_uri="" doubleclick="" uppercaseonly="0" field_xref="" field_name_physical="aprv_dt"/>
    <bb_field field_name="authDurationMonthCount" data_type="SMALLINT" field_length="2" field_precision="0" descriptiontext="authorization duration month count" doubleclick_uri="" doubleclick="" uppercaseonly="0" field_xref="" field_name_physical="auth_dur_mo_cnt"/>
    <bb_field field_name="authDurationDayCount" data_type="SMALLINT" field_length="2" field_precision="0" descriptiontext="authorization duration day count" doubleclick_uri="" doubleclick="" uppercaseonly="0" field_xref="" field_name_physical="auth_dur_day_cnt"/>
    <bb_field field_name="authorizationType" data_type="VARCHAR" field_length="10" field_precision="0" descriptiontext="Authorization Type" doubleclick_uri="" doubleclick="" uppercaseonly="0" field_xref="" field_name_physical="auth_typ_id"/>
    <bb_field field_name="autoApproveInd" data_type="BOOLEAN" field_length="1" field_precision="0" descriptiontext="Auto Approve" doubleclick_uri="" doubleclick="" uppercaseonly="0" field_xref="" field_name_physical="auto_apprv_ind"/>
    <bb_field field_name="automaticAuthorizationInd" data_type="BOOLEAN" field_length="1" field_precision="0" descriptiontext="Automatic Authorization Indicator" doubleclick_uri="" doubleclick="" uppercaseonly="0" field_xref="" field_name_physical="auto_auth_ind"/>
    <bb_field field_name="blockAuthorizationInd" data_type="BOOLEAN" field_length="1" field_precision="0" descriptiontext="Block Authorization Indicator" doubleclick_uri="" doubleclick="" uppercaseonly="0" field_xref="" field_name_physical="blk_auth_ind"/>
    <bb_field field_name="bookOfBusiness" data_type="VARCHAR" field_length="2" field_precision="0" descriptiontext="Book of Business" doubleclick_uri="" doubleclick="" uppercaseonly="0" field_xref="" field_name_physical="book_of_business"/>
    <bb_field field_name="businessProviderName" data_type="VARCHAR" field_length="120" field_precision="0" descriptiontext="Extended name of Business or Provider" doubleclick_uri="" doubleclick="" uppercaseonly="0" field_xref="" field_name_physical="bus_prov_nm"/>
    <bb_field field_name="clinicalVariableType" data_type="VARCHAR" field_length="10" field_precision="0" descriptiontext="Clinical Variable Type" doubleclick_uri="" doubleclick="" uppercaseonly="0" field_xref="" field_name_physical="clin_var_typ_id"/>
    <bb_field field_name="clinicalVariable" data_type="VARCHAR" field_length="200" field_precision="0" descriptiontext="Clinical Variable Type" doubleclick_uri="" doubleclick="" uppercaseonly="0" field_xref="" field_name_physical="clin_var"/>
    <bb_field field_name="clinicalVariableValue" data_type="VARCHAR" field_length="300" field_precision="0" descriptiontext="Clinical Variable Value" doubleclick_uri="" doubleclick="" uppercaseonly="0" field_xref="" field_name_physical="clin_var_val"/>
    <bb_field field_name="combinedDescription" data_type="VARCHAR" field_length="300" field_precision="0" descriptiontext="Clinical Variable Value" doubleclick_uri="" doubleclick="" uppercaseonly="0" field_xref="" field_name_physical="clin_var_val"/>
    <bb_field field_name="comboInd" data_type="SMALLINT" field_length="1" field_precision="0" descriptiontext="Combo Indicator" doubleclick_uri="" doubleclick="" uppercaseonly="0" field_xref="" field_name_physical="cmbo_ind"/>
    <bb_field field_name="comboSequenceNumber" data_type="SMALLINT" field_length="6" field_precision="0" descriptiontext="Sequence Number for Combo Techniques" doubleclick_uri="" doubleclick="" uppercaseonly="0" field_xref="" field_name_physical="cmbo_seq_nbr"/>
    <bb_field field_name="customTreatmentProcedureID" data_type="INTEGER" field_length="11" field_precision="0" descriptiontext="Custom Treatment Procedure ID" doubleclick_uri="" doubleclick="" uppercaseonly="0" field_xref="" field_name_physical="cstm_trt_proc_id"/>
    <bb_field field_name="customTreatmentApprovalType" data_type="VARCHAR" field_length="10" field_precision="0" descriptiontext="Custom Treatment Approval Type" doubleclick_uri="" doubleclick="" uppercaseonly="0" field_xref="" field_name_physical="cstm_trt_aprv_typ_id"/>
    <bb_field field_name="diseaseTraversalClinVarKey" data_type="VARCHAR" field_length="3000" field_precision="0" descriptiontext="Disease Traversal ClinicalVariable Key" doubleclick_uri="" doubleclick="" uppercaseonly="0" field_xref="" field_name_physical="dses_trvrs_clin_var_key"/>
    <bb_field field_name="diseaseTraversalDescription" data_type="VARCHAR" field_length="1000" field_precision="0" descriptiontext="Disease Traversal Description" doubleclick_uri="" doubleclick="" uppercaseonly="0" field_xref="" field_name_physical="dses_trvrs_desc"/>
    <bb_field field_name="diseaseTraversalEndDate" data_type="DATE" field_length="10" field_precision="0" descriptiontext="Disease Traversal End Date" doubleclick_uri="" doubleclick="" uppercaseonly="0" field_xref="" field_name_physical=""/>
    <bb_field field_name="diseaseTraversalID" data_type="INTEGER" field_length="11" field_precision="0" descriptiontext="Disease Traversal ID " doubleclick_uri="" doubleclick="" uppercaseonly="0" field_xref="" field_name_physical="dses_trvrs_id"/>
    <bb_field field_name="diseaseTraversalStartDate" data_type="DATE" field_length="10" field_precision="0" descriptiontext="Disease Traversal Start Date" doubleclick_uri="" doubleclick="" uppercaseonly="0" field_xref="" field_name_physical=""/>
    <bb_field field_name="diseaseTraversalTrtmntRegimnRnk" data_type="SMALLINT" field_length="4" field_precision="0" descriptiontext="Disease Traversal Treatment Regimen Rank" doubleclick_uri="" doubleclick="" uppercaseonly="0" field_xref="" field_name_physical="dses_trvrs_trt_rgmn_rnk"/>
    <bb_field field_name="diseaseTraversalVersionID" data_type="BIGINT" field_length="20" field_precision="0" descriptiontext="Disease Traversal Version ID " doubleclick_uri="" doubleclick="" uppercaseonly="0" field_xref="" field_name_physical="dses_trvrs_ver_id"/>
    <bb_field field_name="diseaseType" data_type="VARCHAR" field_length="10" field_precision="0" descriptiontext="Disease Type" doubleclick_uri="" doubleclick="" uppercaseonly="0" field_xref="" field_name_physical="dses_typ_id"/>
    <bb_field field_name="dosageType" data_type="VARCHAR" field_length="10" field_precision="0" descriptiontext="Disease Type" doubleclick_uri="" doubleclick="" uppercaseonly="0" field_xref="" field_name_physical="dsg_typ_id"/>
    <bb_field field_name="drugClass" data_type="VARCHAR" field_length="10" field_precision="0" descriptiontext="Drug Class" doubleclick_uri="" doubleclick="" uppercaseonly="0" field_xref="" field_name_physical="drug_class"/>
    <bb_field field_name="drugClassRefDesc" data_type="VARCHAR" field_length="300" field_precision="0" descriptiontext="Drug Class Reference Description" doubleclick_uri="" doubleclick="" uppercaseonly="0" field_xref="" field_name_physical=""/>
    <bb_field field_name="esIndexName" data_type="VARCHAR" field_length="350" field_precision="0" descriptiontext="Elastic Search Index Name" doubleclick_uri="" doubleclick="" uppercaseonly="0" field_xref="" field_name_physical="es_index_nm"/>
    <bb_field field_name="levelOfEvidenceDescription" data_type="VARCHAR" field_length="1000" field_precision="0" descriptiontext="Level Of Evidence Description" doubleclick_uri="" doubleclick="" uppercaseonly="0" field_xref="" field_name_physical="lvl_of_evd_desc"/>
    <bb_field field_name="hcpcsUnits" data_type="DECIMAL" field_length="12" field_precision="4" descriptiontext="HCPCS Units" doubleclick_uri="" doubleclick="" uppercaseonly="0" field_xref="" field_name_physical="hcpcs_units"/>
    <bb_field field_name="hcpcsUnitType" data_type="VARCHAR" field_length="10" field_precision="0" descriptiontext="HCPCS Unit Type" doubleclick_uri="" doubleclick="" uppercaseonly="0" field_xref="" field_name_physical="hcpcs_unit_typ_id"/>
    <bb_field field_name="infusionDurationPerFreqMinCount" data_type="SMALLINT" field_length="3" field_precision="0" descriptiontext="Infusion Duration Per Frequency Minute Count" doubleclick_uri="" doubleclick="" uppercaseonly="0" field_xref="" field_name_physical="infs_dur_per_freq_mn_cnt"/>
    <bb_field field_name="medicationAdminRouteType" data_type="VARCHAR" field_length="2" field_precision="0" descriptiontext="Medicine Administration Route Type" doubleclick_uri="" doubleclick="" uppercaseonly="0" field_xref="" field_name_physical="medcn_admin_rte_typ_id"/>
    <bb_field field_name="medicineAdminDaysPerCycDesc" data_type="VARCHAR" field_length="20" field_precision="0" descriptiontext="Medicine Administration Days Per Cycle Description" doubleclick_uri="" doubleclick="" uppercaseonly="0" field_xref="" field_name_physical="medcn_admin_day_per_cyc_desc"/>
    <bb_field field_name="memberProcedureExceptionID" data_type="INTEGER" field_length="11" field_precision="0" descriptiontext="Member Procedure Exception Indicator" doubleclick_uri="" doubleclick="" uppercaseonly="0" field_xref="" field_name_physical="mbr_proc_xcpt_id"/>
    <bb_field field_name="newProcedureID" data_type="INTEGER" field_length="11" field_precision="0" descriptiontext="New Procedure ID" doubleclick_uri="" doubleclick="" uppercaseonly="0" field_xref="" field_name_physical="new_proc_id"/>
    <bb_field field_name="preferredProcedureInd" data_type="BOOLEAN" field_length="1" field_precision="0" descriptiontext="Preferred Procedure Indicator" doubleclick_uri="" doubleclick="" uppercaseonly="0" field_xref="" field_name_physical="pref_proc_ind"/>
    <bb_field field_name="preferredRuleAttributeID" data_type="INTEGER" field_length="11" field_precision="0" descriptiontext="Preferred Rule Attribute ID" doubleclick_uri="" doubleclick="" uppercaseonly="0" field_xref="" field_name_physical="pref_rule_atr_id"/>
    <bb_field field_name="preferredRuleAttributeType" data_type="VARCHAR" field_length="10" field_precision="0" descriptiontext="Preferred Rule Attribute Type" doubleclick_uri="" doubleclick="" uppercaseonly="0" field_xref="" field_name_physical="pref_rule_atr_typ_id"/>
    <bb_field field_name="preferredRuleAttributeValue" data_type="VARCHAR" field_length="300" field_precision="0" descriptiontext="Preferred Rule Attribute Value" doubleclick_uri="" doubleclick="" uppercaseonly="0" field_xref="" field_name_physical="pref_rule_atr_val"/>
    <bb_field field_name="preferredRuleID" data_type="INTEGER" field_length="11" field_precision="0" descriptiontext="Preferred Rule ID" doubleclick_uri="" doubleclick="" uppercaseonly="0" field_xref="" field_name_physical="pref_rule_id"/>
    <bb_field field_name="growFacFebNeutroRisk" data_type="VARCHAR" field_length="10" field_precision="0" descriptiontext="Supportive Care Grow Factor Febrile Risk Type" doubleclick_uri="" doubleclick="" uppercaseonly="0" field_xref="" field_name_physical="sc_gf_febrile_risk_typ_id"/>
    <bb_field field_name="supportiveCareAntiEmRiskDesc" data_type="VARCHAR" field_length="300" field_precision="0" descriptiontext="Supportive Care Antiemetic Emetic  Risk Type" doubleclick_uri="" doubleclick="" uppercaseonly="0" field_xref="" field_name_physical="sc_anti_em_risk_typ_desc"/>
    <bb_field field_name="procedureAlternateName" data_type="VARCHAR" field_length="100" field_precision="0" descriptiontext="Procedure Alternate Name" doubleclick_uri="" doubleclick="" uppercaseonly="0" field_xref="" field_name_physical="proc_alt_nm"/>
    <bb_field field_name="procedureFrequencyType" data_type="VARCHAR" field_length="2" field_precision="0" descriptiontext="Procedure Frequency Type" doubleclick_uri="" doubleclick="" uppercaseonly="0" field_xref="" field_name_physical="proc_freq_typ_id"/>
    <bb_field field_name="procedureName" data_type="VARCHAR" field_length="100" field_precision="0" descriptiontext="Procedure Name" doubleclick_uri="" doubleclick="" uppercaseonly="0" field_xref="" field_name_physical="proc_nm"/>
    <bb_field field_name="procedureCodeType" data_type="VARCHAR" field_length="2" field_precision="0" descriptiontext="Procedure Code Type" doubleclick_uri="" doubleclick=""  uppercaseonly="0" field_xref="" field_name_physical="proc_typ_id"/>
    <bb_field field_name="procRank" data_type="SMALLINT" field_length="2" field_precision="0" descriptiontext="Procedure Rank" doubleclick_uri="" doubleclick="" uppercaseonly="0" field_xref="" field_name_physical="proc_rnk"/>
    <bb_field field_name="providerProcedureExceptionID" data_type="INTEGER" field_length="11" field_precision="0" descriptiontext="Provider Procedure Exception ID" doubleclick_uri="" doubleclick="" uppercaseonly="0" field_xref="" field_name_physical="prov_proc_xcpt_id"/>
    <bb_field field_name="providerProcedureExcptAttrType" data_type="VARCHAR" field_length="10" field_precision="0" descriptiontext="Provider Procedure Exception Attribute Type" doubleclick_uri="" doubleclick="" uppercaseonly="0" field_xref="" field_name_physical="prov_proc_xcpt_atr_typ_id"/>
    <bb_field field_name="providerProcedureExcptAttrValue" data_type="VARCHAR" field_length="300" field_precision="0" descriptiontext="Provider Procedure Exception Attribute Value" doubleclick_uri="" doubleclick="" uppercaseonly="0" field_xref="" field_name_physical="prov_proc_xcpt_atr_val"/>
    <bb_field field_name="relapseRate" data_type="SMALLINT" field_length="3" field_precision="0" descriptiontext="Relapse Rate" doubleclick_uri="" doubleclick="" uppercaseonly="0" field_xref="" field_name_physical="rlps_pct"/>
    <bb_field field_name="reviewPriority" data_type="VARCHAR" field_length="1" field_precision="0" descriptiontext="Review Priority" doubleclick_uri="" doubleclick="" uppercaseonly="0" field_xref="" field_name_physical="reviewPriority"/>
    <bb_field field_name="tatDueDate" data_type="TIMESTAMP" field_length="3" field_precision="0" descriptiontext="Tat Due Date" doubleclick_uri="" doubleclick="" uppercaseonly="0" field_xref="" field_name_physical="cmpln_due_dttm"/>
    <bb_field field_name="tat" data_type="VARCHAR" field_length="20" field_precision="0" descriptiontext="Tat Requirement Duration" doubleclick_uri="" doubleclick="" uppercaseonly="0" field_xref="" field_name_physical="tat_desc"/>
    <bb_field field_name="tatExists" data_type="VARCHAR" field_length="2" field_precision="0" descriptiontext="Tat Records Exist" doubleclick_uri="" doubleclick="" uppercaseonly="0" field_xref="" field_name_physical="tat_exst"/>
    <bb_field field_name="therapyDuration" data_type="SMALLINT" field_length="2" field_precision="0" descriptiontext="Therapy Duration" doubleclick_uri="" doubleclick="" uppercaseonly="0" field_xref="" field_name_physical="trt_dur_mo_cnt"/>
    <bb_field field_name="therapyType" data_type="VARCHAR" field_length="10" field_precision="0" descriptiontext="Therapy Type" doubleclick_uri="" doubleclick="" uppercaseonly="0" field_xref="" field_name_physical="trpy_typ_id"/>
    <bb_field field_name="therapyCost" data_type="INTEGER" field_length="11" field_precision="0" descriptiontext="Therapy Cost" doubleclick_uri="" doubleclick="" uppercaseonly="0" field_xref="" field_name_physical="trt_cst"/>
    <bb_field field_name="treatmentGuideVersionName" data_type="VARCHAR" field_length="100" field_precision="0" descriptiontext="Treatment Guideline Version Name" doubleclick_uri="" doubleclick="" uppercaseonly="0" field_xref="" field_name_physical="trt_guid_ver_nm"/>
    <bb_field field_name="treatmentRegimenID" data_type="INTEGER" field_length="11" field_precision="0" descriptiontext="Treatment Regimen ID" doubleclick_uri="" doubleclick="" uppercaseonly="0" field_xref="" field_name_physical="trt_rgmn_id"/>
    <bb_field field_name="treatmentRegimenName" data_type="VARCHAR" field_length="300" field_precision="0" descriptiontext="Treatment Regimen Name" doubleclick_uri="" doubleclick="" uppercaseonly="0" field_xref="" field_name_physical="trt_rgmn_nm"/>
    <bb_field field_name="treatmentGuidelineType" data_type="VARCHAR" field_length="10" field_precision="0" descriptiontext="Treatment Guideline Type" doubleclick_uri="" doubleclick="" uppercaseonly="0" field_xref="" field_name_physical="trt_guid_typ_id"/>
    <bb_field field_name="treatmentGuidelinePrefRgmnInd" data_type="BOOLEAN" field_length="1" field_precision="0" descriptiontext="Treatment Guideline Preferred Regimen Ind" doubleclick_uri="" doubleclick="" uppercaseonly="0" field_xref="" field_name_physical="trt_guid_pref_rgmn_ind"/>
    <bb_field field_name="treatmentFrequency" data_type="SMALLINT" field_length="3" field_precision="0" descriptiontext="Treatment Frequency" doubleclick_uri="" doubleclick="" uppercaseonly="0" field_xref="" field_name_physical="trt_pct"/>
    <bb_field field_name="treatmentAuthRuleExceptionType" data_type="VARCHAR" field_length="10" field_precision="0" descriptiontext="Treatment Auth Rule Exception Type" doubleclick_uri="" doubleclick="" uppercaseonly="0" field_xref="" field_name_physical="trt_auth_rule_xcpt_typ_id"/>
    <bb_field field_name="treatmentAuthRuleExceptionValue" data_type="VARCHAR" field_length="300" field_precision="0" descriptiontext="Treatment Auth Rule Exception Value" doubleclick_uri="" doubleclick="" uppercaseonly="0" field_xref="" field_name_physical="trt_auth_rule_xcpt_val"/>
    <bb_field field_name="treatmentProcAuthRuleID" data_type="INTEGER" field_length="11" field_precision="0" descriptiontext="Treatment Procedure Authorization Rule ID" doubleclick_uri="" doubleclick="" uppercaseonly="0" field_xref="" field_name_physical="trt_proc_auth_rule_id"/>
    <bb_field field_name="treatmentRegimenVersionID" data_type="INTEGER" field_length="11" field_precision="0" descriptiontext="Treatment Regimen Version ID" doubleclick_uri="" doubleclick="" uppercaseonly="0" field_xref="" field_name_physical="trt_rgmn_ver_id"/>
    <bb_field field_name="treatmentRegimenVersionDesc" data_type="VARCHAR" field_length="20000" field_precision="0" descriptiontext="Treatment Regimen Version Description" doubleclick_uri="" doubleclick="" uppercaseonly="0" field_xref="" field_name_physical="trt_guid_ver_desc"/>
    <bb_field field_name="treatmentRegimenVersionHistoryID" data_type="BIGINT" field_length="15" field_precision="0" descriptiontext="Treatment Regimen Version History ID" doubleclick_uri="" doubleclick="" uppercaseonly="0" field_xref="" field_name_physical="trt_rgmn_ver_hist_id"/>
    <bb_field field_name="treatmentSuppCareCriteriaType" data_type="VARCHAR" field_length="10" field_precision="0" descriptiontext="Treatment Supportive Care Criteria Type" doubleclick_uri="" doubleclick="" uppercaseonly="0" field_xref="" field_name_physical="trt_sc_crit_typ_id"/>
    <bb_field field_name="treatmentSuppCareCriteriaValue" data_type="VARCHAR" field_length="300" field_precision="0" descriptiontext="Treatment Supportive Care Criteria Value" doubleclick_uri="" doubleclick="" uppercaseonly="0" field_xref="" field_name_physical="trt_sc_crit_val"/>
    <bb_field field_name="treatmentSuppCareProcedureDesc" data_type="VARCHAR" field_length="300" field_precision="0" descriptiontext="Treatment Supportive Care Procedure Description" doubleclick_uri="" doubleclick="" uppercaseonly="0" field_xref="" field_name_physical="trt_sc_proc_desc"/>
    <bb_field field_name="treatmentSuppCareProcedureID" data_type="INTEGER" field_length="11" field_precision="0" descriptiontext="Treatment Supportive Care Procedure ID" doubleclick_uri="" doubleclick="" uppercaseonly="0" field_xref="" field_name_physical="trt_sc_proc_id"/>
    <bb_field field_name="treatmentSuppCareType" data_type="VARCHAR" field_length="10" field_precision="0" descriptiontext="Treatment Supportive Care Type" doubleclick_uri="" doubleclick="" uppercaseonly="0" field_xref="" field_name_physical="trt_sc_typ_id"/>
    <bb_field field_name="comboTreatmentRegimenID" data_type="INTEGER" field_length="11" field_precision="0" descriptiontext="Combo Treatment Regimen ID" doubleclick_uri="" doubleclick="" uppercaseonly="0" field_xref="" field_name_physical="cmbo_trt_rgmn_id"/>
    <bb_field field_name="childTreatmentRegimenID" data_type="INTEGER" field_length="11" field_precision="0" descriptiontext="Child Treatment Regimen ID" doubleclick_uri="" doubleclick="" uppercaseonly="0" field_xref="" field_name_physical="chld_trt_rgmn_id"/>
    <bb_field field_name="regimenStartDate" data_type="DATE" field_length="10" field_precision="0" descriptiontext="Regimen Start Date" doubleclick_uri="" doubleclick="" uppercaseonly="0" field_xref="" field_name_physical="strt_dt"/>
    <bb_field field_name="regimenEndDate" data_type="DATE" field_length="10" field_precision="0" descriptiontext="Regimen End Date" doubleclick_uri="" doubleclick="" uppercaseonly="0" field_xref="" field_name_physical="end_dt"/>
    <bb_field field_name="regimenVersionStartDate" data_type="DATE" field_length="10" field_precision="0" descriptiontext="Regimen Version Start Date" doubleclick_uri="" doubleclick="" uppercaseonly="0" field_xref="" field_name_physical="strt_dt"/>
    <bb_field field_name="regimenVersionEndDate" data_type="DATE" field_length="10" field_precision="0" descriptiontext="Regimen Version End Date" doubleclick_uri="" doubleclick="" uppercaseonly="0" field_xref="" field_name_physical="end_dt"/>
    <bb_field field_name="ruleDescription" data_type="VARCHAR" field_length="100" field_precision="0" descriptiontext="Rule Description" doubleclick_uri="" doubleclick="" uppercaseonly="0" field_xref="" field_name_physical="rule_desc"/>
    <bb_field field_name="treatmentRegimenAprvStsType" data_type="VARCHAR" field_length="10" field_precision="0" descriptiontext="Regimen Approved Status ID" doubleclick_uri="" doubleclick="" uppercaseonly="0" field_xref="" field_name_physical="trt_quid_aprv_sts_typ_id"/>
    <bb_field field_name="approvedDateTime" data_type="TIMESTAMP" field_length="3" field_precision="0" descriptiontext="Approved Date/Time." doubleclick_uri="" doubleclick="" uppercaseonly="0" field_xref="" field_name_physical="aprv_dttm"/>
    <bb_field field_name="approvedByUserID" data_type="VARCHAR" field_length="64" field_precision="0" descriptiontext="Approved by User ID" doubleclick_uri="" doubleclick="" uppercaseonly="0" field_xref="" field_name_physical="aprv_by_user_id"/>
    <bb_field field_name="approvedText" data_type="VARCHAR" field_length="1000" field_precision="0" descriptiontext="Approved Notes" doubleclick_uri="" doubleclick="" uppercaseonly="0" field_xref="" field_name_physical="aprv_txt"/>
    <bb_field field_name="messageText" data_type="VARCHAR" field_length="3000" field_precision="0" descriptiontext="Default Return Message" doubleclick_uri="" doubleclick="" uppercaseonly="0" field_xref="" field_name_physical="msg_txt"/>
    <bb_field field_name="payer" data_type="VARCHAR" field_length="2" field_precision="0" descriptiontext="Payer" doubleclick_uri="" doubleclick="" uppercaseonly="0" field_xref="" field_name_physical="payer"/>
    <bb_field field_name="preferredPathway" data_type="VARCHAR" field_length="2" field_precision="0" descriptiontext="Preferred Pathway" doubleclick_uri="" doubleclick="" uppercaseonly="0" field_xref="" field_name_physical="pref_pathwy"/>
    <bb_field field_name="procedureCrosswalkID" data_type="INTEGER" field_length="11" field_precision="0" descriptiontext="Procedure Crosswalk ID" doubleclick_uri="" doubleclick="" uppercaseonly="0" field_xref="" field_name_physical="proc_crosswalk_id"/>
    <bb_field field_name="alternateProcedureCodeType" data_type="VARCHAR" field_length="2" field_precision="0" descriptiontext="Alternate Procedure Code Type" doubleclick_uri="" doubleclick="" uppercaseonly="0" field_xref="" field_name_physical="alt_proc_typ_id"/>
    <bb_field field_name="alternateProcedureCode" data_type="VARCHAR" field_length="15" field_precision="0" descriptiontext="Alternate Procedure Code" doubleclick_uri="" doubleclick="" uppercaseonly="0" field_xref="" field_name_physical="alt_proc_cd"/>
    <bb_field field_name="procedureBrandID" data_type="INTEGER" field_length="11" field_precision="0" descriptiontext="Procedure Brand ID" doubleclick_uri="" doubleclick="" uppercaseonly="0" field_xref="" field_name_physical="proc_brand_id"/>
    <bb_field field_name="procedureBenefitID" data_type="INTEGER" field_length="11" field_precision="0" descriptiontext="Procedure Benefit ID" doubleclick_uri="" doubleclick="" uppercaseonly="0" field_xref="" field_name_physical="proc_benefit_id"/>
    <bb_field field_name="originalProcedureBenefitID" data_type="INTEGER" field_length="11" field_precision="0" descriptiontext="Original Procedure Benefit ID" doubleclick_uri="" doubleclick="" uppercaseonly="0" field_xref="" field_name_physical="orig_proc_benefit_id"/>
    <bb_field field_name="procedureBrandName" data_type="VARCHAR" field_length="100" field_precision="0" descriptiontext="Procedure Brand Name" doubleclick_uri="" doubleclick="" uppercaseonly="0" field_xref="" field_name_physical="proc_brand_nm"/>
    <bb_field field_name="procedureGenericName" data_type="VARCHAR" field_length="100" field_precision="0" descriptiontext="Procedure Generic Name" doubleclick_uri="" doubleclick="" uppercaseonly="0" field_xref="" field_name_physical="proc_gen_nm"/>
    <bb_field field_name="procedureCategoryType" data_type="VARCHAR" field_length="2" field_precision="0" descriptiontext="Procedure Category Type" doubleclick_uri="" doubleclick="" uppercaseonly="0" field_xref="" field_name_physical="proc_cat_typ_id"/>
    <bb_field field_name="procedureCategoryTypeRefDesc" data_type="VARCHAR" field_length="300" field_precision="0" descriptiontext="Procedure Category Type Reference Description" doubleclick_uri="" doubleclick="" uppercaseonly="0" field_xref="" field_name_physical="proc_cat_typ_id"/>
    <bb_field field_name="procedureRequiredPharmacyID" data_type="INTEGER" field_length="11" field_precision="0" descriptiontext="Procedure Required Pharmacy ID" doubleclick_uri="" doubleclick="" uppercaseonly="0" field_xref="" field_name_physical="proc_req_pharm_id"/>
    <bb_field field_name="procedureShortDescription" data_type="VARCHAR" field_length="50" field_precision="0" descriptiontext="Procedure Short Description" doubleclick_uri="" doubleclick="" uppercaseonly="0" field_xref="" field_name_physical="proc_shrt_desc"/>
    <bb_field field_name="specialtyProcedureID" data_type="INTEGER" field_length="11" field_precision="0" descriptiontext="Specialty Procedure ID" doubleclick_uri="" doubleclick="" uppercaseonly="0" field_xref="" field_name_physical="spec_proc_id"/>
    <bb_field field_name="medicalBenefitInd" data_type="BOOLEAN" field_length="1" field_precision="0" descriptiontext="Medical Benefit Indicator" doubleclick_uri="" doubleclick="" uppercaseonly="0" field_xref="" field_name_physical="med_ben_ind"/>
    <bb_field field_name="pharmacyBenefitInd" data_type="BOOLEAN" field_length="1" field_precision="0" descriptiontext="Pharmacy Benefit Indicator" doubleclick_uri="" doubleclick="" uppercaseonly="0" field_xref="" field_name_physical="pharm_ben_ind"/>
    <bb_field field_name="soiApplInd" data_type="BOOLEAN" field_length="1" field_precision="0" descriptiontext="Indicator that UR requirements are applicable to member whose policy is issued within the area ." doubleclick_uri="" doubleclick="" uppercaseonly="0" field_xref="" field_name_physical="soi_appl_ind"/>
    <bb_field field_name="soiUrApplInd" data_type="BOOLEAN" field_length="1" field_precision="0" descriptiontext="Indicates that UR regulations are applicable for the policy issuance state." doubleclick_uri="" doubleclick="" uppercaseonly="0" field_xref="" field_name_physical="soi_ur_appl_ind"/>
    <bb_field field_name="sorApplInd" data_type="BOOLEAN" field_length="1" field_precision="0" descriptiontext="Indicator that UR requirements are applicable to member who resides in the area" doubleclick_uri="" doubleclick="" uppercaseonly="0" field_xref="" field_name_physical="sor_appl_ind"/>
    <bb_field field_name="exceptionIndicator" data_type="BOOLEAN" field_length="1" field_precision="0" descriptiontext="indicates that there are exceptions to UR jurisdiction application rules defined here. In another word, record exist in UR_JURDC_XCPT table." doubleclick_uri="" doubleclick="" uppercaseonly="0" field_xref="" field_name_physical="xcpt_ind"/>
    <bb_field field_name="productType" data_type="VARCHAR" field_length="4" field_precision="0" descriptiontext="The product code represents the type of delivery system under which health/managed care is provided.  Examples of products include Health Maintenance Organizations, Preferred Provider Organization, Point of Service, and Indemnity.  For government it would be beneficial to indicate if this is a Community or Institutional Product." doubleclick_uri="" doubleclick="" uppercaseonly="0" field_xref="" field_name_physical="prdct_typ_id"/>
    <bb_field field_name="procedureBrandDoseExceptionID" data_type="INTEGER" field_length="11" field_precision="0" descriptiontext="Procedure Brand Dose Exception ID" doubleclick_uri="" doubleclick="" uppercaseonly="0" field_xref="" field_name_physical="proc_brand_dose_xcpt_id"/>
    <bb_field field_name="diagnosisClassType" data_type="VARCHAR" field_length="10" field_precision="0" descriptiontext="Diagnosis Class Type" doubleclick_uri="" doubleclick="" uppercaseonly="0" field_xref="" field_name_physical="diagnosis_class_typ"/>
    <bb_field field_name="anticipatedStartDt" data_type="VARCHAR" field_length="10" field_precision="0" descriptiontext="Anticipated Start Date" doubleclick_uri="" doubleclick="" uppercaseonly="0" field_xref="" field_name_physical="anticipatedStartDt"/>
    <bb_field field_name="submittedDate" data_type="VARCHAR" field_length="10" field_precision="0" descriptiontext="Submitted Date" doubleclick_uri="" doubleclick="" uppercaseonly="0" field_xref="" field_name_physical="submittedDate"/>
    <bb_field field_name="appealEntity" data_type="VARCHAR" field_length="30" field_precision="0" descriptiontext="Appeal Enitity" doubleclick_uri="" doubleclick="" uppercaseonly="0" field_xref="" field_name_physical="appeal_entity"/>
    <bb_field field_name="appealAddress" data_type="VARCHAR" field_length="150" field_precision="0" descriptiontext="Appeal Address" doubleclick_uri="" doubleclick="" uppercaseonly="0" field_xref="" field_name_physical="appeal_addr"/>
    <bb_field field_name="appealTelephoneNumber" data_type="VARCHAR" field_length="20" field_precision="0" descriptiontext="Appeal Telephone Number" doubleclick_uri="" doubleclick="" uppercaseonly="0" field_xref="" field_name_physical="appeal_tel_nbr"/>
    <bb_field field_name="appealFax" data_type="VARCHAR" field_length="15" field_precision="0" descriptiontext="Appeal Fax" doubleclick_uri="" doubleclick="" uppercaseonly="0" field_xref="" field_name_physical="appeal_fax"/>
    <bb_field field_name="appealID" data_type="INTEGER" field_length="10" field_precision="0" descriptiontext="Appeal ID" doubleclick_uri="" doubleclick="" uppercaseonly="0" field_xref="" field_name_physical="appeal_id"/>
    <bb_field field_name="planLookupID" data_type="INTEGER" field_length="11" field_precision="0" descriptiontext="Plan Lookup ID" doubleclick_uri="" doubleclick="" uppercaseonly="0" field_xref="" field_name_physical="pln_lookup_id"/>
    <bb_field field_name="businessSectorID" data_type="VARCHAR" field_length="3" field_precision="0" descriptiontext="Business Sector ID" doubleclick_uri="" doubleclick="" uppercaseonly="0" field_xref="" field_name_physical="bus_sect_id"/>
    <bb_field field_name="carrierDescription" data_type="VARCHAR" field_length="150" field_precision="0" descriptiontext="Carrier Description" doubleclick_uri="" doubleclick="" uppercaseonly="0" field_xref="" field_name_physical="carr_desc"/>
    <bb_field field_name="businessLine" data_type="VARCHAR" field_length="150" field_precision="0" descriptiontext="Business Line" doubleclick_uri="" doubleclick="" uppercaseonly="0" field_xref="" field_name_physical="bus_line"/>
    <bb_field field_name="logoName" data_type="VARCHAR" field_length="100" field_precision="0" descriptiontext="Logo Name" doubleclick_uri="" doubleclick="" uppercaseonly="0" field_xref="" field_name_physical="logo_nm"/>
    <bb_field field_name="tagline" data_type="VARCHAR" field_length="250" field_precision="0" descriptiontext="Tagline" doubleclick_uri="" doubleclick="" uppercaseonly="0" field_xref="" field_name_physical="tag_line"/>
    <bb_field field_name="logo" data_type="VARCHAR" field_length="50" field_precision="0" descriptiontext="Logo" doubleclick_uri="" doubleclick="" uppercaseonly="0" field_xref="" field_name_physical="logo"/>
    <bb_field field_name="logo2" data_type="VARCHAR" field_length="50" field_precision="0" descriptiontext="Logo2" doubleclick_uri="" doubleclick="" uppercaseonly="0" field_xref="" field_name_physical="logo2"/>
    <bb_field field_name="himCommercialIndicator" data_type="VARCHAR" field_length="10" field_precision="0" descriptiontext="HIM/Commercial Indicator" doubleclick_uri="" doubleclick="" uppercaseonly="0" field_xref="" field_name_physical="him_commercial_ind"/>
    <bb_field field_name="planName1" data_type="VARCHAR" field_length="250" field_precision="0" descriptiontext="Plan Name 1" doubleclick_uri="" doubleclick="" uppercaseonly="0" field_xref="" field_name_physical="plan_nm_1"/>
    <bb_field field_name="planName2" data_type="VARCHAR" field_length="250" field_precision="0" descriptiontext="Plan Name 2" doubleclick_uri="" doubleclick="" uppercaseonly="0" field_xref="" field_name_physical="plan_nm_2"/>
    <bb_field field_name="planName3" data_type="VARCHAR" field_length="250" field_precision="0" descriptiontext="Plan Name 3" doubleclick_uri="" doubleclick="" uppercaseonly="0" field_xref="" field_name_physical="plan_nm_3"/>
    <bb_field field_name="carrierType" data_type="VARCHAR" field_length="2" field_precision="0" descriptiontext="Carrier Type" doubleclick_uri="" doubleclick="" uppercaseonly="0" field_xref="" field_name_physical="carr_typ"/>
    <bb_field field_name="initAppealTat" data_type="VARCHAR" field_length="3" field_precision="0" descriptiontext="Initial Appeal TAT" doubleclick_uri="" doubleclick="" uppercaseonly="0" field_xref="" field_name_physical="init_appeal_tat"/>
    <bb_field field_name="versionEndDate" data_type="DATE" field_length="10" field_precision="0" descriptiontext="Disease Traversal Version End Date" doubleclick_uri="" doubleclick="" uppercaseonly="0" field_xref="" field_name_physical=""/>
    <bb_field field_name="versionStartDate" data_type="DATE" field_length="10" field_precision="0" descriptiontext="Disease Traversal Version Start Date" doubleclick_uri="" doubleclick="" uppercaseonly="0" field_xref="" field_name_physical=""/>
    <bb_field field_name="versionStatusType" data_type="VARCHAR" field_length="2" field_precision="0" descriptiontext="Version Status Type" doubleclick_uri="" doubleclick="" uppercaseonly="0" field_xref="" field_name_physical="ver_sts_typ_id"/>
    <bb_field field_name="versionStatusSubType" data_type="VARCHAR" field_length="2" field_precision="0" descriptiontext="Version Status Sub Type" doubleclick_uri="" doubleclick="" uppercaseonly="0" field_xref="" field_name_physical="ver_sts_sub_typ_id"/>
    <bb_field field_name="carrierAccountTableID" data_type="INTEGER" field_length="11" field_precision="0" descriptiontext="Carrier Account Table ID" doubleclick_uri="" doubleclick="" uppercaseonly="0" field_xref="" field_name_physical="carrier_account_table_id"/>
    <bb_field field_name="accountID" data_type="INTEGER" field_length="9" field_precision="0" descriptiontext="The carrier account id" doubleclick_uri="" doubleclick="" uppercaseonly="0" field_xref="" field_name_physical="account_id"/>
    <bb_field field_name="pathwaysNationalAverageID" data_type="INTEGER" field_length="11" field_precision="0" descriptiontext="Pathways National Average ID " doubleclick_uri="" doubleclick="" uppercaseonly="0" field_xref="" field_name_physical="pathwys_nat_avg_id"/>
    <bb_field field_name="timePeriod" data_type="DATE" field_length="10" field_precision="0" descriptiontext="Time Period" doubleclick_uri="" doubleclick="" uppercaseonly="0" field_xref="" field_name_physical="tm_prd"/>
    <bb_field field_name="productCategoryCode" data_type="VARCHAR" field_length="3" field_precision="0" descriptiontext="Product Category Code" doubleclick_uri="" doubleclick="" uppercaseonly="0" field_xref="" field_name_physical="prdct_catgy_cd"/>
    <bb_field field_name="rewardEligible" data_type="BOOLEAN" field_length="1" field_precision="0" descriptiontext="Indicates whether provider is eligible for rewards." doubleclick_uri="" doubleclick="" uppercaseonly="0" field_xref="" field_name_physical="rwrd_elgbl"/>
    <bb_field field_name="onPathwaysSelectedCount" data_type="INTEGER" field_length="11" field_precision="0" descriptiontext="OnPathways Selected Count" doubleclick_uri="" doubleclick="" uppercaseonly="0" field_xref="" field_name_physical="on_pathwys_slctd_cnt"/>
    <bb_field field_name="onPathwaysShownCount" data_type="INTEGER" field_length="11" field_precision="0" descriptiontext="OnPathways Shown Count" doubleclick_uri="" doubleclick="" uppercaseonly="0" field_xref="" field_name_physical="on_pathwys_shwn_cnt"/>
    <bb_field field_name="providerGroupID" data_type="INTEGER" field_length="11" field_precision="0" descriptiontext="Provider Group ID" doubleclick_uri="" doubleclick="" uppercaseonly="0" field_xref="" field_name_physical="prov_grp_id"/>
    <bb_field field_name="providerGroupCode" data_type="VARCHAR" field_length="10" field_precision="0" descriptiontext="Provider Group Code" doubleclick_uri="" doubleclick="" uppercaseonly="0" field_xref="" field_name_physical="prov_grp_cd"/>
    <bb_field field_name="providerGroupTin" data_type="VARCHAR" field_length="10" field_precision="0" descriptiontext="Provider Group Tin" doubleclick_uri="" doubleclick="" uppercaseonly="0" field_xref="" field_name_physical="prov_grp_tin"/>
    <bb_field field_name="providerTinChild" data_type="VARCHAR" field_length="10" field_precision="0" descriptiontext="Provider Tin" doubleclick_uri="" doubleclick="" uppercaseonly="0" field_xref="" field_name_physical="prov_tin"/>
    <bb_field field_name="providerGroupRefName" data_type="VARCHAR" field_length="80" field_precision="0" descriptiontext="Provider Tin" doubleclick_uri="" doubleclick="" uppercaseonly="0" field_xref="" field_name_physical="prov_grp_ref_nm"/>
    <bb_field field_name="providerTIN" data_type="VARCHAR" field_length="10" field_precision="0" descriptiontext="Provider TIN" doubleclick_uri="" doubleclick="" uppercaseonly="0" field_xref="" field_name_physical="prov_tin"/>
    <bb_field field_name="rewardStartDate" data_type="DATE" field_length="10" field_precision="0" descriptiontext="Rewards Start Date" doubleclick_uri="" doubleclick="" uppercaseonly="0" field_xref="" field_name_physical="rwrd_strt_dt"/>
    <bb_field field_name="rewardEndDate" data_type="DATE" field_length="10" field_precision="0" descriptiontext="Rewards End Date" doubleclick_uri="" doubleclick="" uppercaseonly="0" field_xref="" field_name_physical="rwrd_end_dt"/>
    <bb_field field_name="rewardStatus" data_type="VARCHAR" field_length="3" field_precision="0" descriptiontext="Reward Status" doubleclick_uri="" doubleclick="" uppercaseonly="0" field_xref="" field_name_physical="rwrd_sts"/>
    <bb_field field_name="providerBusinessName" data_type="VARCHAR" field_length="80" field_precision="0" descriptiontext="Provider Business Name" doubleclick_uri="" doubleclick="" uppercaseonly="0" field_xref="" field_name_physical="prov_bus_nm"/>
    <bb_field field_name="providerFName" data_type="VARCHAR" field_length="64" field_precision="0" descriptiontext="Provider First Name" doubleclick_uri="" doubleclick="" uppercaseonly="0" field_xref="" field_name_physical="prov_fst_nm"/>
    <bb_field field_name="providerLName" data_type="VARCHAR" field_length="64" field_precision="0" descriptiontext="Provider Last Name" doubleclick_uri="" doubleclick="" uppercaseonly="0" field_xref="" field_name_physical="prov_lst_nm"/>
    <bb_field field_name="providerAddress" data_type="VARCHAR" field_length="64" field_precision="0" descriptiontext="Provider Address" doubleclick_uri="" doubleclick="" uppercaseonly="0" field_xref="" field_name_physical="prov_adr"/>
    <bb_field field_name="providerCityName" data_type="VARCHAR" field_length="30" field_precision="0" descriptiontext="Provider City Name" doubleclick_uri="" doubleclick="" uppercaseonly="0" field_xref="" field_name_physical="prov_cty_nm"/>
    <bb_field field_name="providerStateCode" data_type="VARCHAR" field_length="2" field_precision="0" descriptiontext="Provider State Code" doubleclick_uri="" doubleclick="" uppercaseonly="0" field_xref="" field_name_physical="prov_st_cd"/>
    <bb_field field_name="providerZipCode" data_type="VARCHAR" field_length="10" field_precision="0" descriptiontext="Provider Zip Code" doubleclick_uri="" doubleclick="" uppercaseonly="0" field_xref="" field_name_physical="prov_zip_cd"/>
    <bb_field field_name="attestationDateTime" data_type="TIMESTAMP" field_length="3" field_precision="0" descriptiontext="Attestation Date Time" doubleclick_uri="" doubleclick="" uppercaseonly="0" field_xref="" field_name_physical="attst_dttm"/>
    <bb_field field_name="onPathwaysSelectedPercent" data_type="VARCHAR" field_length="10" field_precision="0" descriptiontext="OnPathways Selected Percentage" doubleclick_uri="" doubleclick="" uppercaseonly="0" field_xref="" field_name_physical="on_pathwys_slctd_prcnt"/>
    <bb_field field_name="customerID" data_type="INTEGER" field_length="10" field_precision="0" descriptiontext="Customer ID" doubleclick_uri="" doubleclick="" uppercaseonly="0" field_xref="" field_name_physical="cust_id"/>
    <bb_field field_name="stateOfIssue" data_type="VARCHAR" field_length="2" field_precision="0" descriptiontext="2 digit state code" doubleclick_uri="" doubleclick="" uppercaseonly="1" field_xref="state" field_name_physical="stateOfIssue"/>
    <bb_field field_name="preferredProcedureID" data_type="INTEGER" field_length="11" field_precision="0" descriptiontext="Preferred Procedure ID" doubleclick_uri="" doubleclick="" uppercaseonly="0" field_xref="" field_name_physical="pref_proc_id"/>
    <bb_field field_name="preferredProcedureCode" data_type="VARCHAR" field_length="15" field_precision="0" descriptiontext="Preferred Procedure Code" doubleclick_uri="" doubleclick="" uppercaseonly="0" field_xref="" field_name_physical="pref_proc_cd"/>
    <bb_field field_name="preferredProcedureBrandID" data_type="INTEGER" field_length="10" field_precision="0" descriptiontext="Preferred Procedure Brand ID" doubleclick_uri="" doubleclick="" uppercaseonly="0" field_xref="" field_name_physical="pref_proc_brand_id"/>
    <bb_field field_name="preferredProcedureBrandName" data_type="VARCHAR" field_length="100" field_precision="0" descriptiontext="Preferred Procedure Brand Name" doubleclick_uri="" doubleclick="" uppercaseonly="0" field_xref="" field_name_physical="pref_proc_brand_nm"/>
    <bb_field field_name="preferredProcedureShortDesc" data_type="VARCHAR" field_length="50" field_precision="0" descriptiontext="Preferred Procedure Short Description" doubleclick_uri="" doubleclick="" uppercaseonly="0" field_xref="" field_name_physical="pref_proc_shrt_desc"/>
    <bb_field field_name="logID" data_type="BIGINT" field_length="16" field_precision="0" descriptiontext="Log ID of self-admin-drug report" doubleclick_uri="" doubleclick="" uppercaseonly="0" field_xref="" field_name_physical="log_id"/>
    <bb_field field_name="memberID" data_type="BIGINT" field_length="15" field_precision="0" descriptiontext="Member ID" doubleclick_uri="" doubleclick="" uppercaseonly="0" field_xref="" field_name_physical="mbr_id"/>
    <bb_field field_name="pageName" data_type="VARCHAR" field_length="50" field_precision="0" descriptiontext="Page Name" doubleclick_uri="" doubleclick="" uppercaseonly="0" field_xref="" field_name_physical="page_name"/>
    <bb_field field_name="authType" data_type="VARCHAR" field_length="50" field_precision="0" descriptiontext="Auth Type" doubleclick_uri="" doubleclick="" uppercaseonly="0" field_xref="" field_name_physical="auth_type"/>
    <bb_field field_name="procedureTypeID" data_type="VARCHAR" field_length="5" field_precision="0" descriptiontext="Procedure Type ID" doubleclick_uri="" doubleclick="" uppercaseonly="1" field_xref="" field_name_physical="proc_typ_id"/>
    <bb_field field_name="procedureCode" data_type="VARCHAR" field_length="15" field_precision="0" descriptiontext="Procedure Code" doubleclick_uri="/references.uhg" doubleclick="action=getProcedureCodeList" uppercaseonly="1" field_xref="" field_name_physical="proc_cd"/>
    <bb_field field_name="procedureDesc" data_type="VARCHAR" field_length="2048" field_precision="0" descriptiontext="Procedure Description" doubleclick_uri="" doubleclick="" uppercaseonly="0" field_xref="" field_name_physical="proc_desc"/>
    <bb_field field_name="selfAdminDrugIndicator" data_type="BOOLEAN" field_length="1" field_precision="0" descriptiontext="Self Admin Flag" doubleclick_uri="" doubleclick="" uppercaseonly="0" field_xref="" field_name_physical="self_admin_drug_ind"/>
    <bb_field field_name="selfAdminSelectedIndicator" data_type="BOOLEAN" field_length="1" field_precision="0" descriptiontext="Self Admin Question User Choice" doubleclick_uri="" doubleclick="" uppercaseonly="0" field_xref="" field_name_physical="self_admin_selected_ind"/>
    <bb_field field_name="createDateTime" data_type="TIMESTAMP" field_length="14" field_precision="0" descriptiontext="Create Date/Time - date/time stamp specifying corresponding record's original creation date {CCYYMMDDHH24MMSS}." doubleclick_uri="" doubleclick="" uppercaseonly="0" field_xref="" field_name_physical="creat_dttm"/>
    <bb_field field_name="createUserID" data_type="VARCHAR" field_length="64" field_precision="0" descriptiontext="Record created by user" doubleclick_uri="" doubleclick="" uppercaseonly="1" field_xref="" field_name_physical="creat_user_id"/>
    <bb_field field_name="changeDateTime" data_type="TIMESTAMP" field_length="14" field_precision="0" descriptiontext="Change Date/Time - date/time stamp specifying corresponding record's original creation date {CCYYMMDDHH24MMSS}." doubleclick_uri="" doubleclick="" uppercaseonly="1" field_xref="" field_name_physical="chg_dttm"/>
    <bb_field field_name="changeUserID" data_type="VARCHAR" field_length="64" field_precision="0" descriptiontext="Record Changed by user" doubleclick_uri="" doubleclick="" uppercaseonly="1" field_xref="" field_name_physical="chg_user_id"/>
    <bb_field field_name="maxFractions" data_type="INTEGER" field_length="4" field_precision="0" descriptiontext="Max Fractions" doubleclick_uri="" doubleclick="" uppercaseonly="0" field_xref="" field_name_physical="max_fraction"/>
    <bb_field field_name="techniqueTypeID" data_type="VARCHAR" field_length="1" field_precision="0" descriptiontext="Technique Type ID" doubleclick_uri="" doubleclick="" uppercaseonly="0" field_xref="" field_name_physical="tech_typ_id"/>
    <bb_field field_name="techniqueId" data_type="BIGINT" field_length="11" field_precision="0" descriptiontext="Technique ID" doubleclick_uri="" doubleclick="" uppercaseonly="0" field_xref="" field_name_physical="techniqueId"/>
    <bb_field field_name="subTechniqueVersionId" data_type="BIGINT" field_length="11" field_precision="0" descriptiontext="Sub Technique Version ID" doubleclick_uri="" doubleclick="" uppercaseonly="0" field_xref="" field_name_physical="subTechniqueVersionId"/>
    <bb_field field_name="techniqueVersionId" data_type="INTEGER" field_length="11" field_precision="0" descriptiontext="Technique Version ID" doubleclick_uri="" doubleclick="" uppercaseonly="0" field_xref="" field_name_physical="techniqueVersionId"/>
    <bb_field field_name="techniqueName" data_type="VARCHAR" field_length="300" field_precision="0" descriptiontext="Technique Name" doubleclick_uri="" doubleclick="" uppercaseonly="0" field_xref="" field_name_physical="techniqueName"/>
    <bb_field field_name="techniqueType" data_type="VARCHAR" field_length="300" field_precision="0" descriptiontext="Technique Type" doubleclick_uri="" doubleclick="" uppercaseonly="0" field_xref="" field_name_physical="techniqueType"/>
    <bb_field field_name="subTechniqueId" data_type="BIGINT" field_length="11" field_precision="0" descriptiontext="Sub Technique ID" doubleclick_uri="" doubleclick="" uppercaseonly="0" field_xref="" field_name_physical="subTechniqueId"/>
    <bb_field field_name="subTechniqueName" data_type="VARCHAR" field_length="300" field_precision="0" descriptiontext="Sub Technique Name" doubleclick_uri="" doubleclick="" uppercaseonly="0" field_xref="" field_name_physical="subTechniqueName"/>

    <!-- Fields regarding  Member policy Plan Profile Info for Therapy Authorization  -->
    <bb_field field_name="memberPolicyPlanProfileInfoID" data_type="BIGINT" field_length="15" field_precision="0" descriptiontext="member policy Plan Profile Info ID" doubleclick_uri="" doubleclick="" uppercaseonly="0" field_xref="" field_name_physical="mbr_pol_plan_prof_info_id"/>
    <bb_field field_name="policyNumber" data_type="VARCHAR" field_length="15" field_precision="0" descriptiontext="Member Coverage Policy Number " doubleclick_uri="" doubleclick="" uppercaseonly="0" field_xref="" field_name_physical="pol_nbr"/>
    <bb_field field_name="planVariationID" data_type="VARCHAR" field_length="4" field_precision="0" descriptiontext="Member Coverage Plan Variation Code" doubleclick_uri="" doubleclick="" uppercaseonly="0" field_xref="" field_name_physical="pln_var_id"/>
    <bb_field field_name="reportingCode" data_type="VARCHAR" field_length="4" field_precision="0" descriptiontext="Member  Coverage Reporting Code " doubleclick_uri="" doubleclick="" uppercaseonly="0" field_xref="" field_name_physical="rpt_cd"/>
    <bb_field field_name="legalEntityName" data_type="VARCHAR" field_length="100" field_precision="0" descriptiontext="Policy Plan Legal Entity Name" doubleclick_uri="" doubleclick="" uppercaseonly="0" field_xref="" field_name_physical="lgl_enty_nm"/>
    <bb_field field_name="legalEntityValue" data_type="VARCHAR" field_length="50" field_precision="0" descriptiontext="Policy Plan Legal Entity Value" doubleclick_uri="" doubleclick="" uppercaseonly="0" field_xref="" field_name_physical="lgl_enty_val"/>
    <bb_field field_name="organizationTypeCode" data_type="VARCHAR" field_length="50" field_precision="0" descriptiontext=" Policy Plan Organization Code" doubleclick_uri="" doubleclick="" uppercaseonly="0" field_xref="" field_name_physical="org_typ_cd"/>
    <bb_field field_name="erisaName" data_type="VARCHAR" field_length="50" field_precision="0" descriptiontext="Indicates that the coverage is subject to ERISA regulations" doubleclick_uri="" doubleclick="" uppercaseonly="0" field_xref="" field_name_physical="erisa_nm"/>
    <bb_field field_name="lastPlanProfileCheckDateTime" data_type="DATE" field_length="15" field_precision="0" descriptiontext="Last Plan Profile check Date Time" doubleclick_uri="" doubleclick="" uppercaseonly="0" field_xref="" field_name_physical="lst_plan_prof_chk_dttm"/>

    <bb_field field_name="overrideID" data_type="BIGINT" field_length="20" field_precision="0" descriptiontext="Override ID" doubleclick_uri="" doubleclick="" uppercaseonly="0" field_xref="" field_name_physical="ovrd_id"/>
    <bb_field field_name="overrideTypeID" data_type="VARCHAR" field_length="3" field_precision="0" descriptiontext="Override Type ID" doubleclick_uri="" doubleclick="" uppercaseonly="0" field_xref="" field_name_physical="ovrd_typ_id"/>
    <bb_field field_name="overrideReasonCode" data_type="VARCHAR" field_length="2" field_precision="0" descriptiontext="Override Reason Code" doubleclick_uri="" doubleclick="" uppercaseonly="0" field_xref="" field_name_physical="ovrd_rsn_cd"/>
    <bb_field field_name="overrideDescription" data_type="VARCHAR" field_length="250" field_precision="0" descriptiontext="Override Description" doubleclick_uri="" doubleclick="" uppercaseonly="0" field_xref="" field_name_physical="ovrd_desc"/>
    <!-- Fields regarding  Clinical MileStones Table -->
    <bb_field field_name="clinicalMilestoneID" data_type="BIGINT" field_length="20" field_precision="0" descriptiontext="Clinical Milestone ID" doubleclick_uri="" doubleclick="" uppercaseonly="0" field_xref="" field_name_physical="clin_milstn_id"/>
    <bb_field field_name="milestoneType" data_type="VARCHAR" field_length="40" field_precision="0" descriptiontext="Milestone Type" doubleclick_uri="" doubleclick="" uppercaseonly="0" field_xref="" field_name_physical="milstn_typ"/>
    <bb_field field_name="milestoneTypeValue" data_type="VARCHAR" field_length="10" field_precision="0" descriptiontext="Milestone Type Value" doubleclick_uri="" doubleclick="" uppercaseonly="0" field_xref="" field_name_physical="milstn_typ_val"/>
    <bb_field field_name="coreMilestoneIndicator" data_type="VARCHAR" field_length="1" field_precision="0" descriptiontext="Core Milestone Indicator" doubleclick_uri="" doubleclick="" uppercaseonly="0" field_xref="" field_name_physical="core_milstn_ind"/>
    <bb_field field_name="surgeryTypeInfo" data_type="VARCHAR" field_length="40" field_precision="0" descriptiontext="Surgery Type Info" doubleclick_uri="" doubleclick="" uppercaseonly="0" field_xref="" field_name_physical="surg_typ_info"/>
    <bb_field field_name="sequenceNumber" data_type="SMALLINT" field_length="2" field_precision="0" descriptiontext="Sequence Number" doubleclick_uri="" doubleclick="" uppercaseonly="0" field_xref="" field_name_physical="seq_nbr"/>
    <bb_field field_name="allowedWeekCount" data_type="INTEGER" field_length="11" field_precision="0" descriptiontext="Allowed Week Count" doubleclick_uri="" doubleclick="" uppercaseonly="0" field_xref="" field_name_physical="alwd_week_ct"/>
    <bb_field field_name="allowedVisitCount" data_type="INTEGER" field_length="11" field_precision="0" descriptiontext="Allowed Visit Count" doubleclick_uri="" doubleclick="" uppercaseonly="0" field_xref="" field_name_physical="alwd_visit_ct"/>
    <bb_field field_name="actvIndicator"  data_type="VARCHAR" field_length="1" field_precision="0" descriptiontext="Active Indicator" doubleclick_uri="" doubleclick="" uppercaseonly="0" field_xref="" field_name_physical="actv_ind"/>
    <bb_field field_name="productID" data_type="VARCHAR" field_length="20" field_precision="0" descriptiontext="Product ID" doubleclick_uri="" doubleclick="" uppercaseonly="0" field_xref="" field_name_physical="prdct_id"/>

    <bb_field field_name="clinicalResponseCategoryID" data_type="BIGINT" field_length="19" field_precision="0" descriptiontext="clinical Response Category ID" doubleclick_uri="" doubleclick="" uppercaseonly="0" field_xref="" field_name_physical="clin_resp_catgy_id"/>
    <bb_field field_name="clinicalResponseCategoryCode" data_type="VARCHAR" field_length="512" field_precision="0" descriptiontext="clinical Response Category Code" doubleclick_uri="" doubleclick="" uppercaseonly="0" field_xref="" field_name_physical="clin_resp_catgy_cd"/>
    <bb_field field_name="clinicalResponseCategoryDesc" data_type="VARCHAR" field_length="512" field_precision="0" descriptiontext="clinical Response Category Desc" doubleclick_uri="" doubleclick="" uppercaseonly="0" field_xref="" field_name_physical="clin_resp_catgy_desc"/>
    <bb_field field_name="customerID" data_type="INTEGER" field_length="10" field_precision="0" descriptiontext="customerID" doubleclick_uri="" doubleclick="" uppercaseonly="0" field_xref="" field_name_physical="cust_id"/>
    <bb_field field_name="productTypeCode" data_type="VARCHAR" field_length="50" field_precision="0" descriptiontext="Product Type Code" doubleclick_uri="" doubleclick="" uppercaseonly="0" field_xref="" field_name_physical="prdct_typ_cd"/>
    <bb_field field_name="clinicalRespActiveInd" data_type="SMALLINT" field_length="5" field_precision="0" descriptiontext="Active Indicator" doubleclick_uri="" doubleclick="" uppercaseonly="0" field_xref="" field_name_physical="actv_ind"/>
    <bb_field field_name="decisionOutcomeTypeId" data_type="VARCHAR" field_length="1" field_precision="0" descriptiontext="Decision Outcome Type Id" doubleclick_uri="" doubleclick="" uppercaseonly="0" field_xref="" field_name_physical="decn_otcome_typ_id"/>
    <bb_field field_name="decisionReasonTypeId" data_type="VARCHAR" field_length="3" field_precision="0" descriptiontext="Decision Reason Type Id" doubleclick_uri="" doubleclick="" uppercaseonly="0" field_xref="" field_name_physical="decn_rsn_typ_id"/>
    <bb_field field_name="decisionSubTypeId" data_type="VARCHAR" field_length="2" field_precision="0" descriptiontext="Decision Sub Type Id" doubleclick_uri="" doubleclick="" uppercaseonly="0" field_xref="" field_name_physical="decn_sub_typ_id"/>

    <bb_field field_name="decisionOutcomeTypeId" data_type="VARCHAR" field_length="1" field_precision="0" descriptiontext="Decision Outcome Type Id" doubleclick_uri="" doubleclick="" uppercaseonly="0" field_xref="" field_name_physical="decn_otcome_typ_id"/>
    <bb_field field_name="decisionReasonTypeId" data_type="VARCHAR" field_length="3" field_precision="0" descriptiontext="Decision Reason Type Id" doubleclick_uri="" doubleclick="" uppercaseonly="0" field_xref="" field_name_physical="decn_rsn_typ_id"/>
    <bb_field field_name="decisionSubTypeId" data_type="VARCHAR" field_length="2" field_precision="0" descriptiontext="Decision Sub Type Id" doubleclick_uri="" doubleclick="" uppercaseonly="0" field_xref="" field_name_physical="decn_sub_typ_id"/>
    <bb_field field_name="authNtfDecisionReason" data_type="VARCHAR" field_length="10" field_precision="0" descriptiontext="Auth NTF Decision Reason" doubleclick_uri="" doubleclick="" uppercaseonly="0" field_xref="" field_name_physical="authntf_decn_rsn"/>
    <bb_field field_name="authNtfDecisionOutcome" data_type="VARCHAR" field_length="10" field_precision="0" descriptiontext="Auth NTF Decision Outcome" doubleclick_uri="" doubleclick="" uppercaseonly="0" field_xref="" field_name_physical="authntf_decn_otcome"/>

    <bb_field field_name="clinicalResponseCatgyProvLtrID" data_type="BIGINT" field_length="19" field_precision="0" descriptiontext="clinical Response Category Provider Letter ID" doubleclick_uri="" doubleclick="" uppercaseonly="0" field_xref="" field_name_physical="clin_resp_catgy_prov_ltr_id"/>
    <bb_field field_name="clinicalResponseAtrTypeCode" data_type="VARCHAR" field_length="512" field_precision="0" descriptiontext="clinical Response Attribute TypeCode" doubleclick_uri="" doubleclick="" uppercaseonly="0" field_xref="" field_name_physical="clin_resp_atr_typ_cd"/>
    <bb_field field_name="clinicalResponseAtrValue" data_type="VARCHAR" field_length="512" field_precision="0" descriptiontext="clinical Response Attribute Value" doubleclick_uri="" doubleclick="" uppercaseonly="0" field_xref="" field_name_physical="clin_resp_atr_val"/>
    <bb_field field_name="clinicalResponseCatgyMemLtrID" data_type="BIGINT" field_length="19" field_precision="0" descriptiontext="clinical Response Category Member Letter ID" doubleclick_uri="" doubleclick="" uppercaseonly="0" field_xref="" field_name_physical="clin_resp_catgy_ltr_id"/>
    <bb_field field_name="clinicalResponsePrimaryId" data_type="SMALLINT" field_length="5" field_precision="0" descriptiontext="Clinical Response Primary ID" doubleclick_uri="" doubleclick="" uppercaseonly="0" field_xref="" field_name_physical="clin_resp_pri_id"/>
    <bb_field field_name="clinicalResponsePrimaryDesc" data_type="VARCHAR" field_length="128" field_precision="0" descriptiontext="Clinical Response Primary Description" doubleclick_uri="" doubleclick="" uppercaseonly="0" field_xref="" field_name_physical="clin_resp_pri_desc"/>
    <bb_field field_name="nonparIndicator" data_type="VARCHAR" field_length="1" field_precision="0" descriptiontext="nonpar Indicator" doubleclick_uri="" doubleclick="" uppercaseonly="0" field_xref="" field_name_physical="nonpar_ind"/>
    <bb_field field_name="typeOfService" data_type="VARCHAR" field_length="50" field_precision="0" descriptiontext="TypeOf Service" doubleclick_uri="" doubleclick="" uppercaseonly="0" field_xref="" field_name_physical="typ_of_srvc"/>
    <bb_field field_name="respSeqNumber" data_type="DECIMAL" field_length="5" field_precision="2" descriptiontext="Sequence Number" doubleclick_uri="" doubleclick="" uppercaseonly="0" field_xref="" field_name_physical="seq_nbr"/>
    <bb_field field_name="elevatedPrivilegeIndicator" data_type="VARCHAR" field_length="1" field_precision="0" descriptiontext="Elevated Privilege Indicator" doubleclick_uri="" doubleclick="" uppercaseonly="0" field_xref="" field_name_physical="elev_priv_ind"/>
    <bb_field field_name="clinicalPrimaryCodeType" data_type="VARCHAR" field_length="50" field_precision="0" descriptiontext="Clinical Primary Code Type" doubleclick_uri="" doubleclick="" uppercaseonly="0" field_xref="" field_name_physical="clin_pri_cd_typ"/>
    <bb_field field_name="clinicalResPrmryLtrDescId" data_type="SMALLINT" field_length="5" field_precision="0" descriptiontext="clinical Response Primary Letter Description Id" doubleclick_uri="" doubleclick="" uppercaseonly="0" field_xref="" field_name_physical="clin_resp_pri_ltr_desc_id"/>
    <bb_field field_name="lobTypeId" data_type="VARCHAR" field_length="19" field_precision="20" descriptiontext="Line of Business Type ID" doubleclick_uri="" doubleclick="" uppercaseonly="0" field_xref="" field_name_physical="lob_typ_id"/>
    <bb_field field_name="providerDescription" data_type="VARCHAR" field_length="2048" field_precision="0" descriptiontext="provider Description" doubleclick_uri="" doubleclick="" uppercaseonly="0" field_xref="" field_name_physical="prov_desc"/>
    <bb_field field_name="memberDescription" data_type="VARCHAR" field_length="2048" field_precision="0" descriptiontext="Member Description" doubleclick_uri="" doubleclick="" uppercaseonly="0" field_xref="" field_name_physical="mbr_desc"/>
    <bb_field field_name="clinicalResponseSecondaryId" data_type="SMALLINT" field_length="5" field_precision="0" descriptiontext="Clinical Response Secondary Id" doubleclick_uri="" doubleclick="" uppercaseonly="0" field_xref="" field_name_physical="clin_resp_sec_id"/>
    <bb_field field_name="clinicalResponseSecondaryDesc" data_type="VARCHAR" field_length="128" field_precision="0" descriptiontext="Clinical Response Secondary Description" doubleclick_uri="" doubleclick="" uppercaseonly="0" field_xref="" field_name_physical="clin_resp_sec_desc"/>
    <bb_field field_name="clinicalResScndryLtrDescId" data_type="SMALLINT" field_length="5" field_precision="0" descriptiontext="Clinical Response Secondary Letter Description Id Sequence Number" doubleclick_uri="" doubleclick="" uppercaseonly="0" field_xref="" field_name_physical="clin_resp_sec_ltr_desc_id"/>

    <bb_field field_name="questionnaireId" data_type="INTEGER" field_length="11" field_precision="0" descriptiontext="Questionnaire Id" doubleclick_uri="" doubleclick="" uppercaseonly="0" field_xref="" field_name_physical="quest_id"/>
    <bb_field field_name="symptomStartDate" data_type="VARCHAR" field_length="11" field_precision="0" descriptiontext="Date symptoms started" doubleclick_uri="" doubleclick="" uppercaseonly="0" field_xref="" field_name_physical="symp_strt_dt"/>
    <bb_field field_name="symptomDescription" data_type="VARCHAR" field_length="250" field_precision="0" descriptiontext="Description of Symptoms" doubleclick_uri="" doubleclick="" uppercaseonly="0" field_xref="" field_name_physical="symp_desc"/>
    <bb_field field_name="symptomStartDescription" data_type="VARCHAR" field_length="250" field_precision="0" descriptiontext="Description of starting Symptoms" doubleclick_uri="" doubleclick="" uppercaseonly="0" field_xref="" field_name_physical="symp_strt_desc"/>
    <bb_field field_name="painInTheLastDay" data_type="INTEGER" field_length="2" field_precision="0" descriptiontext="Zero to Ten value for pain in the last day" doubleclick_uri="" doubleclick="" uppercaseonly="0" field_xref="" field_name_physical="pain_last_day"/>
    <bb_field field_name="painInTheLastWeek" data_type="INTEGER" field_length="2" field_precision="0" descriptiontext="Zero to Ten value for pain in the last week" doubleclick_uri="" doubleclick="" uppercaseonly="0" field_xref="" field_name_physical="pain_last_week"/>
    <bb_field field_name="symptomFrequency" data_type="VARCHAR" field_length="10" field_precision="0" descriptiontext="Numeric representation of symptom frequency" doubleclick_uri="" doubleclick="" uppercaseonly="0" field_xref="" field_name_physical="symp_freq_typ_id"/>
    <bb_field field_name="symptomDayToDayActivity" data_type="VARCHAR" field_length="10" field_precision="0" descriptiontext="Numeric representation of symptom impact on day to day activity" doubleclick_uri="" doubleclick="" uppercaseonly="0" field_xref="" field_name_physical="symp_day_act_typ_id"/>
    <bb_field field_name="conditionProgress" data_type="VARCHAR" field_length="10" field_precision="0" descriptiontext="Numeric representation of condition progression" doubleclick_uri="" doubleclick="" uppercaseonly="0" field_xref="" field_name_physical="cond_prog_typ_id"/>
    <bb_field field_name="overallHealth" data_type="VARCHAR" field_length="10" field_precision="0" descriptiontext="Numeric representation of overall health" doubleclick_uri="" doubleclick="" uppercaseonly="0" field_xref="" field_name_physical="ovrl_hlth_typ_id"/>
    <bb_field field_name="completionDate" data_type="VARCHAR" field_length="11" field_precision="0" descriptiontext="Date questionnarie was completed" doubleclick_uri="" doubleclick="" uppercaseonly="0" field_xref="" field_name_physical="comp_dt"/>
    <bb_field field_name="completionPossibleIndicator" data_type="BOOLEAN" field_length="1" field_precision="0" descriptiontext="Indicates whether patient is able to complete the form" doubleclick_uri="" doubleclick="" uppercaseonly="0" field_xref="" field_name_physical="cmplt_psbl_ind"/>

    <bb_field field_name="antiemeticCategoryUseType" data_type="INTEGER" field_length="10" field_precision="0" descriptiontext="Antiemetic Category Use Type" doubleclick_uri="" doubleclick="" uppercaseonly="0" field_xref="" field_name_physical="antiemetic_cat_use_typ"/>

    <bb_field field_name="hscOutboundID" data_type="BIGINT" field_length="19" field_precision="0" descriptiontext="Hsc outbound id" doubleclick_uri="" doubleclick="" uppercaseonly="0" field_xref="" field_name_physical="hsc_outbound_id"/>
    <bb_field field_name="transactionID" data_type="BIGINT" field_length="19" field_precision="0" descriptiontext="Transaction id" doubleclick_uri="" doubleclick="" uppercaseonly="0" field_xref="" field_name_physical="transaction_id"/>
    <bb_field field_name="outboundSystemTypeID" data_type="VARCHAR" field_length="10" field_precision="0" descriptiontext="Outbound system type id" doubleclick_uri="" doubleclick="" uppercaseonly="0" field_xref="" field_name_physical="outbound_sys_typ_id"/>
    <bb_field field_name="statusTypeID" data_type="VARCHAR" field_length="10" field_precision="0" descriptiontext="Status type id" doubleclick_uri="" doubleclick="" uppercaseonly="0" field_xref="" field_name_physical="status_typ_id"/>
    <bb_field field_name="statusReasonTypeID" data_type="VARCHAR" field_length="10" field_precision="0" descriptiontext="Status reason type id" doubleclick_uri="" doubleclick="" uppercaseonly="0" field_xref="" field_name_physical="status_rsn_typ_id"/>
    <bb_field field_name="maxProcSingle" data_type="INTEGER" field_length="1" field_precision="0" descriptiontext="maximum proc code allowed for a single technique" doubleclick_uri="" doubleclick="" uppercaseonly="0" field_xref="" field_name_physical="max_proc_sngl"/>
    <bb_field field_name="maxProcCombo" data_type="INTEGER" field_length="1" field_precision="0" descriptiontext="max proc code allowed for a combo technique" doubleclick_uri="" doubleclick="" uppercaseonly="0" field_xref="" field_name_physical="max_proc_cmbo"/>
</bb_fieldsList>
