<?xml version="1.0" encoding="UTF-8"?>
<bb_indicesList>
    <bb_index index_name="cstm_trt_proc_ak_idx1" sort="1" table_name="cstm_trt_proc" field_name="procedureCode" order_by="ASC" unique_indicator="1" function="" num_partitions="0"/>
    <bb_index index_name="cstm_trt_proc_ak_idx1" sort="2" table_name="cstm_trt_proc" field_name="procedureCodeType" order_by="ASC" unique_indicator="1" function="" num_partitions="0"/>
    <bb_index index_name="cstm_trt_proc_ak_idx1" sort="3" table_name="cstm_trt_proc" field_name="customTreatmentApprovalType" order_by="ASC" unique_indicator="1" function="" num_partitions="0"/>
    <bb_index index_name="cstm_trt_proc_ak_idx1" sort="4" table_name="cstm_trt_proc" field_name="startDate" order_by="ASC" unique_indicator="1" function="" num_partitions="0"/>
    <bb_index index_name="dses_trvrs_typ_idx1" sort="1" table_name="dses_trvrs" field_name="diseaseType" order_by="ASC" unique_indicator="0" function="" num_partitions="0"/>
    <bb_index index_name="dses_trvrs_idx2" sort="1" table_name="dses_trvrs" field_name="diseaseType" order_by="ASC" unique_indicator="0" function="" num_partitions="0"/>
    <bb_index index_name="dses_trvrs_idx2" sort="2" table_name="dses_trvrs" field_name="diseaseTraversalClinVarKey" order_by="ASC" unique_indicator="0" function="" num_partitions="0"/>
    <bb_index index_name="dses_trvrs_clin_var_idx1" sort="1" table_name="dses_trvrs_clin_var" field_name="diseaseType" order_by="ASC" unique_indicator="0" function="" num_partitions="0"/>
    <bb_index index_name="dses_trvrs_clin_var_idx1" sort="2" table_name="dses_trvrs_clin_var" field_name="clinicalVariableType" order_by="ASC" unique_indicator="0" function="" num_partitions="0"/>
    <bb_index index_name="dses_trvrs_clin_var_idx1" sort="3" table_name="dses_trvrs_clin_var" field_name="clinicalVariableValue" order_by="ASC" unique_indicator="0" function="" num_partitions="0"/>
    <bb_index index_name="proc_crosswalk_idx1" sort="1" table_name="proc_crosswalk" field_name="procedureCode" order_by="ASC" unique_indicator="0" function="" num_partitions="0"/>
    <bb_index index_name="proc_crosswalk_idx1" sort="2" table_name="proc_crosswalk" field_name="procedureCodeType" order_by="ASC" unique_indicator="0" function="" num_partitions="0"/>
    <bb_index index_name="proc_crosswalk_idx2" sort="1" table_name="proc_crosswalk" field_name="alternateProcedureCode" order_by="ASC" unique_indicator="0" function="" num_partitions="0"/>
    <bb_index index_name="proc_crosswalk_idx2" sort="2" table_name="proc_crosswalk" field_name="alternateProcedureCodeType" order_by="ASC" unique_indicator="0" function="" num_partitions="0"/>
    <bb_index index_name="proc_brand_idx1" sort="1" table_name="proc_brand" field_name="procedureCode" order_by="ASC" unique_indicator="0" function="" num_partitions="0"/>
    <bb_index index_name="proc_brand_idx1" sort="2" table_name="proc_brand" field_name="procedureCodeType" order_by="ASC" unique_indicator="0" function="" num_partitions="0"/>
    <bb_index index_name="proc_req_pharm_idx1" sort="1" table_name="proc_req_pharm" field_name="procedureCode" order_by="ASC" unique_indicator="0" function="" num_partitions="0"/>
    <bb_index index_name="proc_req_pharm_idx1" sort="2" table_name="proc_req_pharm" field_name="procedureCodeType" order_by="ASC" unique_indicator="0" function="" num_partitions="0"/>
</bb_indicesList>