<?xml version="1.0" encoding="UTF-8"?>
<bb_tablesList>
    <bb_table table_name="dses_trvrs" descriptiontext="Disease Traversal" voclass="com.optum.app.shared.diseaseTraversal.data.DiseaseTraversalVO" daoclass="com.optum.app.shared.diseaseTraversal.dao.DiseaseTraversalDAO" daoclassimpl="com.optum.app.shared.diseaseTraversal.dao.impl.DiseaseTraversalDAOImpl" auditnotestable="" view_indicator="0" distinct_indicator="0" virtual_indicator="0" under_construction="0" secured="0" logHistory="0" num_pk_index_partitions="0" pk_partitioned_index_name="" db_category="MbmDatasource" translatable="0"/>
    <bb_table table_name="dses_trvrs_asmt_var" descriptiontext="Disease Traversal Assessment Variable" voclass="com.optum.app.shared.diseaseTraversal.data.DiseaseTraversalAssessmentVariableVO" daoclass="" daoclassimpl="" auditnotestable="" view_indicator="0" distinct_indicator="0" virtual_indicator="0" under_construction="0" secured="0" logHistory="0" num_pk_index_partitions="0" pk_partitioned_index_name="" db_category="MbmDatasource" translatable="0"/>
    <bb_table table_name="dses_trvrs_clin_var" descriptiontext="Disease Traversal Clinical Variable" voclass="com.optum.app.shared.diseaseTraversal.data.DiseaseTraversalClinicalVariableVO" daoclass="" daoclassimpl="" auditnotestable="" view_indicator="0" distinct_indicator="0" virtual_indicator="0" under_construction="0" secured="0" logHistory="0" num_pk_index_partitions="0" pk_partitioned_index_name="" db_category="MbmDatasource" translatable="0"/>
    <bb_table table_name="dses_trvs_pyr_pthwy" descriptiontext="Disease Traversal Treatment Regimen Payer and Pathway" voclass="com.optum.app.shared.diseaseTraversal.data.DiseaseTraversalPayerPathwayVO" daoclass="com.optum.app.shared.diseaseTraversal.dao.DiseaseTraversalPayerPathwayDAO" daoclassimpl="com.optum.app.shared.diseaseTraversal.dao.impl.DiseaseTraversalPayerPathwayDAOImpl" auditnotestable="" view_indicator="0" distinct_indicator="0" virtual_indicator="0" under_construction="0" secured="0" logHistory="0" num_pk_index_partitions="0" pk_partitioned_index_name="" db_category="MbmDatasource" translatable="0"/>
    <bb_table table_name="dses_trvrs_trt_rgmn" descriptiontext="Disease Traversal Treatment Regimen" voclass="com.optum.app.shared.diseaseTraversal.data.DiseaseTraversalTreatmentRegimenVO" daoclass="com.optum.app.shared.diseaseTraversal.dao.DiseaseTraversalTreatmentRegimenDAO" daoclassimpl="com.optum.app.shared.diseaseTraversal.dao.impl.DiseaseTraversalTreatmentRegimenDAOImpl" auditnotestable="" view_indicator="0" distinct_indicator="0" virtual_indicator="0" under_construction="0" secured="0" logHistory="0" num_pk_index_partitions="0" pk_partitioned_index_name="" db_category="MbmDatasource" translatable="0"/>
    <bb_table table_name="dses_trvrs_ver" descriptiontext="Disease Traversal Version" voclass="com.optum.app.shared.diseaseTraversal.data.DiseaseTraversalVersionVO" daoclass="" daoclassimpl="" auditnotestable="" view_indicator="0" distinct_indicator="0" virtual_indicator="0" under_construction="0" secured="0" logHistory="0" num_pk_index_partitions="0" pk_partitioned_index_name="" db_category="MbmDatasource" translatable="0"/>
    <bb_table table_name="diseaseTraversalVersionView" descriptiontext="Disease Traversal Version View" voclass="com.optum.app.shared.diseaseTraversal.data.DiseaseTraversalVersionViewVO" daoclass="" daoclassimpl="" auditnotestable="" view_indicator="1" distinct_indicator="0" virtual_indicator="0" under_construction="0" secured="0" logHistory="0" num_pk_index_partitions="0" pk_partitioned_index_name="" db_category="MbmDatasource" translatable="0"/>
    <bb_table table_name="drugManagerView" descriptiontext="View used for the Drug Manager search functionality" voclass="com.optum.app.shared.drugManager.data.DrugManagerViewVO" daoclass="" daoclassimpl="" auditnotestable="" view_indicator="1" distinct_indicator="0" virtual_indicator="0" under_construction="0" secured="0" logHistory="0" num_pk_index_partitions="0" pk_partitioned_index_name="" db_category="MbmDatasource" translatable="0"/>
    <bb_table table_name="drugView" descriptiontext="View used for the Drug Manager search functionality" voclass="com.optum.app.shared.drugManager.data.DrugViewVO" daoclass="" daoclassimpl="" auditnotestable="" view_indicator="1" distinct_indicator="0" virtual_indicator="0" under_construction="0" secured="0" logHistory="0" num_pk_index_partitions="0" pk_partitioned_index_name="" db_category="MbmDatasource" translatable="0"/>
    <bb_table table_name="cns_pop_deriv" descriptiontext="Defines rules for TAT Calculation" voclass="com.optum.app.shared.tat.data.CNSPopulationDerivedVO" daoclass="" daoclassimpl="" auditnotestable="" view_indicator="0" distinct_indicator="0" virtual_indicator="0" under_construction="0" secured="0" logHistory="0" num_pk_index_partitions="0" pk_partitioned_index_name="" db_category="MbmDatasource" translatable="0"/>
    <bb_table table_name="mbr_proc_xcpt" descriptiontext="member procedure exceptions table" voclass="com.optum.app.shared.diseaseTraversal.data.MemberProcedureExceptionVO" daoclass="" daoclassimpl="" auditnotestable="" view_indicator="0" distinct_indicator="0" virtual_indicator="0" under_construction="0" secured="0" logHistory="0" num_pk_index_partitions="0" pk_partitioned_index_name="" db_category="" translatable="0"/>
    <bb_table table_name="new_proc" descriptiontext="New Procedure" voclass="com.optum.app.shared.supportive.data.NewProcedureVO" daoclass="" daoclassimpl="" auditnotestable="" view_indicator="0" distinct_indicator="0" virtual_indicator="0" under_construction="0" secured="0" logHistory="0" num_pk_index_partitions="0" pk_partitioned_index_name="" db_category="MbmDatasource" translatable="0"/>
    <bb_table table_name="newProcView" descriptiontext="New Procedure View" voclass="com.optum.app.shared.supportive.data.NewProcedureViewVO" daoclass="" daoclassimpl="" auditnotestable="" view_indicator="0" distinct_indicator="0" virtual_indicator="1" under_construction="0" secured="0" logHistory="0" num_pk_index_partitions="0" pk_partitioned_index_name="" db_category="MbmDatasource" translatable="0"/>
    <bb_table table_name="nice_prov_medcr_risk_typ" descriptiontext="Nice Provider Medicare Risk Type" voclass="com.optum.app.shared.nice.data.NiceProviderMedicareRiskTypeVO" daoclass="" daoclassimpl="" auditnotestable="" view_indicator="0" distinct_indicator="0" virtual_indicator="0" under_construction="0" secured="0" logHistory="0" num_pk_index_partitions="0" pk_partitioned_index_name="" db_category="" translatable="0"/>
    <bb_table table_name="pref_rule" descriptiontext="Preferred Rule" voclass="com.optum.app.shared.diseaseTraversal.data.PreferredRuleVO" daoclass="" daoclassimpl="" auditnotestable="" view_indicator="0" distinct_indicator="0" virtual_indicator="0" under_construction="0" secured="0" logHistory="0" num_pk_index_partitions="0" pk_partitioned_index_name="" db_category="MbmDatasource" translatable="0"/>
    <bb_table table_name="pref_rule_atr" descriptiontext="Preferred Rule Attribute" voclass="com.optum.app.shared.diseaseTraversal.data.PreferredRuleAttributeVO" daoclass="" daoclassimpl="" auditnotestable="" view_indicator="0" distinct_indicator="0" virtual_indicator="0" under_construction="0" secured="0" logHistory="0" num_pk_index_partitions="0" pk_partitioned_index_name="" db_category="MbmDatasource" translatable="0"/>
    <bb_table table_name="regimenTraversalView" descriptiontext="Regimen Traversal View" voclass="com.optum.app.shared.diseaseTraversal.data.RegimenTraversalViewVO" daoclass="" daoclassimpl="" auditnotestable="" view_indicator="1" distinct_indicator="0" virtual_indicator="0" under_construction="0" secured="0" logHistory="0" num_pk_index_partitions="0" pk_partitioned_index_name="" db_category="MbmDatasource" translatable="0"/>
    <bb_table table_name="regimenProcedureView" descriptiontext="Regimen Procedure View" voclass="com.optum.app.shared.diseaseTraversal.data.RegimenProcedureViewVO" daoclass="" daoclassimpl="" auditnotestable="" view_indicator="1" distinct_indicator="0" virtual_indicator="0" under_construction="0" secured="0" logHistory="0" num_pk_index_partitions="0" pk_partitioned_index_name="" db_category="MbmDatasource" translatable="0"/>
    <bb_table table_name="regimenVersionView" descriptiontext="Regimen Version View" voclass="com.optum.app.shared.diseaseTraversal.data.RegimenVersionViewVO" daoclass="" daoclassimpl="" auditnotestable="" view_indicator="1" distinct_indicator="0" virtual_indicator="0" under_construction="0" secured="0" logHistory="0" num_pk_index_partitions="0" pk_partitioned_index_name="" db_category="MbmDatasource" translatable="0"/>
    <bb_table table_name="trt_proc_auth_rule" descriptiontext="Treatment Procedure Auth Rule" voclass="com.optum.app.shared.diseaseTraversal.data.TreatmentProcedureAuthorizationRuleVO" daoclass="" daoclassimpl="" auditnotestable="" view_indicator="0" distinct_indicator="0" virtual_indicator="0" under_construction="0" secured="0" logHistory="0" num_pk_index_partitions="0" pk_partitioned_index_name="" db_category="MbmDatasource" translatable="0"/>
    <bb_table table_name="drugExceptionsView" descriptiontext="New Procedure View" voclass="com.optum.app.shared.diseaseTraversal.data.DrugExceptionsViewVO" daoclass="" daoclassimpl="" auditnotestable="" view_indicator="1" distinct_indicator="0" virtual_indicator="0" under_construction="0" secured="0" logHistory="0" num_pk_index_partitions="0" pk_partitioned_index_name="" db_category="MbmDatasource" translatable="0"/>
    <bb_table table_name="trt_proc_auth_rule_xcpt" descriptiontext="Treatment Procedure Auth Rule Exception" voclass="com.optum.app.shared.diseaseTraversal.data.TreatmentProcedureAuthorizationRuleExceptionVO" daoclass="" daoclassimpl="" auditnotestable="" view_indicator="0" distinct_indicator="0" virtual_indicator="0" under_construction="0" secured="0" logHistory="0" num_pk_index_partitions="0" pk_partitioned_index_name="" db_category="MbmDatasource" translatable="0"/>
    <bb_table table_name="trt_rgmn" descriptiontext="Treatment Regimen" voclass="com.optum.app.shared.diseaseTraversal.data.TreatmentRegimenVO" daoclass="" daoclassimpl="" auditnotestable="" view_indicator="0" distinct_indicator="0" virtual_indicator="0" under_construction="0" secured="0" logHistory="0" num_pk_index_partitions="0" pk_partitioned_index_name="" db_category="MbmDatasource" translatable="0"/>
    <bb_table table_name="trt_rgmn_cmbo" descriptiontext="Treatment Regimen Combo" voclass="com.optum.app.shared.diseaseTraversal.data.TreatmentRegimenComboVO" daoclass="" daoclassimpl="" auditnotestable="" view_indicator="0" distinct_indicator="0" virtual_indicator="0" under_construction="0" secured="0" logHistory="0" num_pk_index_partitions="0" pk_partitioned_index_name="" db_category="MbmDatasource" translatable="0"/>
    <bb_table table_name="trt_rgmn_ver" descriptiontext="Treatment Regimen Version" voclass="com.optum.app.shared.diseaseTraversal.data.TreatmentRegimenVersionVO" daoclass="" daoclassimpl="" auditnotestable="" view_indicator="0" distinct_indicator="0" virtual_indicator="0" under_construction="0" secured="0" logHistory="1" num_pk_index_partitions="0" pk_partitioned_index_name="" db_category="MbmDatasource" translatable="0"/>
    <bb_table table_name="trt_rgmn_ver_proc" descriptiontext="Treatment Regimen Version Procedure" voclass="com.optum.app.shared.diseaseTraversal.data.TreatmentRegimenVersionProcedureVO" daoclass="" daoclassimpl="" auditnotestable="" view_indicator="0" distinct_indicator="0" virtual_indicator="0" under_construction="0" secured="0" logHistory="0" num_pk_index_partitions="0" pk_partitioned_index_name="" db_category="MbmDatasource" translatable="0"/>
    <bb_table table_name="approvedRegimenTraversalView" descriptiontext="Approved Regimen treatment view " voclass="com.optum.app.shared.diseaseTraversal.data.ApprovedRegimenTraversalViewVO" daoclass="" daoclassimpl="" auditnotestable="" view_indicator="1" distinct_indicator="0" virtual_indicator="0" under_construction="0" secured="0" logHistory="0" num_pk_index_partitions="0" pk_partitioned_index_name="" db_category="MbmDatasource" translatable="0"/>
    <bb_table table_name="trt_sc_proc" descriptiontext="Treatment Supportive Care Procedure" voclass="com.optum.app.shared.diseaseTraversal.data.TreatmentSupportiveCareProcedureVO" daoclass="" daoclassimpl="" auditnotestable="" view_indicator="0" distinct_indicator="0" virtual_indicator="0" under_construction="0" secured="0" logHistory="0" num_pk_index_partitions="0" pk_partitioned_index_name="" db_category="MbmDatasource" translatable="0"/>
    <bb_table table_name="trt_sc_proc_bld_asmt" descriptiontext="Treatment Supportive Care Procedure Builder Assessment" voclass="com.optum.app.shared.diseaseTraversal.data.TreatmentSupportiveCareProcedureBuilderAssessmentVO" daoclass="" daoclassimpl="" auditnotestable="" view_indicator="0" distinct_indicator="0" virtual_indicator="0" under_construction="0" secured="0" logHistory="0" num_pk_index_partitions="0" pk_partitioned_index_name="" db_category="MbmDatasource" translatable="0"/>
    <bb_table table_name="trt_sc_proc_cust" descriptiontext="Treatment Supportive Care Procedure lookup table for customers" voclass="com.optum.app.shared.diseaseTraversal.data.TreatmentSupportiveCareProcedureCustomerVO" daoclass="" daoclassimpl="" auditnotestable="" view_indicator="0" distinct_indicator="0" virtual_indicator="0" under_construction="0" secured="0" logHistory="0" num_pk_index_partitions="0" pk_partitioned_index_name="" db_category="MbmDatasource" translatable="0"/>
    <bb_table table_name="trt_sc_proc_cat_use" descriptiontext="Treatment Supportive Care Procedure lookup table for Antiemetics Category Use" voclass="com.optum.app.shared.diseaseTraversal.data.TreatmentSupportiveCareAntiemeticCategoryUseVO" daoclass="" daoclassimpl="" auditnotestable="" view_indicator="0" distinct_indicator="0" virtual_indicator="0" under_construction="0" secured="0" logHistory="0" num_pk_index_partitions="0" pk_partitioned_index_name="" db_category="MbmDatasource" translatable="0"/>
    <bb_table table_name="trt_sc_proc_crit" descriptiontext="Treatment Supportive Care Procedure Criteria" voclass="com.optum.app.shared.diseaseTraversal.data.TreatmentSupportiveCareProcedureCriteriaVO" daoclass="" daoclassimpl="" auditnotestable="" view_indicator="0" distinct_indicator="0" virtual_indicator="0" under_construction="0" secured="0" logHistory="0" num_pk_index_partitions="0" pk_partitioned_index_name="" db_category="MbmDatasource" translatable="0"/>
    <bb_table table_name="cstm_trt_proc" descriptiontext="Custom Treatment Procedure" voclass="com.optum.app.shared.diseaseTraversal.data.CustomTreatmentProcedureVO" daoclass="" daoclassimpl="" auditnotestable="cstm_trt_aud_dtl" view_indicator="0" distinct_indicator="0" virtual_indicator="0" under_construction="0" secured="0" logHistory="0" num_pk_index_partitions="0" pk_partitioned_index_name="" db_category="MbmDatasource" translatable="0"/>
    <bb_table table_name="proc_crosswalk" descriptiontext="Procedure Code Crosswalk" voclass="com.optum.app.shared.procedure.data.ProcedureCrosswalkVO" daoclass="" daoclassimpl="" auditnotestable="" view_indicator="0" distinct_indicator="0" virtual_indicator="0" under_construction="0" secured="0" logHistory="0" num_pk_index_partitions="0" pk_partitioned_index_name="" db_category="MbmDatasource" translatable="0"/>
    <bb_table table_name="proc_brand" descriptiontext="Procedure Code Brand" voclass="com.optum.app.shared.procedure.data.ProcedureBrandVO" daoclass="" daoclassimpl="" auditnotestable="proc_brand_aud_dtl" view_indicator="0" distinct_indicator="0" virtual_indicator="0" under_construction="0" secured="0" logHistory="0" num_pk_index_partitions="0" pk_partitioned_index_name="" db_category="MbmDatasource" translatable="0"/>
    <bb_table table_name="proc_req_pharm" descriptiontext="Procedure Required Pharmacy" voclass="com.optum.app.shared.procedure.data.ProcedureRequiredPharmacyVO" daoclass="" daoclassimpl="" auditnotestable="" view_indicator="0" distinct_indicator="0" virtual_indicator="0" under_construction="0" secured="0" logHistory="0" num_pk_index_partitions="0" pk_partitioned_index_name="" db_category="MbmDatasource" translatable="0"/>
    <bb_table table_name="prov_proc_xcpt" descriptiontext="Provider Procedure Exceptions" voclass="com.optum.app.shared.diseaseTraversal.data.ProviderProcedureExceptionVO" daoclass="" daoclassimpl="" auditnotestable="" view_indicator="0" distinct_indicator="0" virtual_indicator="0" under_construction="0" secured="0" logHistory="0" num_pk_index_partitions="0" pk_partitioned_index_name="" db_category="" translatable="0"/>
    <bb_table table_name="prov_proc_xcpt_atr" descriptiontext="Provider Procedure Exception Attributes" voclass="com.optum.app.shared.diseaseTraversal.data.ProviderProcedureExceptionAttributeVO" daoclass="" daoclassimpl="" auditnotestable="" view_indicator="0" distinct_indicator="0" virtual_indicator="0" under_construction="0" secured="0" logHistory="0" num_pk_index_partitions="0" pk_partitioned_index_name="" db_category="" translatable="0"/>
    <bb_table table_name="prov_proc_xcpt_proc_brand" descriptiontext="Provider Procedure Exception Procedure Brands" voclass="com.optum.app.shared.diseaseTraversal.data.ProviderProcedureExceptionProcedureBrandVO" daoclass="" daoclassimpl="" auditnotestable="" view_indicator="0" distinct_indicator="0" virtual_indicator="0" under_construction="0" secured="0" logHistory="0" num_pk_index_partitions="0" pk_partitioned_index_name="" db_category="" translatable="0"/>
    <bb_table table_name="spec_proc" descriptiontext="Specialty Pharmacy Procedure" voclass="com.optum.app.shared.specialtyPharmacy.data.SpecialtyProcedureVO" daoclass="" daoclassimpl="" auditnotestable="proc_brand_aud_dtl" view_indicator="0" distinct_indicator="0" virtual_indicator="0" under_construction="0" secured="0" logHistory="0" num_pk_index_partitions="0" pk_partitioned_index_name="" db_category="MbmDatasource" translatable="0"/>
    <bb_table table_name="customApprovedProceduresView" descriptiontext="Custom Approved Procedures View" voclass="com.optum.app.shared.diseaseTraversal.data.CustomApprovedProceduresViewVO" daoclass="" daoclassimpl="" auditnotestable="" view_indicator="1" distinct_indicator="0" virtual_indicator="0" under_construction="0" secured="0" logHistory="0" num_pk_index_partitions="0" pk_partitioned_index_name="" db_category="MbmDatasource" translatable="0"/>
    <bb_table table_name="customRegimenDrugsView" descriptiontext="Drugs used for creating custom regimens" voclass="com.optum.app.shared.diseaseTraversal.data.CustomRegimenDrugsViewVO" daoclass="" daoclassimpl="" auditnotestable="" view_indicator="1" distinct_indicator="0" virtual_indicator="0" under_construction="0" secured="0" logHistory="0" num_pk_index_partitions="0" pk_partitioned_index_name="" db_category="MbmDatasource" translatable="0"/>
    <bb_table table_name="specialtyProceduresView" descriptiontext="Specialty Procedures View" voclass="com.optum.app.shared.specialtyPharmacy.data.SpecialtyProceduresViewVO" daoclass="" daoclassimpl="" auditnotestable="" view_indicator="1" distinct_indicator="0" virtual_indicator="0" under_construction="0" secured="0" logHistory="0" num_pk_index_partitions="0" pk_partitioned_index_name="" db_category="MbmDatasource" translatable="0"/>
    <bb_table table_name="icd10View" descriptiontext="ICD10 View" voclass="com.optum.app.shared.diagnosis.data.Icd10ViewVO" daoclass="" daoclassimpl="" auditnotestable="" view_indicator="1" distinct_indicator="0" virtual_indicator="0" under_construction="0" secured="0" logHistory="0" num_pk_index_partitions="0" pk_partitioned_index_name="" db_category="MbmDatasource" translatable="0"/>
    <bb_table table_name="proc_brand_dose_xcpt" descriptiontext="Procedure Brand Dose Exception" voclass="com.optum.app.shared.doseException.data.ProcedureBrandDoseExceptionVO" daoclass="" daoclassimpl="" auditnotestable="" view_indicator="0" distinct_indicator="0" virtual_indicator="0" under_construction="0" secured="0" logHistory="0" num_pk_index_partitions="0" pk_partitioned_index_name="" db_category="MbmDatasource" translatable="0"/>
    <bb_table table_name="traversalClinicalVariableView" descriptiontext="Traversal Clinical Variable View" voclass="com.optum.app.shared.diseaseTraversal.data.TraversalClinicalVariableViewVO" daoclass="" daoclassimpl="" auditnotestable="" view_indicator="1" distinct_indicator="0" virtual_indicator="0" under_construction="0" secured="0" logHistory="0" num_pk_index_partitions="0" pk_partitioned_index_name="" db_category="MbmDatasource" translatable="0"/>
    <bb_table table_name="workqueueview" descriptiontext="Work Queue View" voclass="com.optum.app.shared.workqueue.data.WorkQueueViewVO" daoclass="" daoclassimpl="" auditnotestable="" view_indicator="1" distinct_indicator="0" virtual_indicator="0" under_construction="0" secured="0" logHistory="0" num_pk_index_partitions="0" pk_partitioned_index_name="" db_category="" translatable="0"/>
    <bb_table table_name="proc_benefit" descriptiontext="Procedure Benefit" voclass="com.optum.app.shared.epa.data.ProcedureBenefitVO" daoclass="" daoclassimpl="" auditnotestable="proc_brand_aud_dtl" view_indicator="0" distinct_indicator="0" virtual_indicator="0" under_construction="0" secured="0" logHistory="0" num_pk_index_partitions="0" pk_partitioned_index_name="" db_category="MbmDatasource" translatable="0"/>
    <bb_table table_name="managerDashboardView" descriptiontext="Manager Dashboard View" voclass="com.optum.app.shared.workqueue.data.ManagerDashboardViewVO" daoclass="" daoclassimpl="" auditnotestable="" view_indicator="1" distinct_indicator="0" virtual_indicator="0" under_construction="0" secured="0" logHistory="0" num_pk_index_partitions="0" pk_partitioned_index_name="" db_category="" translatable="0"/>
    <bb_table table_name="appeal_contact_info" descriptiontext="Appeal Table" voclass="com.optum.app.shared.planlookup.data.AppealContactInfoVO" daoclass="" daoclassimpl="" auditnotestable="" view_indicator="0" distinct_indicator="0" virtual_indicator="0" under_construction="0" secured="0" logHistory="0" num_pk_index_partitions="0" pk_partitioned_index_name="" db_category="" translatable="0"/>
    <bb_table table_name="plan_lookup" descriptiontext="Plan Lookup" voclass="com.optum.app.shared.planlookup.data.PlanLookupVO" daoclass="" daoclassimpl="" auditnotestable="" view_indicator="0" distinct_indicator="0" virtual_indicator="0" under_construction="0" secured="0" logHistory="0" num_pk_index_partitions="0" pk_partitioned_index_name="" db_category="" translatable="0"/>
    <bb_table table_name="carrier_account" descriptiontext="Carrier Account" voclass="com.optum.app.shared.carrierAccount.data.CarrierAccountVO" daoclass="" daoclassimpl="" auditnotestable="" view_indicator="0" distinct_indicator="0" virtual_indicator="0" under_construction="0" secured="0" logHistory="0" num_pk_index_partitions="0" pk_partitioned_index_name="" db_category="" translatable="0"/>
    <bb_table table_name="pathwys_nat_avg" descriptiontext="Pathways National Average" voclass="com.optum.app.shared.pathwaysDashboard.data.PathwaysNationalAverageVO" daoclass="" daoclassimpl="" auditnotestable="" view_indicator="0" distinct_indicator="0" virtual_indicator="0" under_construction="0" secured="0" logHistory="0" num_pk_index_partitions="0" pk_partitioned_index_name="" db_category="" translatable="0"/>
    <bb_table table_name="prov_grp" descriptiontext="Provider Group" voclass="com.optum.app.shared.providergroup.data.ProviderGroupVO" daoclass="" daoclassimpl="" auditnotestable="" view_indicator="0" distinct_indicator="0" virtual_indicator="0" under_construction="0" secured="0" logHistory="0" num_pk_index_partitions="0" pk_partitioned_index_name="" db_category="" translatable="0"/>
    <bb_table table_name="pathwys_rwrd_attst" descriptiontext="Pathways Reward Attestation" voclass="com.optum.app.shared.pathwaysDashboard.data.PathwaysRewardAttestationVO" daoclass="" daoclassimpl="" auditnotestable="" view_indicator="0" distinct_indicator="0" virtual_indicator="0" under_construction="0" secured="0" logHistory="0" num_pk_index_partitions="0" pk_partitioned_index_name="" db_category="" translatable="0"/>
    <bb_table table_name="proc_brand_aud_dtl" descriptiontext="Procedure Code Brand Audit Details" voclass="com.optum.app.shared.procedure.data.ProcedureBrandAuditDetailVO" daoclass="" daoclassimpl="" auditnotestable="" view_indicator="0" distinct_indicator="0" virtual_indicator="0" under_construction="0" secured="0" logHistory="0" num_pk_index_partitions="0" pk_partitioned_index_name="" db_category="MbmDatasource" translatable="0"/>
    <bb_table table_name="cstm_trt_aud_dtl" descriptiontext="Custom Treatment Procedure Audit Details" voclass="com.optum.app.shared.diseaseTraversal.data.CustomTreatmentProcedureAuditDetailVO" daoclass="" daoclassimpl="" auditnotestable="" view_indicator="0" distinct_indicator="0" virtual_indicator="0" under_construction="0" secured="0" logHistory="0" num_pk_index_partitions="0" pk_partitioned_index_name="" db_category="MbmDatasource" translatable="0"/>
    <bb_table table_name="prfd_proc" descriptiontext="Preferred Procedures" voclass="com.optum.app.shared.preferredProcedure.data.PreferredProcedureVO" daoclass="" daoclassimpl="" auditnotestable="" view_indicator="0" distinct_indicator="0" virtual_indicator="0" under_construction="0" secured="0" logHistory="0" num_pk_index_partitions="0" pk_partitioned_index_name="" db_category="MbmDatasource" translatable="0"/>
    <bb_table table_name="preferredProcedureView" descriptiontext="View to used to get the preferred drugs info" voclass="com.optum.app.shared.preferredProcedure.data.PreferredProcedureViewVO" daoclass="" daoclassimpl="" auditnotestable="" view_indicator="1" distinct_indicator="0" virtual_indicator="0" under_construction="0" secured="0" logHistory="0" num_pk_index_partitions="0" pk_partitioned_index_name="" db_category="MbmDatasource" translatable="0"/>
    <bb_table table_name="self_admin_auth_block_log" descriptiontext="Self Admin Auth Block Log" voclass="com.optum.app.shared.selfAdminDrugReporting.data.SelfAdminAuthBlockLogVO" daoclass="" daoclassimpl="" auditnotestable="" view_indicator="0" distinct_indicator="0" virtual_indicator="0" under_construction="0" secured="0" logHistory="0" num_pk_index_partitions="0" pk_partitioned_index_name="" db_category="" translatable="0"/>
    <bb_table table_name="mbr_pol_plan_prof_info" descriptiontext="Member Policy Plan Profile Details info" voclass="com.optum.app.shared.microservice.data.MemberPolicyPlanProfileDetailsVO" daoclass="" daoclassimpl="" auditnotestable="" view_indicator="0" distinct_indicator="0" virtual_indicator="0" under_construction="0" secured="0" logHistory="0" num_pk_index_partitions="0" pk_partitioned_index_name="" db_category="" translatable="0"/>
    <bb_table table_name="hsc_ph_quest" descriptiontext="Patient Health Questionnaire" voclass="com.optum.app.shared.patientHealthQuestionnaire.data.PatientHealthQuestionnaireVO" daoclass="" daoclassimpl="" auditnotestable="" view_indicator="0" distinct_indicator="0" virtual_indicator="0" under_construction="0" secured="0" logHistory="0" num_pk_index_partitions="0" pk_partitioned_index_name="" db_category="" translatable="0"/>
    <bb_table table_name="ovrd_dtls" descriptiontext="Override Details" voclass="com.optum.app.shared.blockeroverride.data.BlockerOverrideVO" daoclass="" daoclassimpl="" auditnotestable="" view_indicator="0" distinct_indicator="0" virtual_indicator="0" under_construction="0" secured="0" logHistory="0" num_pk_index_partitions="0" pk_partitioned_index_name="" db_category="" translatable="0"/>
    <bb_table table_name="clin_milstns" descriptiontext="Clinical Milestones" voclass="com.optum.app.shared.authorization.data.ClinicalMilestonesVO" daoclass="" daoclassimpl="" auditnotestable="" view_indicator="0" distinct_indicator="0" virtual_indicator="0" under_construction="0" secured="0" logHistory="0" num_pk_index_partitions="0" pk_partitioned_index_name="" db_category="MbmDatasource" translatable="0"/>
    <bb_table table_name="clin_resp_catgy" descriptiontext="Response Codes Details for Letters" voclass="com.optum.app.shared.authorization.data.ClinicalResponseCategoryVO" daoclass="" daoclassimpl="" auditnotestable="" view_indicator="0" distinct_indicator="0" virtual_indicator="0" under_construction="0" secured="0" logHistory="0" num_pk_index_partitions="0" pk_partitioned_index_name="" db_category="" translatable="0"/>
    <bb_table table_name="clin_resp_catgy_prov_ltr" descriptiontext="Response Codes Details for Provider Letters" voclass="com.optum.app.shared.authorization.data.ClinicalResponseCategoryProviderLetterVO" daoclass="" daoclassimpl="" auditnotestable="" view_indicator="0" distinct_indicator="0" virtual_indicator="0" under_construction="0" secured="0" logHistory="0" num_pk_index_partitions="0" pk_partitioned_index_name="" db_category="" translatable="0"/>
    <bb_table table_name="clin_resp_catgy_mbr_ltr" descriptiontext="Response Codes Details for Member Letters" voclass="com.optum.app.shared.authorization.data.ClinicalResponseCategoryMemberLetterVO" daoclass="" daoclassimpl="" auditnotestable="" view_indicator="0" distinct_indicator="0" virtual_indicator="0" under_construction="0" secured="0" logHistory="0" num_pk_index_partitions="0" pk_partitioned_index_name="" db_category="" translatable="0"/>
    <bb_table table_name="clin_resp_pri" descriptiontext="Clinical Response Primary" voclass="com.optum.app.shared.authorization.data.ClinicalResponsePrimaryVO" daoclass="" daoclassimpl="" auditnotestable="" view_indicator="0" distinct_indicator="0" virtual_indicator="0" under_construction="0" secured="0" logHistory="0" num_pk_index_partitions="0" pk_partitioned_index_name="" db_category="" translatable="0"/>
    <bb_table table_name="clin_resp_pri_ltr_desc" descriptiontext=" Clinical Response Primary Letter Description" voclass="com.optum.app.shared.authorization.data.ClinicalRespPriLtrDescVO" daoclass="" daoclassimpl="" auditnotestable="" view_indicator="0" distinct_indicator="0" virtual_indicator="0" under_construction="0" secured="0" logHistory="0" num_pk_index_partitions="0" pk_partitioned_index_name="" db_category="" translatable="0"/>
    <bb_table table_name="clin_resp_sec" descriptiontext="Clinical Response Secondary" voclass="com.optum.app.shared.authorization.data.ClinicalResponseSecondaryVO" daoclass="" daoclassimpl="" auditnotestable="" view_indicator="0" distinct_indicator="0" virtual_indicator="0" under_construction="0" secured="0" logHistory="0" num_pk_index_partitions="0" pk_partitioned_index_name="" db_category="" translatable="0"/>
    <bb_table table_name="clin_resp_sec_ltr_desc" descriptiontext="Clinical Response Secondary Letter Description" voclass="com.optum.app.shared.authorization.data.ClinicalRespSecLtrDescVO" daoclass="" daoclassimpl="" auditnotestable="" view_indicator="0" distinct_indicator="0" virtual_indicator="0" under_construction="0" secured="0" logHistory="0" num_pk_index_partitions="0" pk_partitioned_index_name="" db_category="" translatable="0"/>
    <bb_table table_name="clin_resp_rsn" descriptiontext="Response Codes Reasons" voclass="com.optum.app.shared.authorization.data.ClinicalResponseReasonVO" daoclass="" daoclassimpl="" auditnotestable="" view_indicator="0" distinct_indicator="0" virtual_indicator="0" under_construction="0" secured="0" logHistory="0" num_pk_index_partitions="0" pk_partitioned_index_name="" db_category="" translatable="0"/>

    <bb_table table_name="techniqueView" descriptiontext="View for Combined Therapies and Individual Techniques" voclass="com.optum.app.shared.diseaseTraversal.data.TechniqueViewVO" daoclass="" daoclassimpl="" auditnotestable="" view_indicator="1" distinct_indicator="0" virtual_indicator="0" under_construction="0" secured="0" logHistory="0" num_pk_index_partitions="0" pk_partitioned_index_name="" db_category="MbmDatasource" translatable="0"/>
    <bb_table table_name="procedureView" descriptiontext="Procedure View" voclass="com.optum.app.shared.procedure.data.ProcedureViewVO" daoclass="" daoclassimpl="" auditnotestable="" view_indicator="1" distinct_indicator="0" virtual_indicator="0" under_construction="0" secured="0" logHistory="0" num_pk_index_partitions="0" pk_partitioned_index_name="" db_category="MbmDatasource" translatable="0"/>
    <bb_table table_name="hsc_outbound" descriptiontext="Staging table for HSCs that need to be sent to an outbound system" voclass="com.optum.app.common.hsr.data.HscOutboundVO" daoclass="" daoclassimpl="" auditnotestable="" view_indicator="0" distinct_indicator="0" virtual_indicator="0" under_construction="0" secured="0" logHistory="0" num_pk_index_partitions="0" pk_partitioned_index_name="" db_category="" translatable="0"/>
    <bb_table table_name="hschistorybyserviceview" descriptiontext="View to pull the Previously Approved Authorizations which already exists" voclass="com.optum.app.common.hsr.data.HscHistoryByServiceViewVO" daoclass="" daoclassimpl="" auditnotestable="" view_indicator="1" distinct_indicator="0" virtual_indicator="0" under_construction="0" secured="0" logHistory="0" num_pk_index_partitions="0" pk_partitioned_index_name="" db_category="" translatable="0"/>

</bb_tablesList>
