<?xml version="1.0" encoding="UTF-8"?>
<bb_viewsList>
    <bb_view view_name="regimenTraversalView" table_name="dses_trvrs_trt_rgmn" table_as_name="a" field="diseaseTraversalID" field_as_name="diseaseTraversalID" key_indicator="0" />
    <bb_view view_name="regimenTraversalView" table_name="dses_trvrs_trt_rgmn" table_as_name="a" field="diseaseTraversalTrtmntRegimnRnk" field_as_name="diseaseTraversalTrtmntRegimnRnk" key_indicator="0" />
    <bb_view view_name="regimenTraversalView" table_name="dses_trvrs_trt_rgmn" table_as_name="a" field="startDate" field_as_name="regimenStartDate" key_indicator="0" />
    <bb_view view_name="regimenTraversalView" table_name="dses_trvrs_trt_rgmn" table_as_name="a" field="endDate" field_as_name="regimenEndDate" key_indicator="0" />
    <bb_view view_name="regimenTraversalView" table_name="dses_trvrs_trt_rgmn" table_as_name="a" field="therapyDuration" field_as_name="therapyDuration" key_indicator="0" />
    <bb_view view_name="regimenTraversalView" table_name="dses_trvrs_trt_rgmn" table_as_name="a" field="relapseRate" field_as_name="relapseRate" key_indicator="0" />
    <bb_view view_name="regimenTraversalView" table_name="dses_trvrs_trt_rgmn" table_as_name="a" field="admissionPercent" field_as_name="admissionPercent" key_indicator="0" />
    <bb_view view_name="regimenTraversalView" table_name="dses_trvrs_trt_rgmn" table_as_name="a" field="therapyCost" field_as_name="therapyCost" key_indicator="0" />
    <bb_view view_name="regimenTraversalView" table_name="dses_trvrs_trt_rgmn" table_as_name="a" field="treatmentFrequency" field_as_name="treatmentFrequency" key_indicator="0" />
    <bb_view view_name="regimenTraversalView" table_name="trt_rgmn" table_as_name="b" field="treatmentRegimenID" field_as_name="treatmentRegimenID" key_indicator="0" />
    <bb_view view_name="regimenTraversalView" table_name="trt_rgmn" table_as_name="b" field="treatmentRegimenName" field_as_name="treatmentRegimenName" key_indicator="0" />
    <bb_view view_name="regimenTraversalView" table_name="trt_rgmn_ver" table_as_name="c" field="treatmentRegimenVersionID" field_as_name="treatmentRegimenVersionID" key_indicator="0" />
    <bb_view view_name="regimenTraversalView" table_name="trt_rgmn_ver" table_as_name="c" field="diseaseType" field_as_name="diseaseType" key_indicator="0" />
    <bb_view view_name="regimenTraversalView" table_name="trt_rgmn_ver" table_as_name="c" field="treatmentGuidelineType" field_as_name="treatmentGuidelineType" key_indicator="0" />
    <bb_view view_name="regimenTraversalView" table_name="trt_rgmn_ver" table_as_name="c" field="treatmentGuidelinePrefRgmnInd" field_as_name="treatmentGuidelinePrefRgmnInd" key_indicator="0" />
    <bb_view view_name="regimenTraversalView" table_name="trt_rgmn_ver" table_as_name="c" field="startDate" field_as_name="regimenVersionStartDate" key_indicator="0" />
    <bb_view view_name="regimenTraversalView" table_name="trt_rgmn_ver" table_as_name="c" field="endDate" field_as_name="regimenVersionEndDate" key_indicator="0" />
    <bb_view view_name="regimenTraversalView" table_name="trt_rgmn_ver" table_as_name="c" field="levelOfEvidenceDescription" field_as_name="levelOfEvidenceDescription" key_indicator="0" />
    <bb_view view_name="regimenTraversalView" table_name="trt_rgmn_ver" table_as_name="c" field="growFacFebNeutroRisk" field_as_name="growFacFebNeutroRisk" key_indicator="0" />
    <bb_view view_name="regimenTraversalView" table_name="trt_rgmn_ver" table_as_name="c" field="supportiveCareAntiEmRiskDesc" field_as_name="supportiveCareAntiEmRiskDesc" key_indicator="0" />
    <bb_view view_name="regimenTraversalView" table_name="trt_rgmn_ver" table_as_name="c" field="authDurationMonthCount" field_as_name="authDurationMonthCount" key_indicator="0" />
    <bb_view view_name="regimenTraversalView" table_name="trt_rgmn_ver" table_as_name="c" field="automaticAuthorizationInd" field_as_name="automaticAuthorizationInd" key_indicator="0" />
    <bb_view view_name="regimenTraversalView" table_name="trt_rgmn_ver" table_as_name="c" field="treatmentRegimenVersionDesc" field_as_name="treatmentRegimenVersionDesc" key_indicator="0" />
    <bb_view view_name="regimenTraversalView" table_name="trt_rgmn_ver" table_as_name="c" field="activeInd" field_as_name="activeInd" key_indicator="0" />
    <bb_view view_name="regimenProcedureView" table_name="trt_rgmn" table_as_name="a" field="treatmentRegimenID" field_as_name="treatmentRegimenID" key_indicator="0" />
    <bb_view view_name="regimenProcedureView" table_name="trt_rgmn" table_as_name="a" field="treatmentRegimenName" field_as_name="treatmentRegimenName" key_indicator="0" />
    <bb_view view_name="regimenProcedureView" table_name="trt_rgmn" table_as_name="a" field="diseaseType" field_as_name="diseaseType" key_indicator="0" />
    <bb_view view_name="regimenProcedureView" table_name="trt_rgmn_ver" table_as_name="b" field="treatmentRegimenVersionID" field_as_name="treatmentRegimenVersionID" key_indicator="0" />
    <bb_view view_name="regimenProcedureView" table_name="trt_rgmn_ver" table_as_name="b" field="treatmentGuideVersionName" field_as_name="treatmentGuideVersionName" key_indicator="0" />
    <bb_view view_name="regimenProcedureView" table_name="trt_rgmn_ver" table_as_name="b" field="treatmentRegimenAprvStsType" field_as_name="treatmentRegimenAprvStsType" key_indicator="0" />
    <bb_view view_name="regimenProcedureView" table_name="trt_rgmn_ver" table_as_name="b" field="activeInd" field_as_name="activeInd" key_indicator="0" />
    <bb_view view_name="regimenProcedureView" table_name="proc_brand" table_as_name="pb" field="procedureCode" field_as_name="procedureCode" key_indicator="0" />
    <bb_view view_name="regimenProcedureView" table_name="proc_brand" table_as_name="pb" field="procedureBrandID" field_as_name="procedureBrandID" key_indicator="0" />
    <bb_view view_name="regimenProcedureView" table_name="proc_brand" table_as_name="pb" field="drugClass" field_as_name="drugClass" key_indicator="0" />
    <bb_view view_name="regimenProcedureView" table_name="trt_rgmn" table_as_name="a" field="authorizationType" field_as_name="authorizationType" key_indicator="0" />
    <bb_view view_name="regimenVersionView" table_name="trt_rgmn" table_as_name="b" field="treatmentRegimenID" field_as_name="treatmentRegimenID" key_indicator="0" />
    <bb_view view_name="regimenVersionView" table_name="trt_rgmn" table_as_name="b" field="treatmentRegimenName" field_as_name="treatmentRegimenName" key_indicator="0" />
    <bb_view view_name="regimenVersionView" table_name="trt_rgmn_ver" table_as_name="c" field="treatmentRegimenVersionID" field_as_name="treatmentRegimenVersionID" key_indicator="0" />
    <bb_view view_name="regimenVersionView" table_name="trt_rgmn_ver" table_as_name="c" field="diseaseType" field_as_name="diseaseType" key_indicator="0" />
    <bb_view view_name="regimenVersionView" table_name="trt_rgmn_ver" table_as_name="c" field="treatmentGuidelineType" field_as_name="treatmentGuidelineType" key_indicator="0" />
    <bb_view view_name="regimenVersionView" table_name="trt_rgmn_ver" table_as_name="c" field="treatmentGuidelinePrefRgmnInd" field_as_name="treatmentGuidelinePrefRgmnInd" key_indicator="0" />
    <bb_view view_name="regimenVersionView" table_name="trt_rgmn_ver" table_as_name="c" field="startDate" field_as_name="regimenVersionStartDate" key_indicator="0" />
    <bb_view view_name="regimenVersionView" table_name="trt_rgmn_ver" table_as_name="c" field="endDate" field_as_name="regimenVersionEndDate" key_indicator="0" />
    <bb_view view_name="regimenVersionView" table_name="trt_rgmn_ver" table_as_name="c" field="levelOfEvidenceDescription" field_as_name="levelOfEvidenceDescription" key_indicator="0" />
    <bb_view view_name="regimenVersionView" table_name="trt_rgmn_ver" table_as_name="c" field="growFacFebNeutroRisk" field_as_name="growFacFebNeutroRisk" key_indicator="0" />
    <bb_view view_name="regimenVersionView" table_name="trt_rgmn_ver" table_as_name="c" field="supportiveCareAntiEmRiskDesc" field_as_name="supportiveCareAntiEmRiskDesc" key_indicator="0" />
    <bb_view view_name="regimenVersionView" table_name="trt_rgmn_ver" table_as_name="c" field="authDurationMonthCount" field_as_name="authDurationMonthCount" key_indicator="0" />
    <bb_view view_name="regimenVersionView" table_name="trt_rgmn_ver" table_as_name="c" field="automaticAuthorizationInd" field_as_name="automaticAuthorizationInd" key_indicator="0" />
    <bb_view view_name="regimenVersionView" table_name="trt_rgmn_ver" table_as_name="c" field="treatmentRegimenVersionDesc" field_as_name="treatmentRegimenVersionDesc" key_indicator="0" />
    <bb_view view_name="regimenVersionView" table_name="trt_rgmn_ver" table_as_name="c" field="activeInd" field_as_name="activeInd" key_indicator="0" />
</bb_viewsList>