<?xml version="1.0" encoding="UTF-8"?>
<bb_fieldsList>
    <bb_field field_name="approveByUserID" data_type="VARCHAR" field_length="64" field_precision="0" descriptiontext="Assessment Builder - Approved by User ID" doubleclick_uri="" doubleclick="" uppercaseonly="0" field_xref="" field_name_physical="aprv_by_user_id"/>
    <bb_field field_name="approveDateTime" data_type="TIMESTAMP" field_length="3" field_precision="0" descriptiontext="Assessment Builder - Approved date" doubleclick_uri="" doubleclick="" uppercaseonly="0" field_xref="" field_name_physical="aprv_dttm"/>
    <bb_field field_name="builderAssessmentName" data_type="VARCHAR" field_length="150" field_precision="0" descriptiontext="Builder assessment name" doubleclick_uri="" doubleclick="" uppercaseonly="0" field_xref="" field_name_physical="bld_asmt_nm"/>
    <bb_field field_name="builderAssessmentNumberID" data_type="SMALLINT" field_length="4" field_precision="0" descriptiontext="Builder assessment ID in number format" doubleclick_uri="" doubleclick="" uppercaseonly="0" field_xref="" field_name_physical="bld_asmt_num_id"/>
    <bb_field field_name="builderQuestionID" data_type="BIGINT" field_length="8" field_precision="0" descriptiontext="Assessment Builder - Question ID" doubleclick_uri="" doubleclick="" uppercaseonly="0" field_xref="" field_name_physical="bld_quest_id"/>
    <bb_field field_name="builderStatusTypeID" data_type="VARCHAR" field_length="2" field_precision="0" descriptiontext="Assessment Builder - Builder specific status type" doubleclick_uri="" doubleclick="" uppercaseonly="0" field_xref="" field_name_physical="bld_sts_typ_id"/>
    <bb_field field_name="clearOtherChoiceInd" data_type="BOOLEAN" field_length="1" field_precision="0" descriptiontext="Assessment Builder - Clear Other Choice Ind" doubleclick_uri="" doubleclick="" uppercaseonly="0" field_xref="" field_name_physical="clr_othr_cho_ind"/>
    <bb_field field_name="columnQuestionID" data_type="BIGINT" field_length="8" field_precision="0" descriptiontext="Assessment Builder - Question ID for the gird column" doubleclick_uri="" doubleclick="" uppercaseonly="0" field_xref="" field_name_physical="bld_quest_id"/>
    <bb_field field_name="defaultDisplayOrderNumber" data_type="INTEGER" field_length="3" field_precision="0" descriptiontext="Assessment Builder - Default Display Order Number" doubleclick_uri="" doubleclick="" uppercaseonly="0" field_xref="" field_name_physical="dflt_dspl_ordr_nbr"/>
    <bb_field field_name="gridBuilderStatusTypeID" data_type="VARCHAR" field_length="2" field_precision="0" descriptiontext="Assessment Builder - Builder specific status type for the grid" doubleclick_uri="" doubleclick="" uppercaseonly="0" field_xref="" field_name_physical="bld_sts_typ_id"/>
    <bb_field field_name="gridPromptText" data_type="VARCHAR" field_length="1000" field_precision="0" descriptiontext="grid Prompt Text" doubleclick_uri="" doubleclick="" uppercaseonly="0" field_xref="" field_name_physical="prompt_txt"/>
    <bb_field field_name="migrationInd" data_type="BOOLEAN" field_length="1" field_precision="0" descriptiontext="Migration indicator" doubleclick_uri="" doubleclick="" uppercaseonly="0" field_xref="" field_name_physical="mgrt_ind"/>
    <bb_field field_name="newQuestionID" data_type="VARCHAR" field_length="10" field_precision="0" descriptiontext="New Question ID" doubleclick_uri="" doubleclick="" uppercaseonly="0" field_xref="" field_name_physical="new_quest_id"/>
    <bb_field field_name="newBuilderQuestionID" data_type="BIGINT" field_length="8" field_precision="0" descriptiontext="New Builder Question ID" doubleclick_uri="" doubleclick="" uppercaseonly="0" field_xref="" field_name_physical="new_bld_quest_id"/>
    <bb_field field_name="pocMappingInd" data_type="BOOLEAN" field_length="1" field_precision="0" descriptiontext="Assessment Builder - Plan of Care Mapping Indicator" doubleclick_uri="" doubleclick="" uppercaseonly="0" field_xref="" field_name_physical="poc_map_ind"/>
    <bb_field field_name="questionCharacteristicTypeID" data_type="VARCHAR" field_length="2" field_precision="0" descriptiontext="Assessment Builder - Question Characteristic Type ID" doubleclick_uri="" doubleclick="" uppercaseonly="0" field_xref="" field_name_physical="quest_char_typ_id"/>
    <bb_field field_name="questionCharacteristicValue" data_type="VARCHAR" field_length="80" field_precision="0" descriptiontext="Assessment Builder - Question Characteristic Value" doubleclick_uri="" doubleclick="" uppercaseonly="0" field_xref="" field_name_physical="quest_char_val"/>
    <bb_field field_name="questionCharValueTypeID" data_type="VARCHAR" field_length="3" field_precision="0" descriptiontext="Assessment Builder - Characteristic value type" doubleclick_uri="" doubleclick="" uppercaseonly="0" field_xref="" field_name_physical="quest_char_val_typ_id"/>
    <bb_field field_name="questionResponseChoiceID" data_type="BIGINT" field_length="10" field_precision="0" descriptiontext="Assessment Builder Response choice id" doubleclick_uri="" doubleclick="" uppercaseonly="0" field_xref="" field_name_physical="quest_rspn_cho_id"/>
    <bb_field field_name="questionResponseGridColumnID" data_type="BIGINT" field_length="15" field_precision="0" descriptiontext="Assessment Builder - Response Grid Column ID" doubleclick_uri="" doubleclick="" uppercaseonly="0" field_xref="" field_name_physical="quest_rspn_grid_col_id"/>
    <bb_field field_name="questionResponseGridID" data_type="BIGINT" field_length="15" field_precision="0" descriptiontext="Assessment Builder - Response Grid ID" doubleclick_uri="" doubleclick="" uppercaseonly="0" field_xref="" field_name_physical="quest_rspn_grid_id"/>
    <bb_field field_name="questionResponseSetID" data_type="BIGINT" field_length="10" field_precision="0" descriptiontext="Assessment Builder - Response set id" doubleclick_uri="" doubleclick="" uppercaseonly="0" field_xref="" field_name_physical="quest_rspn_set_id"/>
    <bb_field field_name="questionTextID" data_type="BIGINT" field_length="10" field_precision="0" descriptiontext="Assessment Builder - Question Text ID key" doubleclick_uri="" doubleclick="" uppercaseonly="0" field_xref="" field_name_physical="quest_txt_id"/>
    <bb_field field_name="questionTextResponseConfigID" data_type="BIGINT" field_length="10" field_precision="0" descriptiontext="Assessment Builder - Question Text Response Config ID" doubleclick_uri="" doubleclick="" uppercaseonly="0" field_xref="" field_name_physical="quest_txt_rspn_cnfg_id"/>
    <bb_field field_name="requiredInd" data_type="BOOLEAN" field_length="1" field_precision="0" descriptiontext="Assessment Builder - Grid Column Response Required" doubleclick_uri="" doubleclick="" uppercaseonly="0" field_xref="" field_name_physical="rqr_ind"/>
    <bb_field field_name="responseSetTypeID" data_type="VARCHAR" field_length="2" field_precision="0" descriptiontext="Assessment Builder - Response set type" doubleclick_uri="" doubleclick="" uppercaseonly="0" field_xref="" field_name_physical="rspn_set_typ_id"/>
    <bb_field field_name="userHistoryItemID" data_type="BIGINT" field_length="15" field_precision="0" descriptiontext="Assessment Builder - ID of the item that a history record refers to." doubleclick_uri="" doubleclick="" uppercaseonly="0" field_xref="" field_name_physical="user_hist_itm_id"/>
    <bb_field field_name="userHistoryTypeID" data_type="VARCHAR" field_length="2" field_precision="0" descriptiontext="Assessment Builder - User History record type." doubleclick_uri="" doubleclick="" uppercaseonly="0" field_xref="" field_name_physical="user_hist_typ_id"/>
</bb_fieldsList>