<?xml version="1.0" encoding="UTF-8"?>
<bb_fieldsList>
    <bb_field field_name="achievedDate" data_type="DATE" field_length="10" field_precision="0" descriptiontext="Achieve date" doubleclick_uri="" doubleclick="" uppercaseonly="0" field_xref="" field_name_physical="achv_dt"/>
    <bb_field field_name="additionalDescription" data_type="VARCHAR" field_length="150" field_precision="0" descriptiontext="TBD" doubleclick_uri="" doubleclick="" uppercaseonly="0" field_xref="" field_name_physical="add_desc"/>
    <bb_field field_name="agreementEffectiveDate" data_type="DATE" field_length="10" field_precision="0" descriptiontext="PlanOfCare Review Start Date" doubleclick_uri="" doubleclick="" uppercaseonly="0" field_xref="" field_name_physical="agr_eff_dt"/>
    <bb_field field_name="agreementEndDate" data_type="DATE" field_length="10" field_precision="0" descriptiontext="PlanOfCare Review End Date" doubleclick_uri="" doubleclick="" uppercaseonly="0" field_xref="" field_name_physical="agr_end_dt"/>
    <bb_field field_name="behaviorProbOutcomeRatingID" data_type="VARCHAR" field_length="20" field_precision="0" descriptiontext="Behavior Problem outcome rating id" doubleclick_uri="" doubleclick="" uppercaseonly="0" field_xref="" field_name_physical="bhv_prob_otcome_rt_id"/>
    <bb_field field_name="behaviorProbOutcomeRatingVal" data_type="SMALLINT" field_length="2" field_precision="0" descriptiontext="Behavior Problem outcome rating value" doubleclick_uri="" doubleclick="" uppercaseonly="0" field_xref="" field_name_physical="behaviorProbOutcomeRatingVal"/>
    <bb_field field_name="behaviorRatingAddDescription" data_type="VARCHAR" field_length="150" field_precision="0" descriptiontext="POC Problem Behavior Outcome Rating Additional Description" doubleclick_uri="" doubleclick="" uppercaseonly="0" field_xref="" field_name_physical="bhv_otcome_rt_add_desc"/>
    <bb_field field_name="behaviorRatingID" data_type="VARCHAR" field_length="10" field_precision="0" descriptiontext="POC Problem Behavior Outcome Rating" doubleclick_uri="" doubleclick="" uppercaseonly="0" field_xref="pocOutcomeRatingID" field_name_physical="bhv_otcome_rt_id"/>
    <bb_field field_name="behaviorRatingName" data_type="VARCHAR" field_length="100" field_precision="0" descriptiontext="from poc_otcome_rt.poc_otcome_rt_nm" doubleclick_uri="" doubleclick="" uppercaseonly="0" field_xref="" field_name_physical="behaviorRatingName"/>
    <bb_field field_name="builderAssessmentID" data_type="VARCHAR" field_length="6" field_precision="0" descriptiontext="Unique id of an  Assessment Template Type, e.g, 104 - Pre-admission Review 112 - SNF Concurrent Review 103 - Discharge Planning Sourced from assessment_id in Assessment Builder for new assessment template types. (legacy assessments carry CAS tool generated ids)" doubleclick_uri="" doubleclick="" uppercaseonly="0" field_xref="reviewTemplateTypeID" field_name_physical="bld_asmt_id"/>
    <bb_field field_name="builderAssessmentVersionNumber" data_type="INTEGER" field_length="4" field_precision="0" descriptiontext="The assessment template version number tracks older and current versions of assessment template type. Only the most current version should be rendered for a new assessment" doubleclick_uri="" doubleclick="" uppercaseonly="0" field_xref="" field_name_physical="bld_asmt_ver_nbr"/>
    <bb_field field_name="childChoiceID" data_type="VARCHAR" field_length="10" field_precision="0" descriptiontext="Child Choice ID" doubleclick_uri="" doubleclick="" uppercaseonly="0" field_xref="" field_name_physical="chld_cho_id"/>
    <bb_field field_name="childQuestionChoiceText" data_type="VARCHAR" field_length="250" field_precision="0" descriptiontext="Child Question ID" doubleclick_uri="" doubleclick="" uppercaseonly="0" field_xref="" field_name_physical="chld_quest_cho_txt"/>
    <bb_field field_name="childQuestionID" data_type="VARCHAR" field_length="10" field_precision="0" descriptiontext="Child Question ID" doubleclick_uri="" doubleclick="" uppercaseonly="0" field_xref="" field_name_physical="chld_quest_id"/>
    <bb_field field_name="choiceID" data_type="VARCHAR" field_length="10" field_precision="0" descriptiontext="unique identifier of a response choice, used in multiple choice questions, e.g., CheckBoxList questions,  DropDownList or RadioButton questions. info_msg_typ_id Assessment Builder Information message type id. Information message types include, scripts, opportunities/gaps, Interim Steps/Interventions, health tips, and Nurse Instructions, etc..." doubleclick_uri="" doubleclick="" uppercaseonly="0" field_xref="" field_name_physical="cho_id"/>
    <bb_field field_name="choiceText" data_type="VARCHAR" field_length="500" field_precision="0" descriptiontext="Choice Text" doubleclick_uri="" doubleclick="" uppercaseonly="0" field_xref="" field_name_physical="cho_txt"/>
    <bb_field field_name="contingencyPlanDescription" data_type="VARCHAR" field_length="300" field_precision="0" descriptiontext="Contingency plan description" doubleclick_uri="" doubleclick="" uppercaseonly="0" field_xref="" field_name_physical="cntngy_pln_desc"/>
    <bb_field field_name="behaviorRatingAddDescription" data_type="VARCHAR" field_length="150" field_precision="0" descriptiontext="POC Problem Behavior Outcome Rating Additional Description" doubleclick_uri="" doubleclick="" uppercaseonly="0" field_xref="" field_name_physical="bhv_otcome_rt_add_desc"/>
    <bb_field field_name="behaviorRatingID" data_type="VARCHAR" field_length="10" field_precision="0" descriptiontext="POC Problem Behavior Outcome Rating" doubleclick_uri="" doubleclick="" uppercaseonly="0" field_xref="pocOutcomeRatingID" field_name_physical="bhv_otcome_rt_id"/>
    <bb_field field_name="changeUserFullName" data_type="VARCHAR" field_length="110" field_precision="0" descriptiontext="Change user last name and first name" doubleclick_uri="" doubleclick="" uppercaseonly="0" field_xref="" field_name_physical=""/>
    <bb_field field_name="closeDate" data_type="DATE" field_length="10" field_precision="0" descriptiontext="Close Date" doubleclick_uri="" doubleclick="" uppercaseonly="0" field_xref="" field_name_physical="close_dt"/>
    <bb_field field_name="copyDateTime" data_type="TIMESTAMP" field_length="3" field_precision="0" descriptiontext="Copy Date Time" doubleclick_uri="" doubleclick="" uppercaseonly="0" field_xref="" field_name_physical="cpy_dttm"/>
    <bb_field field_name="copyFromID" data_type="BIGINT" field_length="18" field_precision="0" descriptiontext="Copy From ID" doubleclick_uri="" doubleclick="" uppercaseonly="0" field_xref="" field_name_physical="cpy_from_id"/>
    <bb_field field_name="createUserFirstName" data_type="VARCHAR" field_length="50" field_precision="0" descriptiontext="First name of individual person name of a provider. Clinical updates allowed" doubleclick_uri="" doubleclick="" uppercaseonly="0" field_xref="" field_name_physical="fst_nm"/>
    <bb_field field_name="createUserLastName" data_type="VARCHAR" field_length="80" field_precision="0" descriptiontext="Last name of individual person name of a provider. Clinical updates allowed" doubleclick_uri="" doubleclick="" uppercaseonly="0" field_xref="" field_name_physical="lst_nm"/>
    <bb_field field_name="createUserFullName" data_type="VARCHAR" field_length="110" field_precision="0" descriptiontext="Create user last name and first name" doubleclick_uri="" doubleclick="" uppercaseonly="0" field_xref="" field_name_physical=""/>
    <bb_field field_name="createUserRole" data_type="VARCHAR" field_length="100" field_precision="0" descriptiontext="Unique identifier of user group. Matching with SATs user group name" doubleclick_uri="" doubleclick="" uppercaseonly="1" field_xref="" field_name_physical="user_grp_id"/>
    <bb_field field_name="cqmInd" data_type="BOOLEAN" field_length="1" field_precision="0" descriptiontext="Clinical Quality Measures Indicator" doubleclick_uri="" doubleclick="" uppercaseonly="0" field_xref="" field_name_physical="cqm_ind"/>
    <bb_field field_name="cqmTypeID" data_type="VARCHAR" field_length="2" field_precision="0" descriptiontext="Field contains Clinical Quality Management" doubleclick_uri="" doubleclick="" uppercaseonly="0" field_xref="" field_name_physical="cqm_typ_id"/>
    <bb_field field_name="creatorFunctionalRoleType" data_type="VARCHAR" field_length="3" field_precision="0" descriptiontext="unique identifier of functional role of the creat_by_user_id. Used for Secondary User Role" doubleclick_uri="" doubleclick="" uppercaseonly="0" field_xref="functionRoleType" field_name_physical="creatr_func_role_typ_id"/>
    <bb_field field_name="interventionSequenceNumber" data_type="SMALLINT" field_length="4" field_precision="0" descriptiontext="Intervention Sequence Number" doubleclick_uri="" doubleclick="" uppercaseonly="0" field_xref="" field_name_physical="intrvn_seq_nbr"/>
    <bb_field field_name="knowledgeProbOutcomeRatingID" data_type="VARCHAR" field_length="20" field_precision="0" descriptiontext="Knowledge Problem Outcome Rating ID" doubleclick_uri="" doubleclick="" uppercaseonly="0" field_xref="" field_name_physical="knw_prob_otcome_rt_id"/>
    <bb_field field_name="knowledgeProbOutcomeRatingVal" data_type="SMALLINT" field_length="2" field_precision="0" descriptiontext="Knowledge Problem Outcome Rating Value" doubleclick_uri="" doubleclick="" uppercaseonly="0" field_xref="" field_name_physical="knowledgeProbOutcomeRatingVal"/>
    <bb_field field_name="knowledgeRatingAddDescription" data_type="VARCHAR" field_length="150" field_precision="0" descriptiontext="POC Problem Knowledge Outcome Rating Additional Description" doubleclick_uri="" doubleclick="" uppercaseonly="0" field_xref="" field_name_physical="knw_otcome_rt_add_desc"/>
    <bb_field field_name="knowledgeRatingID" data_type="VARCHAR" field_length="10" field_precision="0" descriptiontext="POC Problem Knowledge Outcome Rating" doubleclick_uri="" doubleclick="" uppercaseonly="0" field_xref="pocOutcomeRatingID" field_name_physical="knw_otcome_rt_id"/>
    <bb_field field_name="knowledgeRatingName" data_type="VARCHAR" field_length="100" field_precision="0" descriptiontext="from poc_otcome_rt.poc_otcome_rt_nm" doubleclick_uri="" doubleclick="" uppercaseonly="0" field_xref="" field_name_physical="knowledgeRatingName"/>
    <bb_field field_name="noteType" data_type="VARCHAR" field_length="2" field_precision="0" descriptiontext="Identifier for a type of note - the subject of the note - e.g. a Member note, an HSC note." doubleclick_uri="" doubleclick="" uppercaseonly="0" field_xref="" field_name_physical="note_typ_id"/>
    <bb_field field_name="memberPocParticipationType" data_type="VARCHAR" field_length="1" field_precision="0" descriptiontext="indicates that member actively participated in the POC establishment. yes, no, NULL" doubleclick_uri="" doubleclick="" uppercaseonly="0" field_xref="" field_name_physical="mbr_poc_prtcp_typ_id"/>
    <bb_field field_name="memberPocProblemID" data_type="BIGINT" field_length="15" field_precision="0" descriptiontext="system generated id to uniquely identify a POC problem instance for a member" doubleclick_uri="" doubleclick="" uppercaseonly="0" field_xref="" field_name_physical="mbr_poc_prob_id"/>
    <bb_field field_name="memberPocProblemHistoryID" data_type="BIGINT" field_length="18" field_precision="0" descriptiontext="system generated id to uniquely identify a POC problem history id" doubleclick_uri="" doubleclick="" uppercaseonly="0" field_xref="" field_name_physical="mbr_poc_prob_hist_id"/>
    <bb_field field_name="memberPocProblemIntvnHistoryID" data_type="BIGINT" field_length="18" field_precision="0" descriptiontext="system generated id to uniquely identify a POC problem intervention history id" doubleclick_uri="" doubleclick="" uppercaseonly="0" field_xref="" field_name_physical="mbr_poc_prob_intrvn_hist_id"/>
    <bb_field field_name="memberPocProblemLtgHistoryID" data_type="BIGINT" field_length="18" field_precision="0" descriptiontext="system generated id to uniquely identify a POC problem intervention history id" doubleclick_uri="" doubleclick="" uppercaseonly="0" field_xref="" field_name_physical="mbr_poc_prob_ltg_hist_id"/>
    <bb_field field_name="memberPocProblemSnSymHistoryID" data_type="BIGINT" field_length="18" field_precision="0" descriptiontext="system generated id to uniquely identify a POC problem intervention history id" doubleclick_uri="" doubleclick="" uppercaseonly="0" field_xref="" field_name_physical="mbr_poc_prob_sgn_symp_hist_id"/>
    <bb_field field_name="memberPocProblemStgHistoryID" data_type="BIGINT" field_length="18" field_precision="0" descriptiontext="system generated id to uniquely identify a POC problem intervention history id" doubleclick_uri="" doubleclick="" uppercaseonly="0" field_xref="" field_name_physical="mbr_poc_prob_stg_hist_id"/>
    <bb_field field_name="memberPocProblemTaskHistoryID" data_type="BIGINT" field_length="18" field_precision="0" descriptiontext="system generated id to uniquely identify a POC problem intervention history id" doubleclick_uri="" doubleclick="" uppercaseonly="0" field_xref="" field_name_physical="mbr_poc_prob_tsk_hist_id"/>
    <bb_field field_name="memberPocTaskCloseReasonType" data_type="VARCHAR" field_length="2" field_precision="0" descriptiontext="Poc Close Reason Type For Tasks" doubleclick_uri="" doubleclick="" uppercaseonly="0" field_xref="pocCloseReasonType" field_name_physical="mbr_poc_tsk_clos_rsn_typ_id"/>
    <bb_field field_name="memberStrengthDescription" data_type="VARCHAR" field_length="300" field_precision="0" descriptiontext="Member strength description" doubleclick_uri="" doubleclick="" uppercaseonly="0" field_xref="" field_name_physical="mbr_strgth_desc"/>
    <bb_field field_name="noteType" data_type="VARCHAR" field_length="2" field_precision="0" descriptiontext="Identifier for a type of note - the subject of the note - e.g. a Member note, an HSC note." doubleclick_uri="" doubleclick="" uppercaseonly="0" field_xref="" field_name_physical="note_typ_id"/>
    <bb_field field_name="otherPocEducationText" data_type="VARCHAR" field_length="100" field_precision="0" descriptiontext="Education (other than what's in MBR_POC_ED) provided to member as a part of POC" doubleclick_uri="" doubleclick="" uppercaseonly="0" field_xref="" field_name_physical="othr_poc_ed_txt"/>
    <bb_field field_name="pathwayCommentText" data_type="VARCHAR" field_length="256" field_precision="0" descriptiontext="Comment text" doubleclick_uri="" doubleclick="" uppercaseonly="0" field_xref="" field_name_physical="commt_txt"/>
    <bb_field field_name="pathWayStateOfIssue" data_type="VARCHAR" field_length="2" field_precision="0" descriptiontext="2 digit state code" doubleclick_uri="" doubleclick="" uppercaseonly="1" field_xref="state" field_name_physical="st_cd"/>
    <bb_field field_name="pocEligibilityType" data_type="VARCHAR" field_length="1" field_precision="0" descriptiontext="poc eligibility type" doubleclick_uri="" doubleclick="" uppercaseonly="0" field_xref="" field_name_physical="poc_elig_typ_id"/>
    <bb_field field_name="pocGoalName" data_type="VARCHAR" field_length="150" field_precision="0" descriptiontext="Plan Of Care Goal Name" doubleclick_uri="" doubleclick="" uppercaseonly="0" field_xref="" field_name_physical="poc_ltg_nm"/>
    <bb_field field_name="pocGoalSeqNum" data_type="SMALLINT" field_length="2" field_precision="0" descriptiontext="Plan of Care Goal Sequence Number" doubleclick_uri="" doubleclick="" uppercaseonly="0" field_xref="" field_name_physical="poc_ltg_seq_nbr"/>
    <bb_field field_name="pocInterventionCareDescription" data_type="VARCHAR" field_length="250" field_precision="0" descriptiontext="POC Intervention Care Description" doubleclick_uri="" doubleclick="" uppercaseonly="0" field_xref="" field_name_physical="poc_intrvn_care_desc"/>
    <bb_field field_name="pocInterventionCareID" data_type="VARCHAR" field_length="10" field_precision="0" descriptiontext="unique id of POC Intervention care (intervention) description" doubleclick_uri="" doubleclick="" uppercaseonly="0" field_xref="" field_name_physical="poc_intrvn_care_id"/>
    <bb_field field_name="pocInterventionCategoryDesc" data_type="VARCHAR" field_length="500" field_precision="0" descriptiontext="detailed description of POC Intervention Category" doubleclick_uri="" doubleclick="" uppercaseonly="0" field_xref="" field_name_physical="poc_intrvn_catgy_desc"/>
    <bb_field field_name="pocInterventionCategoryID" data_type="VARCHAR" field_length="10" field_precision="0" descriptiontext="unique id of poc intervention category." doubleclick_uri="" doubleclick="" uppercaseonly="0" field_xref="" field_name_physical="poc_intrvn_catgy_id"/>
    <bb_field field_name="pocInterventionCategoryName" data_type="VARCHAR" field_length="100" field_precision="0" descriptiontext="poc intervention category name" doubleclick_uri="" doubleclick="" uppercaseonly="0" field_xref="" field_name_physical="poc_intrvn_catgy_nm"/>
    <bb_field field_name="pocInterventionCqmDescription" data_type="VARCHAR" field_length="256" field_precision="0" descriptiontext="Description for the Intervention's Clinical Quality Measures." doubleclick_uri="" doubleclick="" uppercaseonly="0" field_xref="" field_name_physical="poc_intrvn_cqm_desc"/>
    <bb_field field_name="pocInterventionID" data_type="BIGINT" field_length="10" field_precision="0" descriptiontext="Unique ID of POC Intervention" doubleclick_uri="" doubleclick="" uppercaseonly="0" field_xref="" field_name_physical="poc_intrvn_id"/>
    <bb_field field_name="pocInterventionName" data_type="VARCHAR" field_length="100" field_precision="0" descriptiontext="POC Intervention Name" doubleclick_uri="" doubleclick="" uppercaseonly="0" field_xref="" field_name_physical="poc_intrvn_nm"/>
    <bb_field field_name="pocInterventionTargetDesc" data_type="VARCHAR" field_length="500" field_precision="0" descriptiontext="Target Definition" doubleclick_uri="" doubleclick="" uppercaseonly="0" field_xref="" field_name_physical="poc_intrvn_tgt_desc"/>
    <bb_field field_name="pocInterventionTargetID" data_type="VARCHAR" field_length="10" field_precision="0" descriptiontext="unique id of POC Intervention Target" doubleclick_uri="" doubleclick="" uppercaseonly="0" field_xref="" field_name_physical="poc_intrvn_tgt_id"/>
    <bb_field field_name="pocInterventionTargetName" data_type="VARCHAR" field_length="100" field_precision="0" descriptiontext="POC Intervention Target Name" doubleclick_uri="" doubleclick="" uppercaseonly="0" field_xref="" field_name_physical="poc_intrvn_tgt_nm"/>
    <bb_field field_name="pocLongTermGoalID" data_type="INTEGER" field_length="4" field_precision="0" descriptiontext="Plan Of Care Long Term Goal ID" doubleclick_uri="" doubleclick="" uppercaseonly="0" field_xref="" field_name_physical="poc_ltg_id"/>
    <bb_field field_name="pocLongTermGoalName" data_type="VARCHAR" field_length="150" field_precision="0" descriptiontext="Plan Of Care Long Term Goal Name" doubleclick_uri="" doubleclick="" uppercaseonly="0" field_xref="" field_name_physical="poc_ltg_nm"/>
    <bb_field field_name="pocLongTermGoalSourceDesc" data_type="VARCHAR" field_length="250" field_precision="0" descriptiontext="Plan Of Care Long Term Goal Source Description" doubleclick_uri="" doubleclick="" uppercaseonly="0" field_xref="" field_name_physical="poc_ltg_src_desc"/>
    <bb_field field_name="pocProbGoalAssocID" data_type="INTEGER" field_length="6" field_precision="0" descriptiontext="The ID and Primary Key of the poc_prob_goal_assoc table" doubleclick_uri="" doubleclick="" uppercaseonly="0" field_xref="" field_name_physical="poc_prob_goal_assoc_id"/>
    <bb_field field_name="pocProblemID" data_type="VARCHAR" field_length="10" field_precision="0" descriptiontext="Unique ID of POC Problem" doubleclick_uri="" doubleclick="" uppercaseonly="0" field_xref="" field_name_physical="poc_prob_id"/>
    <bb_field field_name="pocProblemName" data_type="VARCHAR" field_length="100" field_precision="0" descriptiontext="POC Problem name" doubleclick_uri="" doubleclick="" uppercaseonly="0" field_xref="" field_name_physical="poc_prob_nm"/>
    <bb_field field_name="pocSignSymptomID" data_type="VARCHAR" field_length="10" field_precision="0" descriptiontext="Unique id of POC Sign and Symptom" doubleclick_uri="" doubleclick="" uppercaseonly="0" field_xref="" field_name_physical="poc_sgn_symp_id"/>
    <bb_field field_name="pocSignSymptomName" data_type="VARCHAR" field_length="100" field_precision="0" descriptiontext="POC Sign and Symptom name" doubleclick_uri="" doubleclick="" uppercaseonly="0" field_xref="" field_name_physical="poc_sgn_symp_nm"/>
    <bb_field field_name="pocShortTermGoalID" data_type="INTEGER" field_length="4" field_precision="0" descriptiontext="Plan of Care Short Term Goal ID" doubleclick_uri="" doubleclick="" uppercaseonly="0" field_xref="" field_name_physical="poc_stg_id"/>
    <bb_field field_name="pocShortTermGoalName" data_type="VARCHAR" field_length="150" field_precision="0" descriptiontext="Plan of Care Short Term Goal Name" doubleclick_uri="" doubleclick="" uppercaseonly="0" field_xref="" field_name_physical="poc_stg_nm"/>
    <bb_field field_name="pocShortTermGoalSourceDesc" data_type="VARCHAR" field_length="250" field_precision="0" descriptiontext="Plan of Care Short Term Goal Source Description" doubleclick_uri="" doubleclick="" uppercaseonly="0" field_xref="" field_name_physical="poc_stg_src_desc"/>
    <bb_field field_name="problemDomainID" data_type="VARCHAR" field_length="10" field_precision="0" descriptiontext="Unique id of POC Problem Domain" doubleclick_uri="" doubleclick="" uppercaseonly="0" field_xref="" field_name_physical="prob_dom_id"/>
    <bb_field field_name="problemDomainDescription" data_type="VARCHAR" field_length="250" field_precision="0" descriptiontext="Detailed description of POC Problem Domain" doubleclick_uri="" doubleclick="" uppercaseonly="0" field_xref="" field_name_physical="prob_dom_desc"/>
    <bb_field field_name="problemDomainName" data_type="VARCHAR" field_length="100" field_precision="0" descriptiontext="POC Problem Domain Name. They are: Environmental, Psychosocial, Physiological, Health-Related Behaviors" doubleclick_uri="" doubleclick="" uppercaseonly="0" field_xref="" field_name_physical="prob_dom_nm"/>
    <bb_field field_name="programPocPathWayTrigID" data_type="INTEGER" field_length="4" field_precision="0" descriptiontext="Pgm Poc PathWay ID" doubleclick_uri="" doubleclick="" uppercaseonly="0" field_xref="" field_name_physical="pgm_poc_pthway_trig_id"/>
    <bb_field field_name="removeFromPlannedListInd" data_type="BOOLEAN" field_length="1" field_precision="0" descriptiontext="Indicates if plan list is to be removed." doubleclick_uri="" doubleclick="" uppercaseonly="0" field_xref="" field_name_physical="remv_from_pln_list_ind"/>
    <bb_field field_name="signSymptomSeqNum" data_type="SMALLINT" field_length="2" field_precision="0" descriptiontext="system generated sequence number that uniquely identify a sign or symptom occurrence for a member POC Problem" doubleclick_uri="" doubleclick="" uppercaseonly="0" field_xref="" field_name_physical="sgn_symp_seq_nbr"/>
    <bb_field field_name="statusProbOutcomeRatingID" data_type="VARCHAR" field_length="20" field_precision="0" descriptiontext="status problem outcome rating id" doubleclick_uri="" doubleclick="" uppercaseonly="0" field_xref="" field_name_physical="sts_prob_otcome_rt_id"/>
    <bb_field field_name="statusProbOutcomeRatingVal" data_type="SMALLINT" field_length="2" field_precision="0" descriptiontext="status problem outcome rating value" doubleclick_uri="" doubleclick="" uppercaseonly="0" field_xref="" field_name_physical="statusProbOutcomeRatingVal"/>
    <bb_field field_name="statusRatingAddDescription" data_type="VARCHAR" field_length="150" field_precision="0" descriptiontext="POC Problem Status Outcome Rating Additional Description" doubleclick_uri="" doubleclick="" uppercaseonly="0" field_xref="" field_name_physical="sts_otcome_rt_add_desc"/>
    <bb_field field_name="statusRatingID" data_type="VARCHAR" field_length="10" field_precision="0" descriptiontext="POC Problem Status Outcome Rating" doubleclick_uri="" doubleclick="" uppercaseonly="0" field_xref="pocOutcomeRatingID" field_name_physical="sts_otcome_rt_id"/>
    <bb_field field_name="targetDate" data_type="DATE" field_length="10" field_precision="0" descriptiontext="Target Date" doubleclick_uri="" doubleclick="" uppercaseonly="0" field_xref="" field_name_physical="tgt_dt"/>
</bb_fieldsList>