<?xml version="1.0" encoding="UTF-8"?>
<bb_tablesList>
    <bb_table table_name="asmtPocDerivationView" descriptiontext="System setting Assessment Poc Derivation view for displaying data to grid(including category, target and care desc and Sign Symptom fields)" voclass="com.optum.app.common.poc.data.AsmtPocDerivationViewVO" daoclass="" daoclassimpl="" auditnotestable="" view_indicator="0" distinct_indicator="0" virtual_indicator="1" under_construction="0" secured="0" logHistory="0" num_pk_index_partitions="0" pk_partitioned_index_name="" db_category="" translatable="0"/>
    <bb_table table_name="mbr_poc" descriptiontext="The plan of care (care plan) is the structure used by all stakeholders, including the patient, to define the management actions for various conditions, problems, or issues identified for the target of the plan." voclass="com.optum.app.common.poc.data.MemberPocVO" daoclass="" daoclassimpl="" auditnotestable="" view_indicator="0" distinct_indicator="0" virtual_indicator="0" under_construction="0" secured="0" logHistory="0" num_pk_index_partitions="0" pk_partitioned_index_name="" db_category="" translatable="0"/>
    <bb_table table_name="mbr_poc_note" descriptiontext="Poc Member  Review Notes" voclass="com.optum.app.common.poc.data.MemberPocNoteVO" daoclass="" daoclassimpl="" auditnotestable="" view_indicator="0" distinct_indicator="0" virtual_indicator="0" under_construction="0" secured="0" logHistory="0" num_pk_index_partitions="0" pk_partitioned_index_name="" db_category="" translatable="0"/>
    <bb_table table_name="mbr_poc_prob" descriptiontext="An issue, gap, need, or risk with a member that prevents optimal health." voclass="com.optum.app.common.poc.data.MemberPocProblemVO" daoclass="" daoclassimpl="" auditnotestable="" view_indicator="0" distinct_indicator="0" virtual_indicator="0" under_construction="0" secured="0" logHistory="1" num_pk_index_partitions="0" pk_partitioned_index_name="" db_category="" translatable="0"/>
    <bb_table table_name="mbr_poc_prob_aud_dtl" descriptiontext="System audit trial of Member POC Problem record changes including who, and when changed what data field and before/after values." voclass="com.optum.app.common.poc.data.MemberPocProblemAuditDetailVO" daoclass="" daoclassimpl="" auditnotestable="" view_indicator="0" distinct_indicator="0" virtual_indicator="0" under_construction="0" secured="0" logHistory="0" num_pk_index_partitions="0" pk_partitioned_index_name="" db_category="" translatable="0"/>
    <bb_table table_name="mbr_poc_prob_intrvn" descriptiontext="A planned and defined action to be taken to add clinical value for the identified Member POC Problem." voclass="com.optum.app.common.poc.data.MemberPocProblemIntvnVO" daoclass="" daoclassimpl="" auditnotestable="" view_indicator="0" distinct_indicator="0" virtual_indicator="0" under_construction="0" secured="0" logHistory="1" num_pk_index_partitions="0" pk_partitioned_index_name="" db_category="" translatable="0"/>
    <bb_table table_name="mbr_poc_prob_intrvn_wrk_hist" descriptiontext="Records of worked Member POC Problem Interventions." voclass="com.optum.app.common.poc.data.MemberPocProblemInterventionWorkHistoryVO" daoclass="" daoclassimpl="" auditnotestable="" view_indicator="0" distinct_indicator="0" virtual_indicator="0" under_construction="0" secured="0" logHistory="0" num_pk_index_partitions="0" pk_partitioned_index_name="" db_category="" translatable="0"/>
    <bb_table table_name="mbr_poc_prob_ltg" descriptiontext="table for problem long term goals" voclass="com.optum.app.common.poc.data.MemberPocProblemLtgVO" daoclass="" daoclassimpl="" auditnotestable="" view_indicator="0" distinct_indicator="0" virtual_indicator="0" under_construction="0" secured="0" logHistory="1" num_pk_index_partitions="0" pk_partitioned_index_name="" db_category="" translatable="0"/>
    <bb_table table_name="mbr_poc_prob_sgn_symp" descriptiontext="Sign and Symptom related to Member POC Problem" voclass="com.optum.app.common.poc.data.MemberPocProblemSnSymVO" daoclass="" daoclassimpl="" auditnotestable="" view_indicator="0" distinct_indicator="0" virtual_indicator="0" under_construction="0" secured="0" logHistory="1" num_pk_index_partitions="0" pk_partitioned_index_name="" db_category="" translatable="0"/>
    <bb_table table_name="mbr_poc_prob_stg" descriptiontext="table for problem long term goals" voclass="com.optum.app.common.poc.data.MemberPocProblemStgVO" daoclass="" daoclassimpl="" auditnotestable="" view_indicator="0" distinct_indicator="0" virtual_indicator="0" under_construction="0" secured="0" logHistory="1" num_pk_index_partitions="0" pk_partitioned_index_name="" db_category="" translatable="0"/>
    <bb_table table_name="mbr_poc_prob_tsk" descriptiontext="Tasks performed for Short Term Goals" voclass="com.optum.app.common.poc.data.MemberPocProblemTaskVO" daoclass="" daoclassimpl="" auditnotestable="" view_indicator="0" distinct_indicator="0" virtual_indicator="0" under_construction="0" secured="0" logHistory="1" num_pk_index_partitions="0" pk_partitioned_index_name="" db_category="" translatable="0"/>
    <bb_table table_name="memberpocinterventionview" descriptiontext="Member POC Problem Intervention view" voclass="com.optum.app.common.poc.data.MemberPocProblemIntvnViewVO" daoclass="" daoclassimpl="" auditnotestable="" view_indicator="0" distinct_indicator="0" virtual_indicator="1" under_construction="0" secured="0" logHistory="0" num_pk_index_partitions="0" pk_partitioned_index_name="" db_category="" translatable="0"/>
    <bb_table table_name="memberpocintrvnworkhistoryview" descriptiontext="View of POC Problem Interventions that have a worked history for a member." voclass="com.optum.app.common.poc.data.MemberPocProblemIntrvnWorkHistoryViewVO" daoclass="" daoclassimpl="" auditnotestable="" view_indicator="0" distinct_indicator="0" virtual_indicator="1" under_construction="0" secured="0" logHistory="0" num_pk_index_partitions="0" pk_partitioned_index_name="" db_category="" translatable="0"/>
    <bb_table table_name="memberpocpathwayview" descriptiontext="member poc pathway view" voclass="com.optum.app.common.poc.data.MemberPocPathWayViewVO" daoclass="" daoclassimpl="" auditnotestable="" view_indicator="0" distinct_indicator="0" virtual_indicator="1" under_construction="0" secured="0" logHistory="0" num_pk_index_partitions="0" pk_partitioned_index_name="" db_category="" translatable="0"/>
    <bb_table table_name="memberpocnotehistoryview" descriptiontext="member poc note history view" voclass="com.optum.app.common.poc.data.MemberPocNoteHistoryViewVO" daoclass="" daoclassimpl="" auditnotestable="" view_indicator="0" distinct_indicator="0" virtual_indicator="1" under_construction="0" secured="0" logHistory="0" num_pk_index_partitions="0" pk_partitioned_index_name="" db_category="" translatable="0"/>
    <bb_table table_name="memberpocproblemhistoryview" descriptiontext="member poc problem history view" voclass="com.optum.app.common.poc.data.MemberPocProblemHistoryViewVO" daoclass="" daoclassimpl="" auditnotestable="" view_indicator="0" distinct_indicator="0" virtual_indicator="1" under_construction="0" secured="0" logHistory="0" num_pk_index_partitions="0" pk_partitioned_index_name="" db_category="" translatable="0"/>
    <bb_table table_name="memberpocproblemgoalview" descriptiontext="This view represents data to be populated in =Goals summary Grid" voclass="com.optum.app.common.poc.data.MemberPocProblemGoalViewVO" daoclass="" daoclassimpl="" auditnotestable="" view_indicator="0" distinct_indicator="0" virtual_indicator="1" under_construction="0" secured="0" logHistory="0" num_pk_index_partitions="0" pk_partitioned_index_name="" db_category="" translatable="0"/>
    <bb_table table_name="memberpocproblemgoalhistview" descriptiontext="This view represents data to be populated in Goals History summary Grid" voclass="com.optum.app.common.poc.data.MemberPocProblemGoalHistoryViewVO" daoclass="" daoclassimpl="" auditnotestable="" view_indicator="0" distinct_indicator="0" virtual_indicator="1" under_construction="0" secured="0" logHistory="0" num_pk_index_partitions="0" pk_partitioned_index_name="" db_category="" translatable="0"/>
    <bb_table table_name="memberpocproblemsummaryview" descriptiontext="member poc problem summary view" voclass="com.optum.app.common.poc.data.MemberPocProblemSummaryViewVO" daoclass="" daoclassimpl="" auditnotestable="" view_indicator="0" distinct_indicator="0" virtual_indicator="1" under_construction="0" secured="0" logHistory="0" num_pk_index_partitions="0" pk_partitioned_index_name="" db_category="" translatable="0"/>
    <bb_table table_name="memberpocproblemsignsympview" descriptiontext="Member POC Signs and Symptoms view" voclass="com.optum.app.common.poc.data.MemberPocProblemSignSympViewVO" daoclass="" daoclassimpl="" auditnotestable="" view_indicator="0" distinct_indicator="0" virtual_indicator="1" under_construction="0" secured="0" logHistory="0" num_pk_index_partitions="0" pk_partitioned_index_name="" db_category="" translatable="0"/>
    <bb_table table_name="memberpocprobintrvnhistoryview" descriptiontext="Member POC Intervention History view" voclass="com.optum.app.common.poc.data.MemberPocProbIntrvnHistoryViewVO" daoclass="" daoclassimpl="" auditnotestable="" view_indicator="0" distinct_indicator="0" virtual_indicator="1" under_construction="0" secured="0" logHistory="0" num_pk_index_partitions="0" pk_partitioned_index_name="" db_category="" translatable="0"/>
    <bb_table table_name="memberpocsignsymphistoryview" descriptiontext="Member POC Signs and Symptoms History view" voclass="com.optum.app.common.poc.data.MemberPocSignSympHistoryViewVO" daoclass="" daoclassimpl="" auditnotestable="" view_indicator="0" distinct_indicator="0" virtual_indicator="1" under_construction="0" secured="0" logHistory="0" num_pk_index_partitions="0" pk_partitioned_index_name="" db_category="" translatable="0"/>
    <bb_table table_name="pgm_poc_pthway_trig" descriptiontext="Poc Pathway Enrollment Trigger information" voclass="com.optum.app.common.poc.data.ProgramPocPathWayTriggerVO" daoclass="" daoclassimpl="" auditnotestable="" view_indicator="0" distinct_indicator="0" virtual_indicator="0" under_construction="0" secured="0" logHistory="0" num_pk_index_partitions="0" pk_partitioned_index_name="" db_category="" translatable="0"/>
    <bb_table table_name="poc_brnd_deriv" descriptiontext="Used to derive logos for AARP SHIP based on policy numbers" voclass="com.optum.app.common.poc.data.PocBrandDerivationVO" daoclass="" daoclassimpl="" auditnotestable="" view_indicator="0" distinct_indicator="0" virtual_indicator="0" under_construction="0" secured="0" logHistory="0" num_pk_index_partitions="0" pk_partitioned_index_name="" db_category="" translatable="0"/>
    <bb_table table_name="poc_intrvn" descriptiontext="A planned and defined action to be taken to add clinical value." voclass="com.optum.app.common.poc.data.PocInterventionVO" daoclass="" daoclassimpl="" auditnotestable="" view_indicator="0" distinct_indicator="0" virtual_indicator="0" under_construction="0" secured="0" logHistory="0" num_pk_index_partitions="0" pk_partitioned_index_name="" db_category="" translatable="0"/>
    <bb_table table_name="poc_intrvn_care_rgn" descriptiontext="A text entry that describes a care intervention in detail." voclass="com.optum.app.common.poc.data.PocInterventionCareRgnVO" daoclass="" daoclassimpl="" auditnotestable="" view_indicator="0" distinct_indicator="0" virtual_indicator="0" under_construction="0" secured="0" logHistory="0" num_pk_index_partitions="0" pk_partitioned_index_name="" db_category="" translatable="0"/>
    <bb_table table_name="poc_intrvn_catgy" descriptiontext="Higher level grouping of POC Intervention." voclass="com.optum.app.common.poc.data.PocInterventionCategoryVO" daoclass="" daoclassimpl="" auditnotestable="" view_indicator="0" distinct_indicator="0" virtual_indicator="0" under_construction="0" secured="0" logHistory="0" num_pk_index_partitions="0" pk_partitioned_index_name="" db_category="" translatable="0"/>
    <bb_table table_name="poc_intrvn_cqm" descriptiontext="New table for Clinical Quality Measures" voclass="com.optum.app.common.poc.data.ClinicalQualityMeasuresVO" daoclass="" daoclassimpl="" auditnotestable="" view_indicator="0" distinct_indicator="0" virtual_indicator="0" under_construction="0" secured="0" logHistory="0" num_pk_index_partitions="0" pk_partitioned_index_name="" db_category="" translatable="0"/>
    <bb_table table_name="poc_intrvn_key_wrd" descriptiontext="POC Intervention key word" voclass="com.optum.app.common.poc.data.PocInterventionKeyWordVO" daoclass="" daoclassimpl="" auditnotestable="" view_indicator="0" distinct_indicator="0" virtual_indicator="0" under_construction="0" secured="0" logHistory="0" num_pk_index_partitions="0" pk_partitioned_index_name="" db_category="" translatable="0"/>
    <bb_table table_name="poc_intrvn_tgt" descriptiontext="Targeted area or theme (health or life style) that POC Intervention trying to address." voclass="com.optum.app.common.poc.data.PocInterventionTargetVO" daoclass="" daoclassimpl="" auditnotestable="" view_indicator="0" distinct_indicator="0" virtual_indicator="0" under_construction="0" secured="0" logHistory="0" num_pk_index_partitions="0" pk_partitioned_index_name="" db_category="" translatable="0"/>
    <bb_table table_name="poc_otcome_rt" descriptiontext="Available quantitative measure of what is the result relative to the goals for the consumer's health condition or cost of care established in POC." voclass="com.optum.app.common.poc.data.PocOutcomeRatingVO" daoclass="" daoclassimpl="" auditnotestable="" view_indicator="0" distinct_indicator="0" virtual_indicator="0" under_construction="0" secured="0" logHistory="0" num_pk_index_partitions="0" pk_partitioned_index_name="" db_category="" translatable="0"/>
    <bb_table table_name="poc_otcome_rt_scl" descriptiontext="Aspect that POC Outcome is to be rated. Omaha System defines 3 scales: Knowledge, Behavior, and Status." voclass="com.optum.app.common.poc.data.PocOutcomeRatingScaleVO" daoclass="" daoclassimpl="" auditnotestable="" view_indicator="0" distinct_indicator="0" virtual_indicator="0" under_construction="0" secured="0" logHistory="0" num_pk_index_partitions="0" pk_partitioned_index_name="" db_category="" translatable="0"/>
    <bb_table table_name="poc_pthway_trig" descriptiontext="Poc PathWay Trigger" voclass="com.optum.app.common.poc.data.PocPathWayTriggerVO" daoclass="" daoclassimpl="" auditnotestable="" view_indicator="0" distinct_indicator="0" virtual_indicator="0" under_construction="0" secured="0" logHistory="0" num_pk_index_partitions="0" pk_partitioned_index_name="" db_category="" translatable="0"/>
    <bb_table table_name="poc_ltg" descriptiontext="Plan of Care Long Term Goal" voclass="com.optum.app.common.poc.data.PlanOfCareLongTermGoalVO" daoclass="" daoclassimpl="" auditnotestable="" view_indicator="0" distinct_indicator="0" virtual_indicator="0" under_construction="0" secured="0" logHistory="0" num_pk_index_partitions="0" pk_partitioned_index_name="" db_category="" translatable="0"/>
    <bb_table table_name="poc_stg" descriptiontext="Plan of Care Short Term Goal" voclass="com.optum.app.common.poc.data.PlanOfCareShortTermGoalVO" daoclass="" daoclassimpl="" auditnotestable="" view_indicator="0" distinct_indicator="0" virtual_indicator="0" under_construction="0" secured="0" logHistory="0" num_pk_index_partitions="0" pk_partitioned_index_name="" db_category="" translatable="0"/>
    <bb_table table_name="poc_prob" descriptiontext="Predefined refernce for issue, gap, need, or risk that may prevent member's optimal health." voclass="com.optum.app.common.poc.data.PocProblemVO" daoclass="" daoclassimpl="" auditnotestable="" view_indicator="0" distinct_indicator="0" virtual_indicator="0" under_construction="0" secured="0" logHistory="0" num_pk_index_partitions="0" pk_partitioned_index_name="" db_category="" translatable="0"/>
    <bb_table table_name="poc_prob_dom" descriptiontext="Higher level grouping of POC Problem. Omaha System defined 4 Domain: Environmental, Psychosocial, Physiological, Health-Related Behaviors" voclass="com.optum.app.common.poc.data.PocProblemDomainVO" daoclass="" daoclassimpl="" auditnotestable="" view_indicator="0" distinct_indicator="0" virtual_indicator="0" under_construction="0" secured="0" logHistory="0" num_pk_index_partitions="0" pk_partitioned_index_name="" db_category="" translatable="0"/>
    <bb_table table_name="poc_prob_goal_assoc" descriptiontext="Table storing information about POC Problem to Long or Short Term Goals Maintenance" voclass="com.optum.app.common.poc.data.PocProblemGoalAssociationVO" daoclass="" daoclassimpl="" auditnotestable="" view_indicator="0" distinct_indicator="0" virtual_indicator="0" under_construction="0" secured="0" logHistory="0" num_pk_index_partitions="0" pk_partitioned_index_name="" db_category="" translatable="0"/>
    <bb_table table_name="poc_prob_key_wrd" descriptiontext="POC problem key word" voclass="com.optum.app.common.poc.data.PocProblemKeyWordVO" daoclass="" daoclassimpl="" auditnotestable="" view_indicator="0" distinct_indicator="0" virtual_indicator="0" under_construction="0" secured="0" logHistory="0" num_pk_index_partitions="0" pk_partitioned_index_name="" db_category="" translatable="0"/>
    <bb_table table_name="pocproblemgoalview" descriptiontext="Associations long term goals and their names" voclass="com.optum.app.common.poc.data.PocProblemGoalViewVO" daoclass="" daoclassimpl="" auditnotestable="" view_indicator="0" distinct_indicator="0" virtual_indicator="1" under_construction="0" secured="0" logHistory="0" num_pk_index_partitions="0" pk_partitioned_index_name="" db_category="" translatable="0"/>
    <bb_table table_name="poc_prob_otcome_rt" descriptiontext="Applicable outcome ratings for specific POC problem and example description of POC problem specific rating." voclass="com.optum.app.common.poc.data.PocProblemOutcomeRatingVO" daoclass="" daoclassimpl="" auditnotestable="" view_indicator="0" distinct_indicator="0" virtual_indicator="0" under_construction="0" secured="0" logHistory="0" num_pk_index_partitions="0" pk_partitioned_index_name="" db_category="" translatable="0"/>
    <bb_table table_name="poc_prob_otcome_rt_intrvn" descriptiontext="Poc problem Outcome Rating Intervention" voclass="com.optum.app.common.poc.data.PocProblemOutcomeRatingInterventionVO" daoclass="" daoclassimpl="" auditnotestable="" view_indicator="0" distinct_indicator="0" virtual_indicator="0" under_construction="0" secured="0" logHistory="0" num_pk_index_partitions="0" pk_partitioned_index_name="" db_category="" translatable="0"/>
    <bb_table table_name="poc_prob_scope_mod" descriptiontext="Reference of POC Problem scope. Omaha System defined 3: individual, family, and community." voclass="com.optum.app.common.poc.data.PocProblemScopeModifierVO" daoclass="" daoclassimpl="" auditnotestable="" view_indicator="0" distinct_indicator="0" virtual_indicator="0" under_construction="0" secured="0" logHistory="0" num_pk_index_partitions="0" pk_partitioned_index_name="" db_category="" translatable="0"/>
    <bb_table table_name="poc_prob_sgn_symp" descriptiontext="Applicable Signs and Symptoms for specific POC Problem" voclass="com.optum.app.common.poc.data.PocProblemSignSymptomVO" daoclass="" daoclassimpl="" auditnotestable="" view_indicator="0" distinct_indicator="0" virtual_indicator="0" under_construction="0" secured="0" logHistory="0" num_pk_index_partitions="0" pk_partitioned_index_name="" db_category="" translatable="0"/>
    <bb_table table_name="poc_prob_urgncy_mod" descriptiontext="Reference POC Problem urgency. Omaha System defined 2: Potential and Actual." voclass="com.optum.app.common.poc.data.PocProblemUrgencyModifierVO" daoclass="" daoclassimpl="" auditnotestable="" view_indicator="0" distinct_indicator="0" virtual_indicator="0" under_construction="0" secured="0" logHistory="0" num_pk_index_partitions="0" pk_partitioned_index_name="" db_category="" translatable="0"/>
    <bb_table table_name="poc_pthway" descriptiontext="Poc PathWay" voclass="com.optum.app.common.poc.data.PocPathWayVO" daoclass="" daoclassimpl="" auditnotestable="" view_indicator="0" distinct_indicator="0" virtual_indicator="0" under_construction="0" secured="0" logHistory="0" num_pk_index_partitions="0" pk_partitioned_index_name="" db_category="" translatable="0"/>
    <bb_table table_name="poc_pthway_intrvn" descriptiontext="Poc PathWay Intervention" voclass="com.optum.app.common.poc.data.PocPathWayInterventionVO" daoclass="" daoclassimpl="" auditnotestable="" view_indicator="0" distinct_indicator="0" virtual_indicator="0" under_construction="0" secured="0" logHistory="0" num_pk_index_partitions="0" pk_partitioned_index_name="" db_category="" translatable="0"/>
    <bb_table table_name="poc_pthway_trig_crit" descriptiontext="Poc PathWay Trigger Criteria" voclass="com.optum.app.common.poc.data.PocPathWayTriggerCriteriaVO" daoclass="" daoclassimpl="" auditnotestable="" view_indicator="0" distinct_indicator="0" virtual_indicator="0" under_construction="0" secured="0" logHistory="0" num_pk_index_partitions="0" pk_partitioned_index_name="" db_category="" translatable="0"/>
    <bb_table table_name="poc_sgn_symp" descriptiontext="Abnormal expression, relevant to a potential medical condition. Omaha System currently defines 336 POC sign and Symptoms." voclass="com.optum.app.common.poc.data.PocSignSymptomVO" daoclass="" daoclassimpl="" auditnotestable="" view_indicator="0" distinct_indicator="0" virtual_indicator="0" under_construction="0" secured="0" logHistory="0" num_pk_index_partitions="0" pk_partitioned_index_name="" db_category="" translatable="0"/>
    <bb_table table_name="pocpathwaymaintenanceview" descriptiontext="POC PathWay Maintenance view" voclass="com.optum.app.common.poc.data.PocPathWayMaintenanceViewVO" daoclass="" daoclassimpl="" auditnotestable="" view_indicator="0" distinct_indicator="0" virtual_indicator="1" under_construction="0" secured="0" logHistory="0" num_pk_index_partitions="0" pk_partitioned_index_name="" db_category="" translatable="0"/>
</bb_tablesList>
