<?xml version="1.0" encoding="UTF-8"?>
<bb_indicesList>
    <bb_index index_name="actv_idx1" sort="1" table_name="actv" field_name="hscID" order_by="ASC" unique_indicator="0" function="" num_partitions="0"/>
    <bb_index index_name="actv_idx10" sort="1" table_name="actv" field_name="engagementID" order_by="ASC" unique_indicator="0" function="" num_partitions="0"/>
    <bb_index index_name="actv_idx11" sort="1" table_name="actv" field_name="communicationTransactionID" order_by="ASC" unique_indicator="0" function="" num_partitions="0"/>
    <bb_index index_name="actv_idx11" sort="2" table_name="actv" field_name="activityType" order_by="ASC" unique_indicator="0" function="" num_partitions="0"/>
    <bb_index index_name="actv_idx12" sort="1" table_name="actv" field_name="recommendationID" order_by="ASC" unique_indicator="0" function="" num_partitions="0"/>
    <bb_index index_name="actv_idx13" sort="1" table_name="actv" field_name="umReviewID" order_by="ASC" unique_indicator="0" function="" num_partitions="0"/>
    <bb_index index_name="actv_idx2" sort="1" table_name="actv" field_name="memberProgramID" order_by="ASC" unique_indicator="0" function="" num_partitions="0"/>
    <bb_index index_name="actv_idx3" sort="1" table_name="actv" field_name="hscID" order_by="ASC" unique_indicator="0" function="" num_partitions="0"/>
    <bb_index index_name="actv_idx3" sort="2" table_name="actv" field_name="activityType" order_by="ASC" unique_indicator="0" function="" num_partitions="0"/>
    <bb_index index_name="actv_idx3" sort="3" table_name="actv" field_name="activityResolutionOutcomeType" order_by="ASC" unique_indicator="0" function="" num_partitions="0"/>
    <bb_index index_name="actv_idx4" sort="1" table_name="actv" field_name="memberProgramID" order_by="ASC" unique_indicator="0" function="" num_partitions="0"/>
    <bb_index index_name="actv_idx4" sort="2" table_name="actv" field_name="activityType" order_by="ASC" unique_indicator="0" function="" num_partitions="0"/>
    <bb_index index_name="actv_idx4" sort="3" table_name="actv" field_name="activityResolutionOutcomeType" order_by="ASC" unique_indicator="0" function="" num_partitions="0"/>
    <bb_index index_name="actv_idx5" sort="1" table_name="actv" field_name="memberID" order_by="ASC" unique_indicator="0" function="" num_partitions="0"/>
    <bb_index index_name="actv_idx6" sort="1" table_name="actv" field_name="communicationTransactionID" order_by="ASC" unique_indicator="0" function="" num_partitions="0"/>
    <bb_index index_name="actv_idx7" sort="1" table_name="actv" field_name="assignmentID" order_by="ASC" unique_indicator="0" function="" num_partitions="0"/>
    <bb_index index_name="actv_idx8" sort="1" table_name="actv" field_name="activityType" order_by="ASC" unique_indicator="0" function="" num_partitions="0"/>
    <bb_index index_name="actv_idx9" sort="1" table_name="actv" field_name="hscID" order_by="ASC" unique_indicator="0" function="" num_partitions="0"/>
    <bb_index index_name="actv_idx9" sort="2" table_name="actv" field_name="communicationTransactionID" order_by="ASC" unique_indicator="0" function="" num_partitions="0"/>
    <bb_index index_name="asgn_aud_dtl_idx1" sort="1" table_name="asgn_aud_dtl" field_name="assignmentID" order_by="ASC" unique_indicator="0" function="" num_partitions="0"/>
    <bb_index index_name="asgn_idx10" sort="1" table_name="asgn" field_name="umReviewID" order_by="ASC" unique_indicator="0" function="" num_partitions="0"/>
    <bb_index index_name="asgn_idx2" sort="1" table_name="asgn" field_name="hscID" order_by="ASC" unique_indicator="0" function="" num_partitions="0"/>
    <bb_index index_name="asgn_idx2" sort="2" table_name="asgn" field_name="assignmentType" order_by="ASC" unique_indicator="0" function="" num_partitions="0"/>
    <bb_index index_name="asgn_idx2" sort="3" table_name="asgn" field_name="assignmentStatusType" order_by="ASC" unique_indicator="0" function="" num_partitions="0"/>
    <bb_index index_name="asgn_idx3" sort="1" table_name="asgn" field_name="assignedToUserID" order_by="ASC" unique_indicator="0" function="" num_partitions="0"/>
    <bb_index index_name="asgn_idx3" sort="2" table_name="asgn" field_name="assignmentStatusType" order_by="ASC" unique_indicator="0" function="" num_partitions="0"/>
    <bb_index index_name="asgn_idx3" sort="3" table_name="asgn" field_name="alternateAssignedToUserID" order_by="ASC" unique_indicator="0" function="" num_partitions="0"/>
    <bb_index index_name="asgn_idx4" sort="1" table_name="asgn" field_name="createFromAssignmentID" order_by="ASC" unique_indicator="0" function="" num_partitions="0"/>
    <bb_index index_name="asgn_idx4" sort="2" table_name="asgn" field_name="assignmentStatusType" order_by="ASC" unique_indicator="0" function="" num_partitions="0"/>
    <bb_index index_name="asgn_idx6" sort="1" table_name="asgn" field_name="memberProgramID" order_by="ASC" unique_indicator="0" function="" num_partitions="0"/>
    <bb_index index_name="asgn_idx6" sort="2" table_name="asgn" field_name="assignmentType" order_by="ASC" unique_indicator="0" function="" num_partitions="0"/>
    <bb_index index_name="asgn_idx6" sort="3" table_name="asgn" field_name="assignmentStatusType" order_by="ASC" unique_indicator="0" function="" num_partitions="0"/>
    <bb_index index_name="asgn_idx7" sort="1" table_name="asgn" field_name="assignedToWorkQueueID" order_by="ASC" unique_indicator="0" function="" num_partitions="0"/>
    <bb_index index_name="asgn_idx7" sort="2" table_name="asgn" field_name="assignmentStatusType" order_by="ASC" unique_indicator="0" function="" num_partitions="0"/>
    <bb_index index_name="asgn_idx8" sort="1" table_name="asgn" field_name="memberID" order_by="ASC" unique_indicator="0" function="" num_partitions="0"/>
    <bb_index index_name="asgn_idx8" sort="2" table_name="asgn" field_name="assignmentType" order_by="ASC" unique_indicator="0" function="" num_partitions="0"/>
    <bb_index index_name="asgn_idx8" sort="3" table_name="asgn" field_name="assignmentStatusType" order_by="ASC" unique_indicator="0" function="" num_partitions="0"/>
    <bb_index index_name="asgn_idx9" sort="1" table_name="asgn" field_name="engagementID" order_by="ASC" unique_indicator="0" function="" num_partitions="0"/>
    <bb_index index_name="asgn_idx9" sort="2" table_name="asgn" field_name="assignmentStatusType" order_by="ASC" unique_indicator="0" function="" num_partitions="0"/>
    <bb_index index_name="prov_clin_adr_idx1" sort="1" table_name="prov_clin_adr" field_name="providerClinicalID" order_by="ASC" unique_indicator="0" function="" num_partitions="0"/>
    <bb_index index_name="prov_clin_adr_idx1" sort="2" table_name="prov_clin_adr" field_name="addressSeqNum" order_by="ASC" unique_indicator="0" function="" num_partitions="0"/>
    <bb_index index_name="prov_clin_adr_idx1" sort="3" table_name="prov_clin_adr" field_name="addressType" order_by="ASC" unique_indicator="0" function="" num_partitions="0"/>
    <bb_index index_name="prov_clin_aud_dtl_idx1" sort="1" table_name="prov_clin_aud_dtl" field_name="providerClinicalID" order_by="ASC" unique_indicator="0" function="" num_partitions="0"/>
    <bb_index index_name="prov_clin_id_idx1" sort="1" table_name="prov_clin_id" field_name="providerClinicalIDText" order_by="ASC" unique_indicator="0" function="" num_partitions="0"/>
    <bb_index index_name="prov_clin_cntc_id_idx1" sort="1" table_name="prov_clin_cntc_id" field_name="providerClinicalIDText" order_by="ASC" unique_indicator="0" function="" num_partitions="0"/>
    <bb_index index_name="prov_clin_evv_srvc_idx1" sort="1" table_name="prov_clin_evv_srvc" field_name="providerClinicalID" order_by="ASC" unique_indicator="0" function="" num_partitions="0"/>
    <bb_index index_name="prov_clin_idx2" sort="1" table_name="prov_clin" field_name="providerClinicalID" order_by="ASC" unique_indicator="0" function="" num_partitions="0"/>
    <bb_index index_name="prov_clin_idx2" sort="2" table_name="prov_clin" field_name="providerCategory" order_by="ASC" unique_indicator="0" function="" num_partitions="0"/>
</bb_indicesList>