<?xml version="1.0" encoding="UTF-8"?>
<bb_tablesList>
    <bb_table table_name="actv" descriptiontext="Designated action taken by a user. This is used for management productivity monitoring and clinical process information capturing." voclass="com.optum.app.common.activity.data.ActivityVO" daoclass="" daoclassimpl="" auditnotestable="" view_indicator="0" distinct_indicator="0" virtual_indicator="0" under_construction="0" secured="0" logHistory="0" num_pk_index_partitions="0" pk_partitioned_index_name="" db_category="" translatable="0"/>
    <bb_table table_name="activityView" descriptiontext="View of activities with reference descriptions" voclass="com.optum.app.common.activity.data.ActivityViewVO" daoclass="" daoclassimpl="" auditnotestable="" view_indicator="0" distinct_indicator="0" virtual_indicator="1" under_construction="0" secured="0" logHistory="0" num_pk_index_partitions="0" pk_partitioned_index_name="" db_category="" translatable="0"/>
    <bb_table table_name="activityHistoryView" descriptiontext="View history of activities with reference descriptions" voclass="com.optum.app.common.activity.data.ActivityHistoryViewVO" daoclass="" daoclassimpl="" auditnotestable="" view_indicator="0" distinct_indicator="0" virtual_indicator="1" under_construction="0" secured="0" logHistory="0" num_pk_index_partitions="0" pk_partitioned_index_name="" db_category="" translatable="0"/>
    <bb_table table_name="activityTrackingHistoryView" descriptiontext="View history of activity tracking with reference descriptions" voclass="com.optum.app.common.activity.data.ActivityTrackingHistoryViewVO" daoclass="" daoclassimpl="" auditnotestable="" view_indicator="0" distinct_indicator="0" virtual_indicator="1" under_construction="0" secured="0" logHistory="0" num_pk_index_partitions="0" pk_partitioned_index_name="" db_category="" translatable="0"/>
    <bb_table table_name="actv_typ" descriptiontext="Designated user action type." voclass="com.optum.app.common.activity.data.ActivityTypeVO" daoclass="" daoclassimpl="" auditnotestable="" view_indicator="0" distinct_indicator="0" virtual_indicator="0" under_construction="0" secured="0" logHistory="0" num_pk_index_partitions="0" pk_partitioned_index_name="" db_category="" translatable="0"/>
    <bb_table table_name="alrt_typ" descriptiontext="User configurable alert type" voclass="com.optum.app.common.alert.data.AlertTypeVO" daoclass="" daoclassimpl="" auditnotestable="" view_indicator="0" distinct_indicator="0" virtual_indicator="0" under_construction="0" secured="0" logHistory="0" num_pk_index_partitions="0" pk_partitioned_index_name="" db_category="MbmDatasource" translatable="0"/>
    <bb_table table_name="asgn" descriptiontext="A piece of work, or a taskPurgeTable that needs to be done for a Member, or a HSC for a Member. Business Rule exists that every active open HSC must have at least one assignment open for it. An Assignment is also the responsibility of (is assigned to) either a specific User or a User Group (e.g. the intake staff/pool)." voclass="com.optum.app.common.assignment.data.AssignmentVO" daoclass="" daoclassimpl="" auditnotestable="asgn_aud_dtl" view_indicator="0" distinct_indicator="0" virtual_indicator="0" under_construction="0" secured="0" logHistory="0" num_pk_index_partitions="0" pk_partitioned_index_name="" db_category="" translatable="0"/>
    <bb_table table_name="asgn_aud_dtl" descriptiontext="Audit table for assignment" voclass="com.optum.app.common.assignment.data.AssignmentAuditDetailVO" daoclass="" daoclassimpl="" auditnotestable="" view_indicator="0" distinct_indicator="0" virtual_indicator="0" under_construction="0" secured="0" logHistory="0" num_pk_index_partitions="0" pk_partitioned_index_name="" db_category="" translatable="0"/>
    <bb_table table_name="asgn_typ" descriptiontext="Designated user to-do action type." voclass="com.optum.app.common.assignment.data.AssignmentTypeVO" daoclass="" daoclassimpl="" auditnotestable="" view_indicator="0" distinct_indicator="0" virtual_indicator="0" under_construction="0" secured="0" logHistory="0" num_pk_index_partitions="0" pk_partitioned_index_name="" db_category="" translatable="0"/>
    <bb_table table_name="assignmentView" descriptiontext="View of assignments with reference descriptions" voclass="com.optum.app.common.assignment.data.AssignmentViewVO" daoclass="" daoclassimpl="" auditnotestable="" view_indicator="0" distinct_indicator="0" virtual_indicator="1" under_construction="0" secured="0" logHistory="0" num_pk_index_partitions="0" pk_partitioned_index_name="" db_category="" translatable="0"/>
    <bb_table table_name="cal_sched" descriptiontext="Calendar Scheduler" voclass="com.optum.app.common.common.data.CalendarScheduleVO" daoclass="" daoclassimpl="" auditnotestable="" view_indicator="0" distinct_indicator="0" virtual_indicator="0" under_construction="0" secured="0" logHistory="0" num_pk_index_partitions="0" pk_partitioned_index_name="" db_category="" translatable="0"/>
    <bb_table table_name="cmnct_trans" descriptiontext="Communication Transaction Data" voclass="com.optum.app.common.activity.data.CommunicationTransactionVO" daoclass="" daoclassimpl="" auditnotestable="" view_indicator="0" distinct_indicator="0" virtual_indicator="0" under_construction="0" secured="0" logHistory="0" num_pk_index_partitions="0" pk_partitioned_index_name="" db_category="" translatable="0"/>
    <bb_table table_name="cntc" descriptiontext="Generic Contact Table" voclass="com.optum.app.common.contact.core.data.ContactVO" daoclass="" daoclassimpl="" auditnotestable="" view_indicator="0" distinct_indicator="0" virtual_indicator="0" under_construction="0" secured="0" logHistory="0" num_pk_index_partitions="0" pk_partitioned_index_name="" db_category="" translatable="0"/>
    <bb_table table_name="cntc_adr" descriptiontext="Generic Contact Address Table" voclass="com.optum.app.common.contact.core.data.ContactAddressVO" daoclass="" daoclassimpl="" auditnotestable="" view_indicator="0" distinct_indicator="0" virtual_indicator="0" under_construction="0" secured="0" logHistory="0" num_pk_index_partitions="0" pk_partitioned_index_name="" db_category="" translatable="0"/>
    <bb_table table_name="cntc_email" descriptiontext="Generic Contact Email Table" voclass="com.optum.app.common.contact.core.data.ContactEmailVO" daoclass="" daoclassimpl="" auditnotestable="" view_indicator="0" distinct_indicator="0" virtual_indicator="0" under_construction="0" secured="0" logHistory="0" num_pk_index_partitions="0" pk_partitioned_index_name="" db_category="" translatable="0"/>
    <bb_table table_name="cntc_email_imp_aud_dtl" descriptiontext="Contact Email Improved Audit Table" voclass="com.optum.app.common.contact.core.data.ContactEmailImprovedAuditDetailVO" daoclass="" daoclassimpl="" auditnotestable="" view_indicator="0" distinct_indicator="0" virtual_indicator="0" under_construction="0" secured="0" logHistory="0" num_pk_index_partitions="0" pk_partitioned_index_name="" db_category="" translatable="0"/>
    <bb_table table_name="cntc_imp_aud_dtl" descriptiontext="Contact Improved Audit Table" voclass="com.optum.app.common.contact.core.data.ContactImprovedAuditDetailVO" daoclass="" daoclassimpl="" auditnotestable="" view_indicator="0" distinct_indicator="0" virtual_indicator="0" under_construction="0" secured="0" logHistory="0" num_pk_index_partitions="0" pk_partitioned_index_name="" db_category="" translatable="0"/>
    <bb_table table_name="cntc_tel" descriptiontext="Generic Contact Telephone Table" voclass="com.optum.app.common.contact.core.data.ContactTelephoneVO" daoclass="" daoclassimpl="" auditnotestable="" view_indicator="0" distinct_indicator="0" virtual_indicator="0" under_construction="0" secured="0" logHistory="0" num_pk_index_partitions="0" pk_partitioned_index_name="" db_category="" translatable="0"/>
    <bb_talbe table_name="cust_atr_num_rng" descriptiontext="Customer Configuration Attributes with Number Ranges" voclass="com.optum.app.common.customer.data.CustomerAttributesNumberRangeVO" daoclass="" daoclassimpl="" auditnotestable="" view_indicator="0" distinct_indicator="0" virtual_indicator="0" under_construction="0" secured="0" logHistory="0" num_pk_index_partitions="0" pk_partitioned_index_name="" db_category="MbmDatasource" translatable="0"/>
    <bb_table table_name="cust_mbr" descriptiontext="Customer Member Table" voclass="com.optum.app.common.customer.data.CustomerMemberVO" daoclass="" daoclassimpl="" auditnotestable="" view_indicator="0" distinct_indicator="0" virtual_indicator="0" under_construction="0" secured="0" logHistory="0" num_pk_index_partitions="0" pk_partitioned_index_name="" db_category="" translatable="0"/>
    <bb_table table_name="cust_prtl_acss_cnfg" descriptiontext="Customer Portal Access Configuration" voclass="com.optum.app.common.customer.data.CustomerPortalAccessConfigVO" daoclass="" daoclassimpl="" auditnotestable="" view_indicator="0" distinct_indicator="0" virtual_indicator="0" under_construction="0" secured="0" logHistory="0" num_pk_index_partitions="0" pk_partitioned_index_name="" db_category="MbmDatasource" translatable="0"/>
    <bb_table table_name="customermemberview" descriptiontext="Customer Member View" voclass="com.optum.app.common.customer.data.CustomerMemberViewVO" daoclass="" daoclassimpl="" auditnotestable="" view_indicator="0" distinct_indicator="0" virtual_indicator="1" under_construction="0" secured="0" logHistory="0" num_pk_index_partitions="0" pk_partitioned_index_name="" db_category="" translatable="0"/>
    <bb_table table_name="dashbd_tile" descriptiontext="Dashboard Tiles" voclass="com.optum.app.common.dashboard.DashboardTileVO" daoclass="" daoclassimpl="" auditnotestable="" view_indicator="0" distinct_indicator="0" virtual_indicator="0" under_construction="0" secured="0" logHistory="0" num_pk_index_partitions="0" pk_partitioned_index_name="" db_category="" translatable="0"/>
    <bb_table table_name="help_text" descriptiontext="Help Text Table" voclass="com.optum.app.common.helptext.data.HelpTextVO" daoclass="" daoclassimpl="" auditnotestable="" view_indicator="0" distinct_indicator="0" virtual_indicator="0" under_construction="0" secured="0" logHistory="0" num_pk_index_partitions="0" pk_partitioned_index_name="" db_category="MbmDatasource" translatable="0"/>
    <bb_table table_name="helptextview" descriptiontext="help text customer view" voclass="com.optum.app.common.helptext.data.HelpTextViewVO" daoclass="" daoclassimpl="" auditnotestable="" view_indicator="0" distinct_indicator="0" virtual_indicator="1" under_construction="0" secured="0" logHistory="0" num_pk_index_partitions="0" pk_partitioned_index_name="" db_category="MbmDatasource" translatable="0"/>
    <bb_table table_name="logo_img" descriptiontext="logo image to be included in external formal communications." voclass="com.optum.app.common.brand.data.LogoImageVO" daoclass="" daoclassimpl="" auditnotestable="" view_indicator="0" distinct_indicator="0" virtual_indicator="0" under_construction="0" secured="0" logHistory="0" num_pk_index_partitions="0" pk_partitioned_index_name="" db_category="MbmDatasource" translatable="0"/>
    <bb_table table_name="note" descriptiontext="Notes table" voclass="com.optum.app.common.note.data.NoteVO" daoclass="" daoclassimpl="" auditnotestable="" view_indicator="0" distinct_indicator="0" virtual_indicator="0" under_construction="0" secured="0" logHistory="0" num_pk_index_partitions="0" pk_partitioned_index_name="" db_category="" translatable="0"/>
    <bb_table table_name="noteview" descriptiontext="Notes view table" voclass="com.optum.app.common.note.data.NoteViewVO" daoclass="" daoclassimpl="" auditnotestable="" view_indicator="0" distinct_indicator="0" virtual_indicator="1" under_construction="0" secured="0" logHistory="0" num_pk_index_partitions="0" pk_partitioned_index_name="" db_category="" translatable="0"/>
    <bb_table table_name="prov_clin" descriptiontext="A physician, hospital, group practice, nursing home, pharmacy, or any individual or group of individual that provide a health care service This table captures clinical generated, modified, or copied from enterprise source (NDB) provider records. For NDB sourced providers, it maintains denormalized provider info. and history of provider info. changes. A true unquie provider is identified by MPIN, or cos_prov_id. The combination of MPIN and fed_tax_id identifies a unique provider location for  facility providers." voclass="com.optum.app.common.provider.data.ProviderClinicalVO" daoclass="" daoclassimpl="" auditnotestable="prov_clin_aud_dtl" view_indicator="0" distinct_indicator="0" virtual_indicator="0" under_construction="0" secured="0" logHistory="0" num_pk_index_partitions="0" pk_partitioned_index_name="" db_category="" translatable="0"/>
    <bb_table table_name="incid" descriptiontext="Critical Incident table to tack incidents connected to a member" voclass="com.optum.app.common.incident.data.CriticalIncidentVO" daoclass="" daoclassimpl="" auditnotestable="" view_indicator="0" distinct_indicator="0" virtual_indicator="0" under_construction="0" secured="0" logHistory="0" num_pk_index_partitions="0" pk_partitioned_index_name="" db_category="" translatable="0"/>
    <bb_table table_name="incid_cntc" descriptiontext="Critical Incident contact table to tack contacts connected to an incident" voclass="com.optum.app.common.incident.data.CriticalIncidentContactVO" daoclass="" daoclassimpl="" auditnotestable="" view_indicator="0" distinct_indicator="0" virtual_indicator="0" under_construction="0" secured="0" logHistory="0" num_pk_index_partitions="0" pk_partitioned_index_name="" db_category="" translatable="0"/>
    <bb_table table_name="incidentview" descriptiontext="Critical Incident View table to track incidents connected to a member, customer and provider" voclass="com.optum.app.common.incident.data.CriticalIncidentViewVO" daoclass="" daoclassimpl="" auditnotestable="" view_indicator="0" distinct_indicator="0" virtual_indicator="1" under_construction="0" secured="0" logHistory="0" num_pk_index_partitions="0" pk_partitioned_index_name="" db_category="" translatable="0"/>
    <bb_table table_name="prov_clin_adr" descriptiontext="clinical generated, modified, or copied from enterprise source (NDB) provider address records" voclass="com.optum.app.common.provider.data.ProviderClinicalAddressVO" daoclass="" daoclassimpl="" auditnotestable="prov_clin_aud_dtl" view_indicator="0" distinct_indicator="0" virtual_indicator="0" under_construction="0" secured="0" logHistory="0" num_pk_index_partitions="0" pk_partitioned_index_name="" db_category="" translatable="0"/>
    <bb_table table_name="prov_clin_aud_dtl" descriptiontext="System audit trial of PROVIDER CLINICAL record changes including who, and when changed what data field and before/after values." voclass="com.optum.app.common.provider.data.ProviderClinicalAuditDetailVO" daoclass="" daoclassimpl="" auditnotestable="" view_indicator="0" distinct_indicator="0" virtual_indicator="0" under_construction="0" secured="0" logHistory="0" num_pk_index_partitions="0" pk_partitioned_index_name="" db_category="" translatable="0"/>
    <bb_table table_name="prov_clin_cntc_adr" descriptiontext="Provider Clinical Contact Address" voclass="com.optum.app.common.provider.data.ProviderClinicalContactAddressVO" daoclass="" daoclassimpl="" auditnotestable="" view_indicator="0" distinct_indicator="0" virtual_indicator="0" under_construction="0" secured="0" logHistory="0" num_pk_index_partitions="0" pk_partitioned_index_name="" db_category="" translatable="0"/>
    <bb_table table_name="prov_clin_cntc_id" descriptiontext="Provider Clinical Contact Identifiers" voclass="com.optum.app.common.provider.data.ProviderClinicalContactIdentifierVO" daoclass="" daoclassimpl="" auditnotestable="" view_indicator="0" distinct_indicator="0" virtual_indicator="0" under_construction="0" secured="0" logHistory="0" num_pk_index_partitions="0" pk_partitioned_index_name="" db_category="" translatable="0"/>
    <bb_table table_name="prov_clin_cntc_rel" descriptiontext="Provider Contact Relationship" voclass="com.optum.app.common.provider.data.ProviderContactRelVO" daoclass="" daoclassimpl="" auditnotestable="" view_indicator="0" distinct_indicator="0" virtual_indicator="0" under_construction="0" secured="0" logHistory="0" num_pk_index_partitions="0" pk_partitioned_index_name="" db_category="" translatable="0"/>
    <bb_table table_name="prov_clin_email" descriptiontext="Email address associated with the provider clinical records, including NDB sourced email and clinically modified/added email, differentiated by email type." voclass="com.optum.app.common.provider.data.ProviderClinicalEmailVO" daoclass="" daoclassimpl="" auditnotestable="prov_clin_aud_dtl" view_indicator="0" distinct_indicator="0" virtual_indicator="0" under_construction="0" secured="0" logHistory="0" num_pk_index_partitions="0" pk_partitioned_index_name="" db_category="" translatable="0"/>
    <bb_table table_name="prov_clin_evv_srvc" descriptiontext="Provider Clinical Evv Service" voclass="com.optum.app.common.provider.data.ProviderClinicalEvvServiceVO" daoclass="" daoclassimpl="" auditnotestable="" view_indicator="0" distinct_indicator="0" virtual_indicator="0" under_construction="0" secured="0" logHistory="0" num_pk_index_partitions="0" pk_partitioned_index_name="" db_category="" translatable="0"/>
    <bb_table table_name="prov_clin_id" descriptiontext="Provider Clinical Identifiers" voclass="com.optum.app.common.provider.data.ProviderClinicalIdentifierVO" daoclass="" daoclassimpl="" auditnotestable="prov_clin_aud_dtl" view_indicator="0" distinct_indicator="0" virtual_indicator="0" under_construction="0" secured="0" logHistory="0" num_pk_index_partitions="0" pk_partitioned_index_name="" db_category="" translatable="0"/>
    <bb_table table_name="prov_clin_prfrm" descriptiontext="Provider Clinical Performance, aka Q&amp;E scores, based on specific condition focus." voclass="com.optum.app.common.provider.data.ProviderClinicalPerformanceVO" daoclass="" daoclassimpl="" auditnotestable="prov_clin_aud_dtl" view_indicator="0" distinct_indicator="0" virtual_indicator="0" under_construction="0" secured="0" logHistory="0" num_pk_index_partitions="0" pk_partitioned_index_name="" db_category="" translatable="0"/>
    <bb_table table_name="prov_clin_sts" descriptiontext="Table constains status conditions for provider" voclass="com.optum.app.common.provider.data.ProviderClinicalStatusVO" daoclass="" daoclassimpl="" auditnotestable="prov_clin_aud_dtl" view_indicator="0" distinct_indicator="0" virtual_indicator="0" under_construction="0" secured="0" logHistory="0" num_pk_index_partitions="0" pk_partitioned_index_name="" db_category="" translatable="0"/>
    <bb_table table_name="prov_clin_tel" descriptiontext="clinical generated, modified, or copied from enterprise source (NDB) provider phone records" voclass="com.optum.app.common.provider.data.ProviderClinicalTelephoneVO" daoclass="" daoclassimpl="" auditnotestable="prov_clin_aud_dtl" view_indicator="0" distinct_indicator="0" virtual_indicator="0" under_construction="0" secured="0" logHistory="0" num_pk_index_partitions="0" pk_partitioned_index_name="" db_category="" translatable="0"/>
    <bb_table table_name="provcustcountyview" descriptiontext="Provider Customer County View Table" voclass="com.optum.app.common.provider.data.ProviderCustomerCountyViewVO" daoclass="" daoclassimpl="" auditnotestable="" view_indicator="0" distinct_indicator="0" virtual_indicator="1" under_construction="0" secured="0" logHistory="0" num_pk_index_partitions="0" pk_partitioned_index_name="" db_category="" translatable="0"/>
    <bb_table table_name="provcustspecialtyview" descriptiontext="Provider Customer Specialty View Table" voclass="com.optum.app.common.provider.data.ProviderCustomerSpecialtyViewVO" daoclass="" daoclassimpl="" auditnotestable="" view_indicator="0" distinct_indicator="0" virtual_indicator="1" under_construction="0" secured="0" logHistory="0" num_pk_index_partitions="0" pk_partitioned_index_name="" db_category="" translatable="0"/>
    <bb_table table_name="providerclinicalview" descriptiontext="Provider Clinical View" voclass="com.optum.app.common.provider.data.ProviderClinicalViewVO" daoclass="" daoclassimpl="" auditnotestable="" view_indicator="0" distinct_indicator="0" virtual_indicator="1" under_construction="0" secured="0" logHistory="0" num_pk_index_partitions="0" pk_partitioned_index_name="" db_category="" translatable="0"/>
    <bb_table table_name="providercustomerview" descriptiontext="Customer Provider View Table" voclass="com.optum.app.common.provider.data.ProviderCustomerViewVO" daoclass="" daoclassimpl="" auditnotestable="" view_indicator="0" distinct_indicator="0" virtual_indicator="1" under_construction="0" secured="0" logHistory="0" num_pk_index_partitions="0" pk_partitioned_index_name="" db_category="" translatable="0"/>
    <bb_table table_name="rpt" descriptiontext="Report Table" voclass="com.optum.app.common.reporting.data.ReportVO" daoclass="" daoclassimpl="" auditnotestable="" view_indicator="0" distinct_indicator="0" virtual_indicator="0" under_construction="0" secured="0" logHistory="0" num_pk_index_partitions="0" pk_partitioned_index_name="" db_category="" translatable="0"/>
    <bb_table table_name="snomed_subset_core_prob_list" descriptiontext="Systematized Nomenclature of Medicine - SNOMED industry standard conditions list" voclass="com.optum.app.common.common.data.SnomedSubsetCoreProbVO" daoclass="" daoclassimpl="" auditnotestable="" view_indicator="0" distinct_indicator="0" virtual_indicator="0" under_construction="0" secured="0" logHistory="0" num_pk_index_partitions="0" pk_partitioned_index_name="" db_category="" translatable="0"/>
    <bb_table table_name="sys_set_asmt_poc_deriv" descriptiontext="This is a configuration table for configuring Assessment Plan of care type" voclass="com.optum.app.common.settings.data.SystemSettingAssessmentPocDerivationVO" daoclass="" daoclassimpl="" auditnotestable="" view_indicator="0" distinct_indicator="0" virtual_indicator="0" under_construction="0" secured="0" logHistory="0" num_pk_index_partitions="0" pk_partitioned_index_name="" db_category="" translatable="0"/>
    <bb_table table_name="unassignedrosterlistview" descriptiontext="Unassigned Roster view" voclass="com.optum.app.common.unassignedroster.data.UnassignedRosterQueueViewVO" daoclass="" daoclassimpl="" auditnotestable="" view_indicator="0" distinct_indicator="0" virtual_indicator="1" under_construction="0" secured="0" logHistory="0" num_pk_index_partitions="0" pk_partitioned_index_name="" db_category="" translatable="0"/>
    <bb_table table_name="user_dashbd" descriptiontext="User Dashboard" voclass="com.optum.app.common.dashboard.UserDashboardVO" daoclass="" daoclassimpl="" auditnotestable="" view_indicator="0" distinct_indicator="0" virtual_indicator="0" under_construction="0" secured="0" logHistory="0" num_pk_index_partitions="0" pk_partitioned_index_name="" db_category="" translatable="0"/>
    <bb_table table_name="dashboardview" descriptiontext="Dashboard View" voclass="com.optum.app.common.dashboard.DashboardViewVO" daoclass="" daoclassimpl="" auditnotestable="" view_indicator="0" distinct_indicator="0" virtual_indicator="1" under_construction="0" secured="0" logHistory="0" num_pk_index_partitions="0" pk_partitioned_index_name="" db_category="" translatable="0"/>
    <bb_table table_name="userdashboardview" descriptiontext="User Dashboard View" voclass="com.optum.app.common.dashboard.UserDashboardViewVO" daoclass="" daoclassimpl="" auditnotestable="" view_indicator="0" distinct_indicator="0" virtual_indicator="1" under_construction="0" secured="0" logHistory="0" num_pk_index_partitions="0" pk_partitioned_index_name="" db_category="" translatable="0"/>
    <bb_table table_name="wrkflw_step" descriptiontext="Workflow control table" voclass="com.optum.app.common.workflow.data.WorkflowStepVO" daoclass="" daoclassimpl="" auditnotestable="" view_indicator="0" distinct_indicator="0" virtual_indicator="0" under_construction="0" secured="0" logHistory="0" num_pk_index_partitions="0" pk_partitioned_index_name="" db_category="" translatable="0"/>
    <bb_table table_name="wrkflw_actn_asgn" descriptiontext="Workflow action assignment table." voclass="com.optum.app.common.workflow.data.WorkflowActionAssignmentVO" daoclass="" daoclassimpl="" auditnotestable="" view_indicator="0" distinct_indicator="0" virtual_indicator="0" under_construction="0" secured="0" logHistory="0" num_pk_index_partitions="0" pk_partitioned_index_name="" db_category="" translatable="0"/>
    <bb_table table_name="wrkflw_step_actn_asgn" descriptiontext="Workflow step action assignment table." voclass="com.optum.app.common.workflow.data.WorkflowStepActionAssignmentVO" daoclass="" daoclassimpl="" auditnotestable="" view_indicator="0" distinct_indicator="0" virtual_indicator="0" under_construction="0" secured="0" logHistory="0" num_pk_index_partitions="0" pk_partitioned_index_name="" db_category="" translatable="0"/>
    <bb_table table_name="wrkflw_step_evnt_asmt_sts" descriptiontext="Workflow step event complete assessment table." voclass="com.optum.app.common.workflow.data.WorkflowStepEventAssessmentStatusVO" daoclass="" daoclassimpl="" auditnotestable="" view_indicator="0" distinct_indicator="0" virtual_indicator="0" under_construction="0" secured="0" logHistory="0" num_pk_index_partitions="0" pk_partitioned_index_name="" db_category="" translatable="0"/>
    <bb_table table_name="wrkflw_step_evnt_pgm_sts" descriptiontext="Workflow step event program status table." voclass="com.optum.app.common.workflow.data.WorkflowEventProgramStatusVO" daoclass="" daoclassimpl="" auditnotestable="" view_indicator="0" distinct_indicator="0" virtual_indicator="0" under_construction="0" secured="0" logHistory="0" num_pk_index_partitions="0" pk_partitioned_index_name="" db_category="" translatable="0"/>
    <bb_table table_name="wrkflw_step_evnt_srvpln_sts" descriptiontext="Workflow step event program status table." voclass="com.optum.app.common.workflow.data.WorkflowStepEventServicePlanStatusVO" daoclass="" daoclassimpl="" auditnotestable="" view_indicator="0" distinct_indicator="0" virtual_indicator="0" under_construction="0" secured="0" logHistory="0" num_pk_index_partitions="0" pk_partitioned_index_name="" db_category="" translatable="0"/>
    <bb_table table_name="workfloweventactionview" descriptiontext="View of wrkflw_step and wrkflw_actn_asgn tables." voclass="com.optum.app.common.workflow.data.WorkflowEventActionViewVO" daoclass="" daoclassimpl="" auditnotestable="" view_indicator="0" distinct_indicator="0" virtual_indicator="1" under_construction="0" secured="0" logHistory="0" num_pk_index_partitions="0" pk_partitioned_index_name="" db_category="" translatable="0"/>
    <bb_table table_name="workflowstepview" descriptiontext="View of wrkflw_step and wrkflw_actn_asgn tables for the workflow list view." voclass="com.optum.app.common.workflow.data.WorkflowStepViewVO" daoclass="" daoclassimpl="" auditnotestable="" view_indicator="0" distinct_indicator="0" virtual_indicator="1" under_construction="0" secured="0" logHistory="0" num_pk_index_partitions="0" pk_partitioned_index_name="" db_category="" translatable="0"/>
    <bb_table table_name="skip_pol_secur" descriptiontext="Skip Policy Security" voclass="com.optum.app.common.policysecurity.data.SkipPolicySecurityVO" daoclass="" daoclassimpl="" auditnotestable="" view_indicator="0" distinct_indicator="0" virtual_indicator="0" under_construction="0" secured="0" logHistory="0" num_pk_index_partitions="0" pk_partitioned_index_name="" db_category="" translatable="0"/>
</bb_tablesList>