<?xml version="1.0" encoding="UTF-8"?>
<bb_viewsList>table_as_name="a"
    <bb_view view_name="activityTrackingHistoryView" table_name="actv" table_as_name="a" field_name="activityID" field_as_name="activityID" key_indicator="1" />
    <bb_view view_name="activityTrackingHistoryView" table_name="actv" table_as_name="a" field_name="activityResolutionOutcomeType" field_as_name="activityResolutionOutcomeType" key_indicator="0" />
    <bb_view view_name="activityTrackingHistoryView" table_name="actv" table_as_name="a" field_name="activityResolutionReasonType" field_as_name="activityResolutionReasonType" key_indicator="0" />
    <bb_view view_name="activityTrackingHistoryView" table_name="actv" table_as_name="a" field_name="activityStartDateTime" field_as_name="activityStartDateTime" key_indicator="0" />
    <bb_view view_name="activityTrackingHistoryView" table_name="actv" table_as_name="a" field_name="activityType" field_as_name="activityType" key_indicator="0"/>
    <bb_view view_name="activityTrackingHistoryView" table_name="actv" table_as_name="a" field_name="changeDateTime" field_as_name="changeDateTime" key_indicator="0"/>
    <bb_view view_name="activityTrackingHistoryView" table_name="actv" table_as_name="a" field_name="changeUserID" field_as_name="changeUserID" key_indicator="0"/>
    <bb_view view_name="activityTrackingHistoryView" table_name="cmnct_trans" table_as_name="c" field_name="contactRoleType" field_as_name="contactRoleType" key_indicator="0"/>
    <bb_view view_name="activityTrackingHistoryView" table_name="actv" table_as_name="a" field_name="createDateTime" field_as_name="createDateTime" key_indicator="0"/>
    <bb_view view_name="activityTrackingHistoryView" table_name="actv" table_as_name="a" field_name="createUserID" field_as_name="createUserID" key_indicator="0"/>
    <bb_view view_name="activityTrackingHistoryView" table_name="actv" table_as_name="a" field_name="externalRefID" field_as_name="externalRefID" key_indicator="0"/>
    <bb_view view_name="activityTrackingHistoryView" table_name="actv" table_as_name="a" field_name="memberID" field_as_name="memberID" key_indicator="0"/>
    <bb_view view_name="activityTrackingHistoryView" table_name="cmnct_trans" table_as_name="c" field_name="communicationTransactionID" field_as_name="communicationTransactionID" key_indicator="0"/>
    <bb_view view_name="activityTrackingHistoryView" table_name="cmnct_trans" table_as_name="c" field_name="contactName" field_as_name="contactName" key_indicator="0"/>
    <bb_view view_name="activityTrackingHistoryView" table_name="cmnct_trans" table_as_name="c" field_name="facilityProviderName" field_as_name="facilityProviderName" key_indicator="0"/>
    <bb_view view_name="activityTrackingHistoryView" table_name="cmnct_trans" table_as_name="c" field_name="communicationDateTime" field_as_name="communicationDateTime" key_indicator="0"/>
    <bb_view view_name="activityTrackingHistoryView" table_name="cmnct_trans" table_as_name="c" field_name="communicationType" field_as_name="communicationType" key_indicator="0"/>
    <bb_view view_name="activityTrackingHistoryView" table_name="cmnct_trans" table_as_name="c" field_name="primaryPhone" field_as_name="primaryPhone" key_indicator="0"/>
    <bb_view view_name="activityTrackingHistoryView" table_name="cmnct_trans" table_as_name="c" field_name="primaryPhoneExt" field_as_name="primaryPhoneExt" key_indicator="0"/>
    <bb_view view_name="activityTrackingHistoryView" table_name="cmnct_trans" table_as_name="c" field_name="primaryPhoneInternationalInd" field_as_name="primaryPhoneInternationalInd" key_indicator="0"/>
    <bb_view view_name="activityTrackingHistoryView" table_name="cmnct_trans" table_as_name="c" field_name="channelSourceType" field_as_name="channelSourceType" key_indicator="0"/>
    <bb_view view_name="activityTrackingHistoryView" table_name="cmnct_trans" table_as_name="c" field_name="facilityProviderNPI" field_as_name="facilityProviderNPI" key_indicator="0"/>
    <bb_view view_name="activityTrackingHistoryView" table_name="cmnct_trans" table_as_name="c" field_name="facilityProviderTIN" field_as_name="facilityProviderTIN" key_indicator="0"/>
    <bb_view view_name="activityTrackingHistoryView" table_name="note" table_as_name="n" field_name="noteTextLargeObject" field_as_name="noteTextLargeObject" key_indicator="0"/>
    <bb_view view_name="activityTrackingHistoryView" table_name="note" table_as_name="n" field_name="noteType" field_as_name="noteType" key_indicator="0"/>
    <bb_view view_name="activityTrackingHistoryView" table_name="user_tbl" table_as_name="u" field_name="firstName" field_as_name="createUserFirstName" key_indicator="0"/>
    <bb_view view_name="activityTrackingHistoryView" table_name="user_tbl" table_as_name="u" field_name="lastName" field_as_name="createUserLastName" key_indicator="0"/>
    <bb_view view_name="activityTrackingHistoryView" table_name="ref" table_as_name="r1" field_name="referenceDesc" field_as_name="activityTypeRefDesc" key_indicator="0"/>
    <bb_view view_name="activityTrackingHistoryView" table_name="ref" table_as_name="r2" field_name="referenceDesc" field_as_name="actvResolutionOutcomeRefDesc" key_indicator="0"/>
    <bb_view view_name="activityTrackingHistoryView" table_name="ref" table_as_name="r6" field_name="referenceDesc" field_as_name="actvResolutionRsnTypeRefDesc" key_indicator="0"/>
    <bb_view view_name="activityTrackingHistoryView" table_name="ref" table_as_name="r4" field_name="referenceDesc" field_as_name="channelSourceTypeRefDesc" key_indicator="0"/>
    <bb_view view_name="activityTrackingHistoryView" table_name="ref" table_as_name="r5" field_name="referenceDesc" field_as_name="communicationTypeRefDesc" key_indicator="0"/>
    <bb_view view_name="activityTrackingHistoryView" table_name="ref" table_as_name="r3" field_name="referenceDesc" field_as_name="contactRoleTypeRefDesc" key_indicator="0"/>
    <bb_view view_name="activityTrackingHistoryView" table_name="cust" table_as_name="cu" field_name="customerShortName" field_as_name="customerShortName" key_indicator="0"/>
    <bb_view view_name="activityTrackingHistoryView" table_name="cust" table_as_name="cu" field_name="organizationID" field_as_name="organizationID" key_indicator="0"/>
</bb_viewsList>
